InvoiceNo,StockCode,Description,Quantity,InvoiceDate,UnitPrice,CustomerID,Country
536365,85123A,WHITE HANGING HEART T-LIGHT HOLDER,6,2010-12-01 08:26:00,2.55,17850.0,United Kingdom
536367,84879,ASSORTED COLOUR BIRD ORNAMENT,32,2010-12-01 08:34:00,1.69,13047.0,United Kingdom
536373,85123A,WHITE HANGING HEART T-LIGHT HOLDER,6,2010-12-01 09:02:00,2.55,17850.0,United Kingdom
536375,85123A,WHITE HANGING HEART T-LIGHT HOLDER,6,2010-12-01 09:32:00,2.55,17850.0,United Kingdom
536378,21212,PACK OF 72 RETROSPOT CAKE CASES,120,2010-12-01 09:37:00,0.42,14688.0,United Kingdom
536390,85123A,WHITE HANGING HEART T-LIGHT HOLDER,64,2010-12-01 10:19:00,2.55,17511.0,United Kingdom
536392,84879,ASSORTED COLOUR BIRD ORNAMENT,16,2010-12-01 10:29:00,1.69,13705.0,United Kingdom
536394,85123A,WHITE HANGING HEART T-LIGHT HOLDER,32,2010-12-01 10:39:00,2.55,13408.0,United Kingdom
536395,84879,ASSORTED COLOUR BIRD ORNAMENT,32,2010-12-01 10:47:00,1.69,13767.0,United Kingdom
536395,21212,PACK OF 72 RETROSPOT CAKE CASES,24,2010-12-01 10:47:00,0.55,13767.0,United Kingdom
536396,85123A,WHITE HANGING HEART T-LIGHT HOLDER,6,2010-12-01 10:51:00,2.55,17850.0,United Kingdom
536401,85123A,WHITE HANGING HEART T-LIGHT HOLDER,4,2010-12-01 11:21:00,2.95,15862.0,United Kingdom
536404,21212,PACK OF 72 RETROSPOT CAKE CASES,24,2010-12-01 11:29:00,0.55,16218.0,United Kingdom
536406,85123A,WHITE HANGING HEART T-LIGHT HOLDER,8,2010-12-01 11:33:00,2.55,17850.0,United Kingdom
536408,84879,ASSORTED COLOUR BIRD ORNAMENT,8,2010-12-01 11:41:00,1.69,14307.0,United Kingdom
536408,21212,PACK OF 72 RETROSPOT CAKE CASES,24,2010-12-01 11:41:00,0.55,14307.0,United Kingdom
536415,22616,PACK OF 12 LONDON TISSUES ,12,2010-12-01 11:57:00,0.29,12838.0,United Kingdom
536415,21212,PACK OF 72 RETROSPOT CAKE CASES,2,2010-12-01 11:57:00,0.55,12838.0,United Kingdom
536460,84879,ASSORTED COLOUR BIRD ORNAMENT,24,2010-12-01 12:22:00,1.69,14849.0,United Kingdom
536464,84879,ASSORTED COLOUR BIRD ORNAMENT,8,2010-12-01 12:23:00,1.69,17968.0,United Kingdom
536464,21212,PACK OF 72 RETROSPOT CAKE CASES,1,2010-12-01 12:23:00,0.55,17968.0,United Kingdom
536464,21212,PACK OF 72 RETROSPOT CAKE CASES,2,2010-12-01 12:23:00,0.55,17968.0,United Kingdom
536500,22616,PACK OF 12 LONDON TISSUES ,12,2010-12-01 12:35:00,0.29,17377.0,United Kingdom
536502,84879,ASSORTED COLOUR BIRD ORNAMENT,16,2010-12-01 12:36:00,1.69,16552.0,United Kingdom
536502,85123A,WHITE HANGING HEART T-LIGHT HOLDER,6,2010-12-01 12:36:00,2.95,16552.0,United Kingdom
536520,85123A,WHITE HANGING HEART T-LIGHT HOLDER,3,2010-12-01 12:43:00,2.95,14729.0,United Kingdom
536528,22616,PACK OF 12 LONDON TISSUES ,1,2010-12-01 13:17:00,0.29,15525.0,United Kingdom
536532,21212,PACK OF 72 RETROSPOT CAKE CASES,24,2010-12-01 13:24:00,0.55,12433.0,Norway
536536,84879,ASSORTED COLOUR BIRD ORNAMENT,80,2010-12-01 13:45:00,1.69,18144.0,United Kingdom
536542,85123A,WHITE HANGING HEART T-LIGHT HOLDER,32,2010-12-01 14:11:00,2.95,16456.0,United Kingdom
536544,22616,PACK OF 12 LONDON TISSUES ,3,2010-12-01 14:32:00,0.85,,United Kingdom
536544,85123A,WHITE HANGING HEART T-LIGHT HOLDER,4,2010-12-01 14:32:00,5.91,,United Kingdom
536544,21212,PACK OF 72 RETROSPOT CAKE CASES,8,2010-12-01 14:32:00,1.28,,United Kingdom
536569,22616,PACK OF 12 LONDON TISSUES ,12,2010-12-01 15:35:00,0.29,16274.0,United Kingdom
536575,85123A,WHITE HANGING HEART T-LIGHT HOLDER,128,2010-12-01 16:01:00,2.55,13777.0,United Kingdom
536576,85123A,WHITE HANGING HEART T-LIGHT HOLDER,128,2010-12-01 16:11:00,2.55,13777.0,United Kingdom
536590,85123A,WHITE HANGING HEART T-LIGHT HOLDER,6,2010-12-01 16:52:00,2.95,13065.0,United Kingdom
536592,21212,PACK OF 72 RETROSPOT CAKE CASES,12,2010-12-01 17:06:00,1.28,,United Kingdom
536592,84879,ASSORTED COLOUR BIRD ORNAMENT,8,2010-12-01 17:06:00,3.19,,United Kingdom
536592,85123A,WHITE HANGING HEART T-LIGHT HOLDER,9,2010-12-01 17:06:00,5.91,,United Kingdom
536594,85123A,WHITE HANGING HEART T-LIGHT HOLDER,6,2010-12-01 17:22:00,2.95,15235.0,United Kingdom
536600,85123A,WHITE HANGING HEART T-LIGHT HOLDER,6,2010-12-02 08:32:00,2.55,17850.0,United Kingdom
536602,85123A,WHITE HANGING HEART T-LIGHT HOLDER,6,2010-12-02 08:34:00,2.55,17850.0,United Kingdom
536607,84879,ASSORTED COLOUR BIRD ORNAMENT,8,2010-12-02 09:29:00,1.69,17732.0,United Kingdom
536607,85123A,WHITE HANGING HEART T-LIGHT HOLDER,6,2010-12-02 09:29:00,2.95,17732.0,United Kingdom
536609,85123A,WHITE HANGING HEART T-LIGHT HOLDER,6,2010-12-02 09:41:00,2.55,17850.0,United Kingdom
536612,85123A,WHITE HANGING HEART T-LIGHT HOLDER,6,2010-12-02 09:44:00,2.55,17850.0,United Kingdom
536620,21212,PACK OF 72 RETROSPOT CAKE CASES,120,2010-12-02 10:27:00,0.42,14135.0,United Kingdom
536624,21212,PACK OF 72 RETROSPOT CAKE CASES,24,2010-12-02 10:45:00,0.55,13418.0,United Kingdom
536628,85123A,WHITE HANGING HEART T-LIGHT HOLDER,6,2010-12-02 10:54:00,2.55,17850.0,United Kingdom
536630,85123A,WHITE HANGING HEART T-LIGHT HOLDER,6,2010-12-02 10:56:00,2.55,17850.0,United Kingdom
536637,21212,PACK OF 72 RETROSPOT CAKE CASES,1,2010-12-02 11:35:00,0.55,18041.0,United Kingdom
536637,22616,PACK OF 12 LONDON TISSUES ,12,2010-12-02 11:35:00,0.29,18041.0,United Kingdom
536681,84879,ASSORTED COLOUR BIRD ORNAMENT,8,2010-12-02 12:22:00,1.69,17287.0,United Kingdom
536685,85123A,WHITE HANGING HEART T-LIGHT HOLDER,12,2010-12-02 12:23:00,2.55,17850.0,United Kingdom
536690,85123A,WHITE HANGING HEART T-LIGHT HOLDER,6,2010-12-02 12:25:00,2.55,17850.0,United Kingdom
536732,21212,PACK OF 72 RETROSPOT CAKE CASES,24,2010-12-02 12:47:00,0.55,15544.0,United Kingdom
536736,22616,PACK OF 12 LONDON TISSUES ,600,2010-12-02 12:59:00,0.29,17381.0,United Kingdom
536741,84879,ASSORTED COLOUR BIRD ORNAMENT,8,2010-12-02 13:11:00,1.69,13117.0,United Kingdom
536749,21212,PACK OF 72 RETROSPOT CAKE CASES,2,2010-12-02 13:49:00,0.55,17976.0,United Kingdom
536749,84879,ASSORTED COLOUR BIRD ORNAMENT,1,2010-12-02 13:49:00,1.69,17976.0,United Kingdom
536749,85123A,WHITE HANGING HEART T-LIGHT HOLDER,1,2010-12-02 13:49:00,2.95,17976.0,United Kingdom
536750,85123A,WHITE HANGING HEART T-LIGHT HOLDER,12,2010-12-02 14:04:00,2.55,17850.0,United Kingdom
536752,85123A,WHITE HANGING HEART T-LIGHT HOLDER,6,2010-12-02 14:06:00,2.55,17850.0,United Kingdom
536763,85123A,WHITE HANGING HEART T-LIGHT HOLDER,12,2010-12-02 14:42:00,2.95,17685.0,United Kingdom
536769,21212,PACK OF 72 RETROSPOT CAKE CASES,24,2010-12-02 14:47:00,0.55,17581.0,United Kingdom
536783,21212,PACK OF 72 RETROSPOT CAKE CASES,120,2010-12-02 15:19:00,0.42,15061.0,United Kingdom
536784,21212,PACK OF 72 RETROSPOT CAKE CASES,120,2010-12-02 15:20:00,0.42,15061.0,United Kingdom
536785,84879,ASSORTED COLOUR BIRD ORNAMENT,320,2010-12-02 15:22:00,1.45,15061.0,United Kingdom
536787,85123A,WHITE HANGING HEART T-LIGHT HOLDER,6,2010-12-02 15:24:00,2.55,17850.0,United Kingdom
536790,85123A,WHITE HANGING HEART T-LIGHT HOLDER,12,2010-12-02 15:26:00,2.95,17850.0,United Kingdom
536795,85123A,WHITE HANGING HEART T-LIGHT HOLDER,32,2010-12-02 15:40:00,2.55,15640.0,United Kingdom
536796,22616,PACK OF 12 LONDON TISSUES ,1,2010-12-02 15:46:00,0.29,15574.0,United Kingdom
536796,84879,ASSORTED COLOUR BIRD ORNAMENT,1,2010-12-02 15:46:00,1.69,15574.0,United Kingdom
536796,84879,ASSORTED COLOUR BIRD ORNAMENT,5,2010-12-02 15:46:00,1.69,15574.0,United Kingdom
536796,22616,PACK OF 12 LONDON TISSUES ,3,2010-12-02 15:46:00,0.29,15574.0,United Kingdom
536804,84879,ASSORTED COLOUR BIRD ORNAMENT,48,2010-12-02 16:34:00,1.69,14031.0,United Kingdom
536824,85123A,WHITE HANGING HEART T-LIGHT HOLDER,160,2010-12-02 17:24:00,2.55,13798.0,United Kingdom
536833,85123A,WHITE HANGING HEART T-LIGHT HOLDER,6,2010-12-02 17:48:00,2.95,18239.0,United Kingdom
536837,85123A,WHITE HANGING HEART T-LIGHT HOLDER,2,2010-12-02 18:15:00,2.95,14395.0,United Kingdom
536839,84879,ASSORTED COLOUR BIRD ORNAMENT,96,2010-12-02 18:25:00,1.69,15093.0,United Kingdom
536840,21212,PACK OF 72 RETROSPOT CAKE CASES,24,2010-12-02 18:27:00,0.55,12738.0,Germany
536841,84879,ASSORTED COLOUR BIRD ORNAMENT,8,2010-12-02 18:27:00,1.69,16150.0,United Kingdom
536857,85123A,WHITE HANGING HEART T-LIGHT HOLDER,2,2010-12-03 10:33:00,2.95,16883.0,United Kingdom
536859,85123A,WHITE HANGING HEART T-LIGHT HOLDER,2,2010-12-03 10:43:00,2.95,12841.0,United Kingdom
536863,85123A,WHITE HANGING HEART T-LIGHT HOLDER,2,2010-12-03 11:19:00,2.95,17967.0,United Kingdom
536876,84879,ASSORTED COLOUR BIRD ORNAMENT,8,2010-12-03 11:36:00,3.19,,United Kingdom
536876,85123A,WHITE HANGING HEART T-LIGHT HOLDER,5,2010-12-03 11:36:00,5.91,,United Kingdom
536876,84879,ASSORTED COLOUR BIRD ORNAMENT,8,2010-12-03 11:36:00,1.69,,United Kingdom
536876,21212,PACK OF 72 RETROSPOT CAKE CASES,4,2010-12-03 11:36:00,1.28,,United Kingdom
536943,84879,ASSORTED COLOUR BIRD ORNAMENT,8,2010-12-03 12:11:00,1.69,17884.0,United Kingdom
536946,84879,ASSORTED COLOUR BIRD ORNAMENT,16,2010-12-03 12:28:00,1.69,13013.0,United Kingdom
536946,21212,PACK OF 72 RETROSPOT CAKE CASES,24,2010-12-03 12:28:00,0.55,13013.0,United Kingdom
536947,21212,PACK OF 72 RETROSPOT CAKE CASES,24,2010-12-03 12:29:00,0.55,13013.0,United Kingdom
536976,85123A,WHITE HANGING HEART T-LIGHT HOLDER,7,2010-12-03 14:18:00,2.95,14723.0,United Kingdom
536982,21212,PACK OF 72 RETROSPOT CAKE CASES,82,2010-12-03 14:27:00,2.13,,United Kingdom
536987,85123A,WHITE HANGING HEART T-LIGHT HOLDER,6,2010-12-03 14:54:00,2.95,17198.0,United Kingdom
536993,85123A,WHITE HANGING HEART T-LIGHT HOLDER,1,2010-12-03 15:19:00,2.95,14396.0,United Kingdom
537026,21212,PACK OF 72 RETROSPOT CAKE CASES,120,2010-12-03 16:35:00,0.42,12395.0,Belgium
537034,22616,PACK OF 12 LONDON TISSUES ,48,2010-12-03 17:20:00,0.29,13081.0,United Kingdom
537036,22616,PACK OF 12 LONDON TISSUES ,12,2010-12-03 17:28:00,0.29,15545.0,United Kingdom
537036,84879,ASSORTED COLOUR BIRD ORNAMENT,8,2010-12-03 17:28:00,1.69,15545.0,United Kingdom
537044,85123A,WHITE HANGING HEART T-LIGHT HOLDER,6,2010-12-05 10:52:00,2.95,18055.0,United Kingdom
537046,85123A,WHITE HANGING HEART T-LIGHT HOLDER,1,2010-12-05 10:58:00,2.95,18109.0,United Kingdom
537051,85123A,WHITE HANGING HEART T-LIGHT HOLDER,3,2010-12-05 11:12:00,2.95,15708.0,United Kingdom
537051,85123A,WHITE HANGING HEART T-LIGHT HOLDER,2,2010-12-05 11:12:00,2.95,15708.0,United Kingdom
537054,85123A,WHITE HANGING HEART T-LIGHT HOLDER,2,2010-12-05 11:40:00,2.95,16931.0,United Kingdom
537054,85123A,WHITE HANGING HEART T-LIGHT HOLDER,1,2010-12-05 11:40:00,2.95,16931.0,United Kingdom
537055,85123A,WHITE HANGING HEART T-LIGHT HOLDER,6,2010-12-05 11:45:00,2.95,16814.0,United Kingdom
537055,84879,ASSORTED COLOUR BIRD ORNAMENT,16,2010-12-05 11:45:00,1.69,16814.0,United Kingdom
537126,85123A,WHITE HANGING HEART T-LIGHT HOLDER,1,2010-12-05 12:13:00,2.95,18118.0,United Kingdom
537126,21212,PACK OF 72 RETROSPOT CAKE CASES,1,2010-12-05 12:13:00,0.55,18118.0,United Kingdom
537126,21212,PACK OF 72 RETROSPOT CAKE CASES,2,2010-12-05 12:13:00,0.55,18118.0,United Kingdom
537127,85123A,WHITE HANGING HEART T-LIGHT HOLDER,128,2010-12-05 12:13:00,2.55,13831.0,United Kingdom
537131,84879,ASSORTED COLOUR BIRD ORNAMENT,16,2010-12-05 12:26:00,1.69,15716.0,United Kingdom
537137,84879,ASSORTED COLOUR BIRD ORNAMENT,13,2010-12-05 12:43:00,1.69,16327.0,United Kingdom
537138,85123A,WHITE HANGING HEART T-LIGHT HOLDER,3,2010-12-05 12:44:00,2.95,17211.0,United Kingdom
537140,22616,PACK OF 12 LONDON TISSUES ,1,2010-12-05 12:53:00,0.29,12748.0,United Kingdom
537144,85123A,WHITE HANGING HEART T-LIGHT HOLDER,1,2010-12-05 13:00:00,2.95,15880.0,United Kingdom
537176,21212,PACK OF 72 RETROSPOT CAKE CASES,3,2010-12-05 13:26:00,0.55,16411.0,United Kingdom
537179,84879,ASSORTED COLOUR BIRD ORNAMENT,32,2010-12-05 13:29:00,1.69,13767.0,United Kingdom
537196,84879,ASSORTED COLOUR BIRD ORNAMENT,4,2010-12-05 13:55:00,1.69,15426.0,United Kingdom
537199,22616,PACK OF 12 LONDON TISSUES ,12,2010-12-05 14:06:00,0.29,15894.0,United Kingdom
537199,21212,PACK OF 72 RETROSPOT CAKE CASES,3,2010-12-05 14:06:00,0.55,15894.0,United Kingdom
537204,84879,ASSORTED COLOUR BIRD ORNAMENT,8,2010-12-05 14:45:00,1.69,15555.0,United Kingdom
537205,84879,ASSORTED COLOUR BIRD ORNAMENT,8,2010-12-05 14:52:00,1.69,13034.0,United Kingdom
537208,84879,ASSORTED COLOUR BIRD ORNAMENT,8,2010-12-05 15:12:00,1.69,15889.0,United Kingdom
537210,85123A,WHITE HANGING HEART T-LIGHT HOLDER,32,2010-12-05 15:15:00,2.55,15953.0,United Kingdom
537210,84879,ASSORTED COLOUR BIRD ORNAMENT,8,2010-12-05 15:15:00,1.69,15953.0,United Kingdom
537215,84879,ASSORTED COLOUR BIRD ORNAMENT,16,2010-12-05 15:38:00,1.69,12747.0,United Kingdom
537219,21212,PACK OF 72 RETROSPOT CAKE CASES,12,2010-12-05 15:47:00,0.55,14081.0,United Kingdom
537224,85123A,WHITE HANGING HEART T-LIGHT HOLDER,12,2010-12-05 16:24:00,2.95,13174.0,United Kingdom
537227,21212,PACK OF 72 RETROSPOT CAKE CASES,120,2010-12-06 08:42:00,0.42,17677.0,United Kingdom
537237,21212,PACK OF 72 RETROSPOT CAKE CASES,11,2010-12-06 09:58:00,1.28,,United Kingdom
537237,22616,PACK OF 12 LONDON TISSUES ,3,2010-12-06 09:58:00,0.85,,United Kingdom
537237,84879,ASSORTED COLOUR BIRD ORNAMENT,16,2010-12-06 09:58:00,3.19,,United Kingdom
537237,85123A,WHITE HANGING HEART T-LIGHT HOLDER,2,2010-12-06 09:58:00,5.91,,United Kingdom
537239,85123A,WHITE HANGING HEART T-LIGHT HOLDER,6,2010-12-06 10:05:00,2.95,18219.0,United Kingdom
537239,84879,ASSORTED COLOUR BIRD ORNAMENT,8,2010-12-06 10:05:00,1.69,18219.0,United Kingdom
537240,22616,PACK OF 12 LONDON TISSUES ,2,2010-12-06 10:08:00,0.85,,United Kingdom
537240,21212,PACK OF 72 RETROSPOT CAKE CASES,5,2010-12-06 10:08:00,1.28,,United Kingdom
537240,85123A,WHITE HANGING HEART T-LIGHT HOLDER,9,2010-12-06 10:08:00,5.91,,United Kingdom
537242,85123A,WHITE HANGING HEART T-LIGHT HOLDER,6,2010-12-06 10:19:00,2.95,14748.0,United Kingdom
537301,85123A,WHITE HANGING HEART T-LIGHT HOLDER,4,2010-12-06 11:38:00,2.95,15860.0,United Kingdom
537332,85123A,WHITE HANGING HEART T-LIGHT HOLDER,24,2010-12-06 11:58:00,2.95,14344.0,United Kingdom
537334,85123A,WHITE HANGING HEART T-LIGHT HOLDER,6,2010-12-06 12:06:00,2.95,16719.0,United Kingdom
537346,84879,ASSORTED COLOUR BIRD ORNAMENT,24,2010-12-06 12:21:00,1.69,15301.0,United Kingdom
537362,22616,PACK OF 12 LONDON TISSUES ,1,2010-12-06 12:34:00,0.29,17596.0,United Kingdom
537362,84879,ASSORTED COLOUR BIRD ORNAMENT,8,2010-12-06 12:34:00,1.69,17596.0,United Kingdom
537371,22616,PACK OF 12 LONDON TISSUES ,48,2010-12-06 12:47:00,0.29,15028.0,United Kingdom
537388,85123A,WHITE HANGING HEART T-LIGHT HOLDER,12,2010-12-06 13:35:00,2.95,17682.0,United Kingdom
537393,85123A,WHITE HANGING HEART T-LIGHT HOLDER,32,2010-12-06 13:59:00,2.55,13089.0,United Kingdom
537393,84879,ASSORTED COLOUR BIRD ORNAMENT,48,2010-12-06 13:59:00,1.69,13089.0,United Kingdom
537395,85123A,WHITE HANGING HEART T-LIGHT HOLDER,2,2010-12-06 14:05:00,2.95,15356.0,United Kingdom
537396,84879,ASSORTED COLOUR BIRD ORNAMENT,2,2010-12-06 14:08:00,1.69,17223.0,United Kingdom
537396,84879,ASSORTED COLOUR BIRD ORNAMENT,8,2010-12-06 14:08:00,1.69,17223.0,United Kingdom
537399,22616,PACK OF 12 LONDON TISSUES ,12,2010-12-06 14:31:00,0.29,13030.0,United Kingdom
537400,85123A,WHITE HANGING HEART T-LIGHT HOLDER,6,2010-12-06 14:36:00,2.95,17191.0,United Kingdom
537419,85123A,WHITE HANGING HEART T-LIGHT HOLDER,32,2010-12-06 15:14:00,2.55,13495.0,United Kingdom
537421,84879,ASSORTED COLOUR BIRD ORNAMENT,8,2010-12-06 15:25:00,1.69,17218.0,United Kingdom
537424,85123A,WHITE HANGING HEART T-LIGHT HOLDER,6,2010-12-06 15:35:00,2.95,15602.0,United Kingdom
537433,84879,ASSORTED COLOUR BIRD ORNAMENT,8,2010-12-06 16:36:00,1.69,12913.0,United Kingdom
537434,21212,PACK OF 72 RETROSPOT CAKE CASES,5,2010-12-06 16:57:00,1.28,,United Kingdom
537434,22616,PACK OF 12 LONDON TISSUES ,3,2010-12-06 16:57:00,0.85,,United Kingdom
537434,85123A,WHITE HANGING HEART T-LIGHT HOLDER,14,2010-12-06 16:57:00,5.91,,United Kingdom
537440,22616,PACK OF 12 LONDON TISSUES ,12,2010-12-06 17:16:00,0.29,17869.0,United Kingdom
537446,85123A,WHITE HANGING HEART T-LIGHT HOLDER,6,2010-12-07 09:13:00,2.95,18055.0,United Kingdom
537457,84879,ASSORTED COLOUR BIRD ORNAMENT,160,2010-12-07 09:51:00,1.45,17511.0,United Kingdom
537457,85123A,WHITE HANGING HEART T-LIGHT HOLDER,32,2010-12-07 09:51:00,2.55,17511.0,United Kingdom
537460,85123A,WHITE HANGING HEART T-LIGHT HOLDER,128,2010-12-07 10:04:00,2.55,17616.0,United Kingdom
537463,21212,PACK OF 72 RETROSPOT CAKE CASES,24,2010-12-07 10:08:00,0.55,12681.0,France
537464,84879,ASSORTED COLOUR BIRD ORNAMENT,8,2010-12-07 10:14:00,1.69,14907.0,United Kingdom
537484,85123A,WHITE HANGING HEART T-LIGHT HOLDER,32,2010-12-07 11:30:00,2.55,14733.0,United Kingdom
537523,85123A,WHITE HANGING HEART T-LIGHT HOLDER,6,2010-12-07 11:45:00,2.95,14176.0,United Kingdom
537592,84879,ASSORTED COLOUR BIRD ORNAMENT,64,2010-12-07 12:18:00,1.69,17491.0,United Kingdom
537601,84879,ASSORTED COLOUR BIRD ORNAMENT,7,2010-12-07 12:43:00,1.69,17287.0,United Kingdom
537603,21212,PACK OF 72 RETROSPOT CAKE CASES,24,2010-12-07 12:49:00,0.55,14673.0,United Kingdom
537604,21212,PACK OF 72 RETROSPOT CAKE CASES,24,2010-12-07 13:01:00,0.55,13488.0,United Kingdom
537604,84879,ASSORTED COLOUR BIRD ORNAMENT,8,2010-12-07 13:01:00,1.69,13488.0,United Kingdom
537604,85123A,WHITE HANGING HEART T-LIGHT HOLDER,32,2010-12-07 13:01:00,2.55,13488.0,United Kingdom
537605,85123A,WHITE HANGING HEART T-LIGHT HOLDER,5,2010-12-07 13:13:00,2.95,16221.0,United Kingdom
537606,85123A,WHITE HANGING HEART T-LIGHT HOLDER,19,2010-12-07 13:16:00,2.95,15002.0,United Kingdom
537607,85123A,WHITE HANGING HEART T-LIGHT HOLDER,6,2010-12-07 13:18:00,2.95,15965.0,United Kingdom
537608,84879,ASSORTED COLOUR BIRD ORNAMENT,16,2010-12-07 13:20:00,1.69,15024.0,United Kingdom
537612,85123A,WHITE HANGING HEART T-LIGHT HOLDER,6,2010-12-07 13:28:00,2.95,13769.0,United Kingdom
537618,21212,PACK OF 72 RETROSPOT CAKE CASES,48,2010-12-07 13:50:00,0.42,15061.0,United Kingdom
537619,85123A,WHITE HANGING HEART T-LIGHT HOLDER,32,2010-12-07 13:53:00,2.55,13786.0,United Kingdom
537622,22616,PACK OF 12 LONDON TISSUES ,12,2010-12-07 14:30:00,0.29,13173.0,United Kingdom
537629,84879,ASSORTED COLOUR BIRD ORNAMENT,8,2010-12-07 15:03:00,1.69,17419.0,United Kingdom
537629,21212,PACK OF 72 RETROSPOT CAKE CASES,24,2010-12-07 15:03:00,0.55,17419.0,United Kingdom
537638,21212,PACK OF 72 RETROSPOT CAKE CASES,6,2010-12-07 15:28:00,1.28,,United Kingdom
537638,22616,PACK OF 12 LONDON TISSUES ,2,2010-12-07 15:28:00,0.85,,United Kingdom
537638,85123A,WHITE HANGING HEART T-LIGHT HOLDER,4,2010-12-07 15:28:00,5.91,,United Kingdom
537640,21212,PACK OF 72 RETROSPOT CAKE CASES,104,2010-12-07 15:31:00,2.13,,United Kingdom
537646,21212,PACK OF 72 RETROSPOT CAKE CASES,1,2010-12-07 15:39:00,0.55,17591.0,United Kingdom
537650,85123A,WHITE HANGING HEART T-LIGHT HOLDER,12,2010-12-07 15:48:00,2.95,16125.0,United Kingdom
537655,85123A,WHITE HANGING HEART T-LIGHT HOLDER,6,2010-12-07 16:20:00,2.95,15081.0,United Kingdom
537666,22616,PACK OF 12 LONDON TISSUES ,1,2010-12-07 18:36:00,0.85,,United Kingdom
537666,85123A,WHITE HANGING HEART T-LIGHT HOLDER,5,2010-12-07 18:36:00,5.91,,United Kingdom
537666,21212,PACK OF 72 RETROSPOT CAKE CASES,6,2010-12-07 18:36:00,1.28,,United Kingdom
537669,85123A,WHITE HANGING HEART T-LIGHT HOLDER,12,2010-12-08 08:58:00,2.95,16863.0,United Kingdom
537674,21212,PACK OF 72 RETROSPOT CAKE CASES,24,2010-12-08 09:51:00,0.55,15628.0,United Kingdom
537674,85123A,WHITE HANGING HEART T-LIGHT HOLDER,6,2010-12-08 09:51:00,2.95,15628.0,United Kingdom
537683,21212,PACK OF 72 RETROSPOT CAKE CASES,24,2010-12-08 10:14:00,0.55,12921.0,United Kingdom
537689,22616,PACK OF 12 LONDON TISSUES ,24,2010-12-08 10:36:00,0.29,15750.0,United Kingdom
537691,84879,ASSORTED COLOUR BIRD ORNAMENT,8,2010-12-08 10:39:00,1.69,13842.0,United Kingdom
537692,21212,PACK OF 72 RETROSPOT CAKE CASES,4,2010-12-08 10:40:00,0.55,14796.0,United Kingdom
537754,85123A,WHITE HANGING HEART T-LIGHT HOLDER,3,2010-12-08 11:16:00,2.95,16081.0,United Kingdom
537755,85123A,WHITE HANGING HEART T-LIGHT HOLDER,32,2010-12-08 11:31:00,2.55,16525.0,United Kingdom
537764,84879,ASSORTED COLOUR BIRD ORNAMENT,3,2010-12-08 12:06:00,1.69,16893.0,United Kingdom
537764,85123A,WHITE HANGING HEART T-LIGHT HOLDER,1,2010-12-08 12:06:00,2.95,16893.0,United Kingdom
537769,85123A,WHITE HANGING HEART T-LIGHT HOLDER,1,2010-12-08 12:17:00,2.95,15021.0,United Kingdom
537769,85123A,WHITE HANGING HEART T-LIGHT HOLDER,2,2010-12-08 12:17:00,2.95,15021.0,United Kingdom
537772,21212,PACK OF 72 RETROSPOT CAKE CASES,2,2010-12-08 12:35:00,0.55,18043.0,United Kingdom
537773,85123A,WHITE HANGING HEART T-LIGHT HOLDER,1,2010-12-08 12:36:00,2.95,16016.0,United Kingdom
537781,84879,ASSORTED COLOUR BIRD ORNAMENT,8,2010-12-08 12:46:00,1.69,17341.0,United Kingdom
537781,84879,ASSORTED COLOUR BIRD ORNAMENT,8,2010-12-08 12:46:00,1.69,17341.0,United Kingdom
537789,22616,PACK OF 12 LONDON TISSUES ,48,2010-12-08 12:49:00,0.29,14051.0,United Kingdom
537795,85123A,WHITE HANGING HEART T-LIGHT HOLDER,12,2010-12-08 13:03:00,2.95,17213.0,United Kingdom
537819,21212,PACK OF 72 RETROSPOT CAKE CASES,24,2010-12-08 13:55:00,0.55,15298.0,United Kingdom
537823,84879,ASSORTED COLOUR BIRD ORNAMENT,8,2010-12-08 14:25:00,3.19,,United Kingdom
537823,85123A,WHITE HANGING HEART T-LIGHT HOLDER,2,2010-12-08 14:25:00,5.91,,United Kingdom
537823,21212,PACK OF 72 RETROSPOT CAKE CASES,8,2010-12-08 14:25:00,1.28,,United Kingdom
537823,22616,PACK OF 12 LONDON TISSUES ,1,2010-12-08 14:25:00,0.85,,United Kingdom
537828,85123A,WHITE HANGING HEART T-LIGHT HOLDER,12,2010-12-08 14:43:00,2.95,15680.0,United Kingdom
537828,84879,ASSORTED COLOUR BIRD ORNAMENT,8,2010-12-08 14:43:00,1.69,15680.0,United Kingdom
537829,21212,PACK OF 72 RETROSPOT CAKE CASES,24,2010-12-08 14:46:00,0.55,15498.0,United Kingdom
537831,85123A,WHITE HANGING HEART T-LIGHT HOLDER,6,2010-12-08 14:50:00,2.95,17894.0,United Kingdom
537842,85123A,WHITE HANGING HEART T-LIGHT HOLDER,5,2010-12-08 15:12:00,2.95,13140.0,United Kingdom
537842,84879,ASSORTED COLOUR BIRD ORNAMENT,8,2010-12-08 15:12:00,1.69,13140.0,United Kingdom
537843,85123A,WHITE HANGING HEART T-LIGHT HOLDER,12,2010-12-08 15:16:00,2.95,15713.0,United Kingdom
537852,84879,ASSORTED COLOUR BIRD ORNAMENT,32,2010-12-08 15:56:00,1.69,17340.0,United Kingdom
537852,22616,PACK OF 12 LONDON TISSUES ,12,2010-12-08 15:56:00,0.29,17340.0,United Kingdom
537864,22616,PACK OF 12 LONDON TISSUES ,24,2010-12-08 16:34:00,0.29,16700.0,United Kingdom
537864,84879,ASSORTED COLOUR BIRD ORNAMENT,8,2010-12-08 16:34:00,1.69,16700.0,United Kingdom
537866,85123A,WHITE HANGING HEART T-LIGHT HOLDER,32,2010-12-08 16:45:00,2.55,17655.0,United Kingdom
537867,85123A,WHITE HANGING HEART T-LIGHT HOLDER,12,2010-12-08 16:48:00,2.95,16717.0,United Kingdom
537868,21212,PACK OF 72 RETROSPOT CAKE CASES,24,2010-12-08 16:49:00,0.55,12433.0,Norway
537879,85123A,WHITE HANGING HEART T-LIGHT HOLDER,6,2010-12-09 08:34:00,2.95,14243.0,United Kingdom
537889,84879,ASSORTED COLOUR BIRD ORNAMENT,32,2010-12-09 10:04:00,1.69,13319.0,United Kingdom
537898,85123A,WHITE HANGING HEART T-LIGHT HOLDER,10,2010-12-09 10:42:00,2.95,17377.0,United Kingdom
537900,84879,ASSORTED COLOUR BIRD ORNAMENT,32,2010-12-09 10:45:00,1.69,15983.0,United Kingdom
537955,85123A,WHITE HANGING HEART T-LIGHT HOLDER,14,2010-12-09 11:28:00,2.95,16782.0,United Kingdom
537963,85123A,WHITE HANGING HEART T-LIGHT HOLDER,12,2010-12-09 11:30:00,2.95,13369.0,United Kingdom
538006,85123A,WHITE HANGING HEART T-LIGHT HOLDER,32,2010-12-09 12:13:00,2.55,14987.0,United Kingdom
538009,21212,PACK OF 72 RETROSPOT CAKE CASES,24,2010-12-09 12:17:00,0.55,14911.0,EIRE
538011,21212,PACK OF 72 RETROSPOT CAKE CASES,6,2010-12-09 12:24:00,0.55,14896.0,United Kingdom
538032,85123A,WHITE HANGING HEART T-LIGHT HOLDER,6,2010-12-09 12:59:00,2.95,14479.0,United Kingdom
538035,85123A,WHITE HANGING HEART T-LIGHT HOLDER,8,2010-12-09 13:03:00,2.95,16065.0,United Kingdom
538035,21212,PACK OF 72 RETROSPOT CAKE CASES,1,2010-12-09 13:03:00,0.55,16065.0,United Kingdom
538035,21212,PACK OF 72 RETROSPOT CAKE CASES,2,2010-12-09 13:03:00,0.55,16065.0,United Kingdom
538053,85123A,WHITE HANGING HEART T-LIGHT HOLDER,32,2010-12-09 13:34:00,2.55,15856.0,United Kingdom
538057,22616,PACK OF 12 LONDON TISSUES ,24,2010-12-09 13:38:00,0.29,13102.0,United Kingdom
538064,85123A,WHITE HANGING HEART T-LIGHT HOLDER,8,2010-12-09 13:47:00,2.95,15271.0,United Kingdom
538065,85123A,WHITE HANGING HEART T-LIGHT HOLDER,32,2010-12-09 13:57:00,2.55,13982.0,United Kingdom
538071,21212,PACK OF 72 RETROSPOT CAKE CASES,12,2010-12-09 14:09:00,1.28,,United Kingdom
538071,22616,PACK OF 12 LONDON TISSUES ,1,2010-12-09 14:09:00,0.85,,United Kingdom
538071,85123A,WHITE HANGING HEART T-LIGHT HOLDER,7,2010-12-09 14:09:00,5.91,,United Kingdom
538076,21212,PACK OF 72 RETROSPOT CAKE CASES,3,2010-12-09 14:15:00,0.55,15311.0,United Kingdom
538078,21212,PACK OF 72 RETROSPOT CAKE CASES,24,2010-12-09 14:25:00,0.55,16255.0,United Kingdom
538079,84879,ASSORTED COLOUR BIRD ORNAMENT,24,2010-12-09 14:27:00,1.69,17671.0,United Kingdom
538086,85123A,WHITE HANGING HEART T-LIGHT HOLDER,14,2010-12-09 14:44:00,2.95,12872.0,United Kingdom
538086,84879,ASSORTED COLOUR BIRD ORNAMENT,16,2010-12-09 14:44:00,1.69,12872.0,United Kingdom
538095,85123A,WHITE HANGING HEART T-LIGHT HOLDER,1,2010-12-09 14:55:00,2.95,17097.0,Spain
538145,85123A,WHITE HANGING HEART T-LIGHT HOLDER,6,2010-12-09 16:08:00,2.95,15211.0,United Kingdom
538157,85123A,WHITE HANGING HEART T-LIGHT HOLDER,4,2010-12-09 16:57:00,2.95,17576.0,United Kingdom
538166,85123A,WHITE HANGING HEART T-LIGHT HOLDER,3,2010-12-09 18:09:00,2.95,17965.0,United Kingdom
538168,21212,PACK OF 72 RETROSPOT CAKE CASES,5,2010-12-09 19:23:00,0.55,14702.0,United Kingdom
538170,84879,ASSORTED COLOUR BIRD ORNAMENT,16,2010-12-09 19:32:00,1.69,13969.0,United Kingdom
538174,21212,PACK OF 72 RETROSPOT CAKE CASES,24,2010-12-10 09:35:00,0.55,12471.0,Germany
538176,85123A,WHITE HANGING HEART T-LIGHT HOLDER,64,2010-12-10 09:48:00,2.55,17675.0,United Kingdom
538177,21212,PACK OF 72 RETROSPOT CAKE CASES,3,2010-12-10 09:51:00,1.28,,United Kingdom
538177,22616,PACK OF 12 LONDON TISSUES ,4,2010-12-10 09:51:00,0.85,,United Kingdom
538177,84879,ASSORTED COLOUR BIRD ORNAMENT,16,2010-12-10 09:51:00,3.19,,United Kingdom
538177,85123A,WHITE HANGING HEART T-LIGHT HOLDER,1,2010-12-10 09:51:00,5.91,,United Kingdom
538182,85123A,WHITE HANGING HEART T-LIGHT HOLDER,6,2010-12-10 10:18:00,2.95,17827.0,United Kingdom
538186,85123A,WHITE HANGING HEART T-LIGHT HOLDER,12,2010-12-10 10:26:00,2.95,13000.0,United Kingdom
538190,85123A,WHITE HANGING HEART T-LIGHT HOLDER,5,2010-12-10 10:47:00,2.95,17790.0,United Kingdom
538191,21212,PACK OF 72 RETROSPOT CAKE CASES,120,2010-12-10 10:49:00,0.42,15061.0,United Kingdom
538196,84879,ASSORTED COLOUR BIRD ORNAMENT,120,2010-12-10 10:56:00,1.69,12731.0,France
538198,22616,PACK OF 12 LONDON TISSUES ,12,2010-12-10 11:01:00,0.29,17827.0,United Kingdom
538198,85123A,WHITE HANGING HEART T-LIGHT HOLDER,3,2010-12-10 11:01:00,2.95,17827.0,United Kingdom
538203,21212,PACK OF 72 RETROSPOT CAKE CASES,24,2010-12-10 11:21:00,0.55,13767.0,United Kingdom
538206,84879,ASSORTED COLOUR BIRD ORNAMENT,8,2010-12-10 11:31:00,1.69,17827.0,United Kingdom
538210,21212,PACK OF 72 RETROSPOT CAKE CASES,24,2010-12-10 11:44:00,0.55,14256.0,United Kingdom
538248,22616,PACK OF 12 LONDON TISSUES ,12,2010-12-10 12:14:00,0.29,18116.0,United Kingdom
538248,85123A,WHITE HANGING HEART T-LIGHT HOLDER,4,2010-12-10 12:14:00,2.95,18116.0,United Kingdom
538250,85123A,WHITE HANGING HEART T-LIGHT HOLDER,8,2010-12-10 12:20:00,2.95,18118.0,United Kingdom
538252,85123A,WHITE HANGING HEART T-LIGHT HOLDER,32,2010-12-10 12:29:00,2.55,16019.0,United Kingdom
538260,85123A,WHITE HANGING HEART T-LIGHT HOLDER,6,2010-12-10 12:42:00,2.95,18178.0,United Kingdom
538296,84879,ASSORTED COLOUR BIRD ORNAMENT,8,2010-12-10 13:06:00,1.69,13148.0,United Kingdom
538296,85123A,WHITE HANGING HEART T-LIGHT HOLDER,6,2010-12-10 13:06:00,2.95,13148.0,United Kingdom
538308,21212,PACK OF 72 RETROSPOT CAKE CASES,24,2010-12-10 13:29:00,0.55,14107.0,United Kingdom
538312,85123A,WHITE HANGING HEART T-LIGHT HOLDER,6,2010-12-10 13:48:00,2.95,16727.0,United Kingdom
538349,21212,PACK OF 72 RETROSPOT CAKE CASES,10,2010-12-10 14:59:00,1.28,,United Kingdom
538349,22616,PACK OF 12 LONDON TISSUES ,1,2010-12-10 14:59:00,0.85,,United Kingdom
538349,85123A,WHITE HANGING HEART T-LIGHT HOLDER,12,2010-12-10 14:59:00,5.91,,United Kingdom
538351,21212,PACK OF 72 RETROSPOT CAKE CASES,113,2010-12-10 15:17:00,2.13,,United Kingdom
538353,21212,PACK OF 72 RETROSPOT CAKE CASES,120,2010-12-10 15:31:00,0.42,13798.0,United Kingdom
538354,21212,PACK OF 72 RETROSPOT CAKE CASES,24,2010-12-10 15:45:00,0.55,16873.0,United Kingdom
538356,22616,PACK OF 12 LONDON TISSUES ,24,2010-12-10 15:56:00,0.29,14062.0,United Kingdom
538367,22616,PACK OF 12 LONDON TISSUES ,12,2010-12-12 10:48:00,0.29,14800.0,United Kingdom
538369,22616,PACK OF 12 LONDON TISSUES ,12,2010-12-12 11:06:00,0.29,17251.0,United Kingdom
538370,85123A,WHITE HANGING HEART T-LIGHT HOLDER,3,2010-12-12 11:06:00,2.95,16923.0,United Kingdom
538374,85123A,WHITE HANGING HEART T-LIGHT HOLDER,2,2010-12-12 11:17:00,2.95,14159.0,United Kingdom
538379,85123A,WHITE HANGING HEART T-LIGHT HOLDER,1,2010-12-12 11:26:00,2.95,17126.0,United Kingdom
538379,85123A,WHITE HANGING HEART T-LIGHT HOLDER,2,2010-12-12 11:26:00,2.95,17126.0,United Kingdom
538403,85123A,WHITE HANGING HEART T-LIGHT HOLDER,6,2010-12-12 11:46:00,2.95,17211.0,United Kingdom
538409,84879,ASSORTED COLOUR BIRD ORNAMENT,16,2010-12-12 11:49:00,1.69,17236.0,United Kingdom
538418,22616,PACK OF 12 LONDON TISSUES ,12,2010-12-12 12:00:00,0.29,17372.0,United Kingdom
538418,21212,PACK OF 72 RETROSPOT CAKE CASES,2,2010-12-12 12:00:00,0.55,17372.0,United Kingdom
538437,85123A,WHITE HANGING HEART T-LIGHT HOLDER,3,2010-12-12 12:18:00,2.95,16010.0,United Kingdom
538449,85123A,WHITE HANGING HEART T-LIGHT HOLDER,6,2010-12-12 12:24:00,2.95,17085.0,United Kingdom
538473,85123A,WHITE HANGING HEART T-LIGHT HOLDER,3,2010-12-12 12:35:00,2.95,13668.0,United Kingdom
538497,85123A,WHITE HANGING HEART T-LIGHT HOLDER,1,2010-12-12 12:44:00,2.95,14684.0,United Kingdom
538508,85123A,WHITE HANGING HEART T-LIGHT HOLDER,6,2010-12-12 13:32:00,2.95,15998.0,United Kingdom
538510,84879,ASSORTED COLOUR BIRD ORNAMENT,1,2010-12-12 13:47:00,1.69,18004.0,United Kingdom
538514,85123A,WHITE HANGING HEART T-LIGHT HOLDER,6,2010-12-12 14:27:00,2.95,15044.0,United Kingdom
538517,21212,PACK OF 72 RETROSPOT CAKE CASES,3,2010-12-12 16:05:00,0.55,17618.0,United Kingdom
538518,84879,ASSORTED COLOUR BIRD ORNAMENT,8,2010-12-12 16:14:00,1.69,14505.0,United Kingdom
538518,85123A,WHITE HANGING HEART T-LIGHT HOLDER,3,2010-12-12 16:14:00,2.95,14505.0,United Kingdom
538524,21212,PACK OF 72 RETROSPOT CAKE CASES,6,2010-12-13 09:35:00,1.28,,United Kingdom
538524,22616,PACK OF 12 LONDON TISSUES ,1,2010-12-13 09:35:00,0.85,,United Kingdom
538524,84879,ASSORTED COLOUR BIRD ORNAMENT,8,2010-12-13 09:35:00,3.19,,United Kingdom
538524,85123A,WHITE HANGING HEART T-LIGHT HOLDER,27,2010-12-13 09:35:00,5.91,,United Kingdom
538529,85123A,WHITE HANGING HEART T-LIGHT HOLDER,12,2010-12-13 10:24:00,2.95,14290.0,United Kingdom
538532,85123A,WHITE HANGING HEART T-LIGHT HOLDER,6,2010-12-13 10:31:00,2.95,13209.0,United Kingdom
538533,85123A,WHITE HANGING HEART T-LIGHT HOLDER,32,2010-12-13 10:31:00,2.55,14796.0,United Kingdom
538537,84879,ASSORTED COLOUR BIRD ORNAMENT,24,2010-12-13 10:41:00,1.69,12747.0,United Kingdom
538566,21212,PACK OF 72 RETROSPOT CAKE CASES,1,2010-12-13 11:21:00,1.28,,United Kingdom
538566,84879,ASSORTED COLOUR BIRD ORNAMENT,8,2010-12-13 11:21:00,3.19,,United Kingdom
538566,85123A,WHITE HANGING HEART T-LIGHT HOLDER,7,2010-12-13 11:21:00,5.91,,United Kingdom
538576,84879,ASSORTED COLOUR BIRD ORNAMENT,8,2010-12-13 11:29:00,1.69,14498.0,United Kingdom
538592,85123A,WHITE HANGING HEART T-LIGHT HOLDER,4,2010-12-13 11:47:00,2.95,15854.0,United Kingdom
538596,85123A,WHITE HANGING HEART T-LIGHT HOLDER,6,2010-12-13 12:10:00,2.95,17990.0,United Kingdom
538626,85123A,WHITE HANGING HEART T-LIGHT HOLDER,13,2010-12-13 12:57:00,2.95,17338.0,United Kingdom
538633,21212,PACK OF 72 RETROSPOT CAKE CASES,1,2010-12-13 13:28:00,0.55,16726.0,United Kingdom
538634,85123A,WHITE HANGING HEART T-LIGHT HOLDER,4,2010-12-13 13:28:00,2.95,14085.0,United Kingdom
538635,21212,PACK OF 72 RETROSPOT CAKE CASES,1,2010-12-13 13:32:00,0.55,17303.0,United Kingdom
538635,85123A,WHITE HANGING HEART T-LIGHT HOLDER,2,2010-12-13 13:32:00,2.95,17303.0,United Kingdom
538638,84879,ASSORTED COLOUR BIRD ORNAMENT,10,2010-12-13 14:16:00,1.69,17231.0,United Kingdom
538641,21212,PACK OF 72 RETROSPOT CAKE CASES,24,2010-12-13 14:36:00,0.55,15640.0,United Kingdom
538641,85123A,WHITE HANGING HEART T-LIGHT HOLDER,32,2010-12-13 14:36:00,2.55,15640.0,United Kingdom
538646,84879,ASSORTED COLOUR BIRD ORNAMENT,16,2010-12-13 14:55:00,1.69,17293.0,United Kingdom
538652,84879,ASSORTED COLOUR BIRD ORNAMENT,8,2010-12-13 15:12:00,1.69,17890.0,United Kingdom
538664,85123A,WHITE HANGING HEART T-LIGHT HOLDER,64,2010-12-13 15:46:00,2.55,14733.0,United Kingdom
538671,85123A,WHITE HANGING HEART T-LIGHT HOLDER,32,2010-12-13 16:38:00,2.55,15777.0,United Kingdom
538679,22616,PACK OF 12 LONDON TISSUES ,12,2010-12-13 17:03:00,0.29,16455.0,United Kingdom
538683,85123A,WHITE HANGING HEART T-LIGHT HOLDER,96,2010-12-13 17:40:00,2.55,14525.0,United Kingdom
538707,85123A,WHITE HANGING HEART T-LIGHT HOLDER,5,2010-12-14 10:38:00,2.95,17894.0,United Kingdom
538710,85123A,WHITE HANGING HEART T-LIGHT HOLDER,12,2010-12-14 10:48:00,2.95,18075.0,United Kingdom
538744,85123A,WHITE HANGING HEART T-LIGHT HOLDER,4,2010-12-14 11:26:00,2.95,15356.0,United Kingdom
538799,21212,PACK OF 72 RETROSPOT CAKE CASES,1,2010-12-14 11:48:00,0.55,15039.0,United Kingdom
538799,85123A,WHITE HANGING HEART T-LIGHT HOLDER,4,2010-12-14 11:48:00,2.95,15039.0,United Kingdom
538800,85123A,WHITE HANGING HEART T-LIGHT HOLDER,6,2010-12-14 11:51:00,2.95,16458.0,United Kingdom
538808,22616,PACK OF 12 LONDON TISSUES ,60,2010-12-14 12:11:00,0.29,14057.0,United Kingdom
538814,84879,ASSORTED COLOUR BIRD ORNAMENT,8,2010-12-14 12:30:00,1.69,15983.0,United Kingdom
538815,84879,ASSORTED COLOUR BIRD ORNAMENT,8,2010-12-14 12:30:00,1.69,18219.0,United Kingdom
538826,85123A,WHITE HANGING HEART T-LIGHT HOLDER,64,2010-12-14 12:58:00,2.55,12370.0,Cyprus
538826,84879,ASSORTED COLOUR BIRD ORNAMENT,24,2010-12-14 12:58:00,1.69,12370.0,Cyprus
538827,85123A,WHITE HANGING HEART T-LIGHT HOLDER,32,2010-12-14 12:59:00,2.55,14298.0,United Kingdom
538831,84879,ASSORTED COLOUR BIRD ORNAMENT,160,2010-12-14 13:02:00,1.45,18144.0,United Kingdom
538832,84879,ASSORTED COLOUR BIRD ORNAMENT,16,2010-12-14 13:03:00,1.69,17158.0,United Kingdom
538832,85123A,WHITE HANGING HEART T-LIGHT HOLDER,6,2010-12-14 13:03:00,2.95,17158.0,United Kingdom
538836,84879,ASSORTED COLOUR BIRD ORNAMENT,4,2010-12-14 13:09:00,1.69,12748.0,United Kingdom
538849,85123A,WHITE HANGING HEART T-LIGHT HOLDER,10,2010-12-14 13:31:00,2.95,14415.0,United Kingdom
538851,21212,PACK OF 72 RETROSPOT CAKE CASES,24,2010-12-14 13:32:00,0.55,16556.0,United Kingdom
538851,85123A,WHITE HANGING HEART T-LIGHT HOLDER,32,2010-12-14 13:32:00,2.55,16556.0,United Kingdom
538852,85123A,WHITE HANGING HEART T-LIGHT HOLDER,10,2010-12-14 13:33:00,2.95,17372.0,United Kingdom
538877,21212,PACK OF 72 RETROSPOT CAKE CASES,110,2010-12-14 15:29:00,2.13,,United Kingdom
538879,21212,PACK OF 72 RETROSPOT CAKE CASES,48,2010-12-14 15:50:00,0.55,15392.0,United Kingdom
538890,84879,ASSORTED COLOUR BIRD ORNAMENT,8,2010-12-14 16:39:00,1.69,12867.0,United Kingdom
538890,21212,PACK OF 72 RETROSPOT CAKE CASES,5,2010-12-14 16:39:00,0.55,12867.0,United Kingdom
538902,84879,ASSORTED COLOUR BIRD ORNAMENT,40,2010-12-15 10:04:00,1.69,14150.0,United Kingdom
538903,84879,ASSORTED COLOUR BIRD ORNAMENT,8,2010-12-15 10:17:00,1.69,13496.0,United Kingdom
538910,85123A,WHITE HANGING HEART T-LIGHT HOLDER,6,2010-12-15 10:54:00,2.95,17454.0,United Kingdom
538942,85123A,WHITE HANGING HEART T-LIGHT HOLDER,1,2010-12-15 11:14:00,2.95,17346.0,United Kingdom
538951,85123A,WHITE HANGING HEART T-LIGHT HOLDER,4,2010-12-15 11:26:00,2.95,16782.0,United Kingdom
538991,85123A,WHITE HANGING HEART T-LIGHT HOLDER,32,2010-12-15 11:53:00,2.55,17511.0,United Kingdom
538991,21212,PACK OF 72 RETROSPOT CAKE CASES,120,2010-12-15 11:53:00,0.42,17511.0,United Kingdom
538992,84879,ASSORTED COLOUR BIRD ORNAMENT,8,2010-12-15 11:56:00,1.69,15950.0,United Kingdom
538995,85123A,WHITE HANGING HEART T-LIGHT HOLDER,32,2010-12-15 12:05:00,2.55,13458.0,United Kingdom
538995,84879,ASSORTED COLOUR BIRD ORNAMENT,24,2010-12-15 12:05:00,1.69,13458.0,United Kingdom
539007,85123A,WHITE HANGING HEART T-LIGHT HOLDER,6,2010-12-15 13:00:00,2.95,17894.0,United Kingdom
539010,85123A,WHITE HANGING HEART T-LIGHT HOLDER,2,2010-12-15 13:24:00,2.95,15005.0,United Kingdom
539016,21212,PACK OF 72 RETROSPOT CAKE CASES,48,2010-12-15 13:49:00,0.55,13418.0,United Kingdom
539019,85123A,WHITE HANGING HEART T-LIGHT HOLDER,4,2010-12-15 14:12:00,2.95,17551.0,United Kingdom
539030,85123A,WHITE HANGING HEART T-LIGHT HOLDER,24,2010-12-15 14:25:00,2.95,13089.0,United Kingdom
539034,85123A,WHITE HANGING HEART T-LIGHT HOLDER,1,2010-12-15 14:29:00,2.95,16161.0,United Kingdom
539039,84879,ASSORTED COLOUR BIRD ORNAMENT,40,2010-12-15 15:00:00,1.69,13124.0,United Kingdom
539044,21212,PACK OF 72 RETROSPOT CAKE CASES,24,2010-12-15 15:47:00,0.55,15727.0,United Kingdom
539046,21212,PACK OF 72 RETROSPOT CAKE CASES,1,2010-12-15 15:50:00,0.55,17980.0,United Kingdom
539075,21212,PACK OF 72 RETROSPOT CAKE CASES,1,2010-12-15 17:28:00,0.55,17189.0,United Kingdom
539079,85123A,WHITE HANGING HEART T-LIGHT HOLDER,12,2010-12-16 08:39:00,2.95,17496.0,United Kingdom
539085,84879,ASSORTED COLOUR BIRD ORNAMENT,48,2010-12-16 09:35:00,1.45,12748.0,United Kingdom
539088,85123A,WHITE HANGING HEART T-LIGHT HOLDER,32,2010-12-16 09:45:00,2.55,13093.0,United Kingdom
539089,85123A,WHITE HANGING HEART T-LIGHT HOLDER,6,2010-12-16 09:46:00,2.95,15246.0,United Kingdom
539103,85123A,WHITE HANGING HEART T-LIGHT HOLDER,96,2010-12-16 10:38:00,2.55,16985.0,United Kingdom
539103,84879,ASSORTED COLOUR BIRD ORNAMENT,40,2010-12-16 10:38:00,1.69,16985.0,United Kingdom
539105,85123A,WHITE HANGING HEART T-LIGHT HOLDER,12,2010-12-16 10:43:00,2.95,14825.0,United Kingdom
539109,85123A,WHITE HANGING HEART T-LIGHT HOLDER,500,2010-12-16 11:07:00,2.55,16013.0,United Kingdom
539112,84879,ASSORTED COLOUR BIRD ORNAMENT,8,2010-12-16 11:15:00,1.69,13468.0,United Kingdom
539196,84879,ASSORTED COLOUR BIRD ORNAMENT,16,2010-12-16 12:09:00,1.69,18055.0,United Kingdom
539196,85123A,WHITE HANGING HEART T-LIGHT HOLDER,12,2010-12-16 12:09:00,2.95,18055.0,United Kingdom
539212,85123A,WHITE HANGING HEART T-LIGHT HOLDER,6,2010-12-16 12:20:00,2.95,17146.0,United Kingdom
539225,84879,ASSORTED COLOUR BIRD ORNAMENT,24,2010-12-16 13:02:00,1.69,15379.0,United Kingdom
539225,85123A,WHITE HANGING HEART T-LIGHT HOLDER,12,2010-12-16 13:02:00,2.95,15379.0,United Kingdom
539243,85123A,WHITE HANGING HEART T-LIGHT HOLDER,4,2010-12-16 13:21:00,2.95,18116.0,United Kingdom
539245,22616,PACK OF 12 LONDON TISSUES ,1,2010-12-16 13:25:00,0.29,,United Kingdom
539254,22616,PACK OF 12 LONDON TISSUES ,48,2010-12-16 14:25:00,0.29,13199.0,United Kingdom
539282,85123A,WHITE HANGING HEART T-LIGHT HOLDER,12,2010-12-16 15:45:00,2.95,16770.0,United Kingdom
539283,85123A,WHITE HANGING HEART T-LIGHT HOLDER,12,2010-12-16 15:47:00,2.95,14092.0,United Kingdom
539290,85123A,WHITE HANGING HEART T-LIGHT HOLDER,6,2010-12-16 16:36:00,2.95,16271.0,United Kingdom
539293,84879,ASSORTED COLOUR BIRD ORNAMENT,24,2010-12-16 16:42:00,1.69,18223.0,United Kingdom
539314,85123A,WHITE HANGING HEART T-LIGHT HOLDER,32,2010-12-16 18:20:00,2.55,13874.0,United Kingdom
539317,85123A,WHITE HANGING HEART T-LIGHT HOLDER,4,2010-12-16 19:04:00,2.95,17392.0,United Kingdom
539317,85123A,WHITE HANGING HEART T-LIGHT HOLDER,3,2010-12-16 19:04:00,2.95,17392.0,United Kingdom
539318,22616,PACK OF 12 LONDON TISSUES ,72,2010-12-16 19:09:00,0.29,12348.0,Finland
539320,85123A,WHITE HANGING HEART T-LIGHT HOLDER,24,2010-12-16 19:16:00,2.95,14911.0,EIRE
539321,85123A,WHITE HANGING HEART T-LIGHT HOLDER,2,2010-12-16 19:19:00,2.95,14723.0,United Kingdom
539321,85123A,WHITE HANGING HEART T-LIGHT HOLDER,3,2010-12-16 19:19:00,2.95,14723.0,United Kingdom
539325,85123A,WHITE HANGING HEART T-LIGHT HOLDER,6,2010-12-17 08:20:00,2.95,13004.0,United Kingdom
539326,84879,ASSORTED COLOUR BIRD ORNAMENT,8,2010-12-17 09:22:00,1.69,14560.0,United Kingdom
539338,21212,PACK OF 72 RETROSPOT CAKE CASES,240,2010-12-17 10:54:00,0.55,17404.0,Sweden
539353,85123A,WHITE HANGING HEART T-LIGHT HOLDER,6,2010-12-17 11:30:00,2.95,12782.0,Portugal
539414,85123A,WHITE HANGING HEART T-LIGHT HOLDER,3,2010-12-17 13:45:00,2.95,16931.0,United Kingdom
539434,84879,ASSORTED COLOUR BIRD ORNAMENT,8,2010-12-17 14:41:00,3.19,,United Kingdom
539434,85123A,WHITE HANGING HEART T-LIGHT HOLDER,4,2010-12-17 14:41:00,5.91,,United Kingdom
539434,21212,PACK OF 72 RETROSPOT CAKE CASES,3,2010-12-17 14:41:00,1.28,,United Kingdom
539434,22616,PACK OF 12 LONDON TISSUES ,1,2010-12-17 14:41:00,0.85,,United Kingdom
539436,21212,PACK OF 72 RETROSPOT CAKE CASES,1,2010-12-17 14:49:00,1.28,,United Kingdom
539436,84879,ASSORTED COLOUR BIRD ORNAMENT,8,2010-12-17 14:49:00,3.19,,United Kingdom
539436,85123A,WHITE HANGING HEART T-LIGHT HOLDER,9,2010-12-17 14:49:00,5.91,,United Kingdom
539437,21212,PACK OF 72 RETROSPOT CAKE CASES,4,2010-12-17 14:54:00,1.28,,United Kingdom
539437,22616,PACK OF 12 LONDON TISSUES ,1,2010-12-17 14:54:00,0.85,,United Kingdom
539437,85123A,WHITE HANGING HEART T-LIGHT HOLDER,7,2010-12-17 14:54:00,5.91,,United Kingdom
539439,85123A,WHITE HANGING HEART T-LIGHT HOLDER,6,2010-12-17 15:14:00,2.95,13869.0,United Kingdom
539439,84879,ASSORTED COLOUR BIRD ORNAMENT,8,2010-12-17 15:14:00,1.69,13869.0,United Kingdom
539450,85123A,WHITE HANGING HEART T-LIGHT HOLDER,6,2010-12-17 16:53:00,2.95,15570.0,United Kingdom
539451,84879,ASSORTED COLOUR BIRD ORNAMENT,8,2010-12-17 16:59:00,3.19,,United Kingdom
539451,85123A,WHITE HANGING HEART T-LIGHT HOLDER,1,2010-12-17 16:59:00,5.91,,United Kingdom
539451,21212,PACK OF 72 RETROSPOT CAKE CASES,1,2010-12-17 16:59:00,1.28,,United Kingdom
539451,22616,PACK OF 12 LONDON TISSUES ,2,2010-12-17 16:59:00,0.85,,United Kingdom
539453,22616,PACK OF 12 LONDON TISSUES ,7,2010-12-17 17:08:00,0.85,,United Kingdom
539453,85123A,WHITE HANGING HEART T-LIGHT HOLDER,5,2010-12-17 17:08:00,5.91,,United Kingdom
539454,22616,PACK OF 12 LONDON TISSUES ,12,2010-12-17 17:12:00,0.29,17377.0,United Kingdom
539454,85123A,WHITE HANGING HEART T-LIGHT HOLDER,5,2010-12-17 17:12:00,2.95,17377.0,United Kingdom
539470,84879,ASSORTED COLOUR BIRD ORNAMENT,8,2010-12-19 14:03:00,1.69,14472.0,United Kingdom
539470,85123A,WHITE HANGING HEART T-LIGHT HOLDER,2,2010-12-19 14:03:00,2.95,14472.0,United Kingdom
539471,85123A,WHITE HANGING HEART T-LIGHT HOLDER,2,2010-12-19 14:16:00,2.95,17358.0,United Kingdom
539477,85123A,WHITE HANGING HEART T-LIGHT HOLDER,6,2010-12-19 14:58:00,2.95,18245.0,United Kingdom
539478,22616,PACK OF 12 LONDON TISSUES ,6,2010-12-19 15:07:00,0.29,17343.0,United Kingdom
539484,85123A,WHITE HANGING HEART T-LIGHT HOLDER,32,2010-12-19 15:44:00,2.55,15640.0,United Kingdom
539492,22616,PACK OF 12 LONDON TISSUES ,1,2010-12-20 10:14:00,0.85,,United Kingdom
539501,85123A,WHITE HANGING HEART T-LIGHT HOLDER,6,2010-12-20 11:08:00,2.95,17085.0,United Kingdom
539502,22616,PACK OF 12 LONDON TISSUES ,48,2010-12-20 11:14:00,0.29,14099.0,United Kingdom
539578,21212,PACK OF 72 RETROSPOT CAKE CASES,960,2010-12-20 12:45:00,0.4,13027.0,United Kingdom
539580,85123A,WHITE HANGING HEART T-LIGHT HOLDER,12,2010-12-20 12:51:00,2.95,15312.0,United Kingdom
539587,85123A,WHITE HANGING HEART T-LIGHT HOLDER,32,2010-12-20 13:10:00,2.55,14298.0,United Kingdom
539588,85123A,WHITE HANGING HEART T-LIGHT HOLDER,1,2010-12-20 13:11:00,2.95,14527.0,United Kingdom
539590,85123A,WHITE HANGING HEART T-LIGHT HOLDER,32,2010-12-20 13:21:00,2.55,14733.0,United Kingdom
539593,21212,PACK OF 72 RETROSPOT CAKE CASES,24,2010-12-20 13:31:00,0.55,13319.0,United Kingdom
539595,85123A,WHITE HANGING HEART T-LIGHT HOLDER,2,2010-12-20 13:43:00,5.91,,United Kingdom
539595,21212,PACK OF 72 RETROSPOT CAKE CASES,3,2010-12-20 13:43:00,1.28,,United Kingdom
539595,22616,PACK OF 12 LONDON TISSUES ,1,2010-12-20 13:43:00,0.85,,United Kingdom
539631,21212,PACK OF 72 RETROSPOT CAKE CASES,4,2010-12-20 15:03:00,1.28,,United Kingdom
539635,22616,PACK OF 12 LONDON TISSUES ,36,2010-12-20 15:14:00,0.29,14051.0,United Kingdom
539639,22616,PACK OF 12 LONDON TISSUES ,3,2010-12-20 15:26:00,0.29,14083.0,United Kingdom
539658,85123A,WHITE HANGING HEART T-LIGHT HOLDER,6,2010-12-21 09:34:00,2.95,17213.0,United Kingdom
539676,84879,ASSORTED COLOUR BIRD ORNAMENT,8,2010-12-21 10:54:00,1.69,12423.0,Belgium
539708,21212,PACK OF 72 RETROSPOT CAKE CASES,1,2010-12-21 12:18:00,1.28,,United Kingdom
539708,85123A,WHITE HANGING HEART T-LIGHT HOLDER,2,2010-12-21 12:18:00,5.91,,United Kingdom
539718,21212,PACK OF 72 RETROSPOT CAKE CASES,2,2010-12-21 13:06:00,1.28,,United Kingdom
539718,85123A,WHITE HANGING HEART T-LIGHT HOLDER,3,2010-12-21 13:06:00,5.91,,United Kingdom
539720,84879,ASSORTED COLOUR BIRD ORNAMENT,16,2010-12-21 13:22:00,1.69,16996.0,United Kingdom
539721,22616,PACK OF 12 LONDON TISSUES ,1296,2010-12-21 13:34:00,0.25,17306.0,United Kingdom
539722,85123A,WHITE HANGING HEART T-LIGHT HOLDER,24,2010-12-21 13:45:00,2.95,14911.0,EIRE
539722,21212,PACK OF 72 RETROSPOT CAKE CASES,48,2010-12-21 13:45:00,0.55,14911.0,EIRE
539730,85123A,WHITE HANGING HEART T-LIGHT HOLDER,6,2010-12-21 14:54:00,2.95,13487.0,United Kingdom
539731,21212,PACK OF 72 RETROSPOT CAKE CASES,240,2010-12-21 15:05:00,0.42,14646.0,Netherlands
539737,22616,PACK OF 12 LONDON TISSUES ,1,2010-12-21 15:19:00,0.81,,United Kingdom
539750,21212,PACK OF 72 RETROSPOT CAKE CASES,9,2010-12-21 15:40:00,2.13,,United Kingdom
539826,85123A,WHITE HANGING HEART T-LIGHT HOLDER,13,2010-12-22 12:39:00,2.95,15044.0,United Kingdom
539835,85123A,WHITE HANGING HEART T-LIGHT HOLDER,6,2010-12-22 13:39:00,2.95,16477.0,United Kingdom
539836,85123A,WHITE HANGING HEART T-LIGHT HOLDER,5,2010-12-22 13:46:00,2.95,17894.0,United Kingdom
539840,21212,PACK OF 72 RETROSPOT CAKE CASES,24,2010-12-22 14:28:00,0.55,12383.0,Belgium
539856,85123A,WHITE HANGING HEART T-LIGHT HOLDER,1,2010-12-22 14:41:00,0.0,,United Kingdom
539867,85123A,WHITE HANGING HEART T-LIGHT HOLDER,6,2010-12-23 10:38:00,2.95,13922.0,United Kingdom
539920,85123A,WHITE HANGING HEART T-LIGHT HOLDER,4,2010-12-23 11:06:00,2.95,14085.0,United Kingdom
539933,21212,PACK OF 72 RETROSPOT CAKE CASES,24,2010-12-23 11:24:00,0.55,15235.0,United Kingdom
539957,84879,ASSORTED COLOUR BIRD ORNAMENT,16,2010-12-23 12:58:00,1.69,12585.0,Germany
539957,21212,PACK OF 72 RETROSPOT CAKE CASES,24,2010-12-23 12:58:00,0.55,12585.0,Germany
539957,22616,PACK OF 12 LONDON TISSUES ,24,2010-12-23 12:58:00,0.29,12585.0,Germany
539958,22616,PACK OF 12 LONDON TISSUES ,1,2010-12-23 13:26:00,0.85,,United Kingdom
539985,85123A,WHITE HANGING HEART T-LIGHT HOLDER,32,2010-12-23 15:16:00,2.55,15856.0,United Kingdom
539988,85123A,WHITE HANGING HEART T-LIGHT HOLDER,5,2010-12-23 16:06:00,2.95,18116.0,United Kingdom
539988,22616,PACK OF 12 LONDON TISSUES ,12,2010-12-23 16:06:00,0.29,18116.0,United Kingdom
539993,85123A,WHITE HANGING HEART T-LIGHT HOLDER,12,2011-01-04 10:00:00,2.95,13313.0,United Kingdom
540014,85123A,WHITE HANGING HEART T-LIGHT HOLDER,6,2011-01-04 11:34:00,2.95,14606.0,United Kingdom
540015,21212,PACK OF 72 RETROSPOT CAKE CASES,24,2011-01-04 11:40:00,0.55,13319.0,United Kingdom
540015,84879,ASSORTED COLOUR BIRD ORNAMENT,16,2011-01-04 11:40:00,1.69,13319.0,United Kingdom
540016,85123A,WHITE HANGING HEART T-LIGHT HOLDER,10,2011-01-04 11:42:00,2.95,16282.0,United Kingdom
540026,22616,PACK OF 12 LONDON TISSUES ,1,2011-01-04 13:25:00,0.85,,United Kingdom
540026,85123A,WHITE HANGING HEART T-LIGHT HOLDER,1,2011-01-04 13:25:00,5.91,,United Kingdom
540031,84879,ASSORTED COLOUR BIRD ORNAMENT,8,2011-01-04 13:50:00,1.69,17975.0,United Kingdom
540033,85123A,WHITE HANGING HEART T-LIGHT HOLDER,32,2011-01-04 14:12:00,2.55,13680.0,United Kingdom
540043,84879,ASSORTED COLOUR BIRD ORNAMENT,16,2011-01-04 14:21:00,1.69,15164.0,United Kingdom
540043,85123A,WHITE HANGING HEART T-LIGHT HOLDER,4,2011-01-04 14:21:00,2.95,15164.0,United Kingdom
540073,84879,ASSORTED COLOUR BIRD ORNAMENT,32,2011-01-04 14:47:00,1.69,16814.0,United Kingdom
540098,85123A,WHITE HANGING HEART T-LIGHT HOLDER,2,2011-01-04 15:50:00,2.95,16241.0,United Kingdom
540098,21212,PACK OF 72 RETROSPOT CAKE CASES,1,2011-01-04 15:50:00,0.55,16241.0,United Kingdom
540120,85123A,WHITE HANGING HEART T-LIGHT HOLDER,32,2011-01-05 10:08:00,2.55,17675.0,United Kingdom
540120,84879,ASSORTED COLOUR BIRD ORNAMENT,64,2011-01-05 10:08:00,1.69,17675.0,United Kingdom
540130,85123A,WHITE HANGING HEART T-LIGHT HOLDER,128,2011-01-05 10:46:00,2.55,13798.0,United Kingdom
540146,84879,ASSORTED COLOUR BIRD ORNAMENT,24,2011-01-05 10:51:00,1.69,15002.0,United Kingdom
540146,85123A,WHITE HANGING HEART T-LIGHT HOLDER,12,2011-01-05 10:51:00,2.95,15002.0,United Kingdom
540153,85123A,WHITE HANGING HEART T-LIGHT HOLDER,32,2011-01-05 11:25:00,2.55,15841.0,United Kingdom
540161,85123A,WHITE HANGING HEART T-LIGHT HOLDER,7,2011-01-05 11:52:00,2.95,16719.0,United Kingdom
540163,85123A,WHITE HANGING HEART T-LIGHT HOLDER,32,2011-01-05 11:52:00,2.55,13089.0,United Kingdom
540172,85123A,WHITE HANGING HEART T-LIGHT HOLDER,1,2011-01-05 12:29:00,2.95,18109.0,United Kingdom
540178,21212,PACK OF 72 RETROSPOT CAKE CASES,24,2011-01-05 12:42:00,0.55,12681.0,France
540180,85123A,WHITE HANGING HEART T-LIGHT HOLDER,2,2011-01-05 13:05:00,2.95,15984.0,United Kingdom
540180,85123A,WHITE HANGING HEART T-LIGHT HOLDER,6,2011-01-05 13:05:00,2.95,15984.0,United Kingdom
540183,84879,ASSORTED COLOUR BIRD ORNAMENT,96,2011-01-05 13:37:00,1.69,15093.0,United Kingdom
540185,85123A,WHITE HANGING HEART T-LIGHT HOLDER,8,2011-01-05 13:40:00,2.95,14653.0,United Kingdom
540188,85123A,WHITE HANGING HEART T-LIGHT HOLDER,3,2011-01-05 13:57:00,2.95,16771.0,United Kingdom
540242,85123A,WHITE HANGING HEART T-LIGHT HOLDER,32,2011-01-05 15:30:00,2.55,15046.0,United Kingdom
540242,84879,ASSORTED COLOUR BIRD ORNAMENT,40,2011-01-05 15:30:00,1.69,15046.0,United Kingdom
540247,85123A,WHITE HANGING HEART T-LIGHT HOLDER,3,2011-01-05 15:56:00,2.95,15464.0,United Kingdom
540247,84879,ASSORTED COLOUR BIRD ORNAMENT,8,2011-01-05 15:56:00,1.69,15464.0,United Kingdom
540257,85123A,WHITE HANGING HEART T-LIGHT HOLDER,6,2011-01-05 17:33:00,2.95,12748.0,United Kingdom
540259,85123A,WHITE HANGING HEART T-LIGHT HOLDER,12,2011-01-06 09:00:00,2.95,18226.0,United Kingdom
540268,85123A,WHITE HANGING HEART T-LIGHT HOLDER,32,2011-01-06 11:25:00,2.55,13458.0,United Kingdom
540268,84879,ASSORTED COLOUR BIRD ORNAMENT,48,2011-01-06 11:25:00,1.69,13458.0,United Kingdom
540277,85123A,WHITE HANGING HEART T-LIGHT HOLDER,32,2011-01-06 12:18:00,2.55,14258.0,United Kingdom
540278,84879,ASSORTED COLOUR BIRD ORNAMENT,8,2011-01-06 12:31:00,1.69,15719.0,United Kingdom
540278,85123A,WHITE HANGING HEART T-LIGHT HOLDER,2,2011-01-06 12:31:00,2.95,15719.0,United Kingdom
540278,21212,PACK OF 72 RETROSPOT CAKE CASES,4,2011-01-06 12:31:00,0.55,15719.0,United Kingdom
540288,85123A,WHITE HANGING HEART T-LIGHT HOLDER,2,2011-01-06 12:45:00,2.95,17634.0,United Kingdom
540349,84879,ASSORTED COLOUR BIRD ORNAMENT,8,2011-01-06 14:07:00,1.69,15379.0,United Kingdom
540349,21212,PACK OF 72 RETROSPOT CAKE CASES,24,2011-01-06 14:07:00,0.55,15379.0,United Kingdom
540349,85123A,WHITE HANGING HEART T-LIGHT HOLDER,12,2011-01-06 14:07:00,2.95,15379.0,United Kingdom
540350,21212,PACK OF 72 RETROSPOT CAKE CASES,1,2011-01-06 14:14:00,0.55,18283.0,United Kingdom
540351,21212,PACK OF 72 RETROSPOT CAKE CASES,24,2011-01-06 14:26:00,0.55,12735.0,France
540361,85123A,WHITE HANGING HEART T-LIGHT HOLDER,32,2011-01-06 15:41:00,2.55,13408.0,United Kingdom
540364,85123A,WHITE HANGING HEART T-LIGHT HOLDER,3,2011-01-06 16:03:00,2.95,14505.0,United Kingdom
540371,85123A,WHITE HANGING HEART T-LIGHT HOLDER,12,2011-01-06 16:35:00,2.95,14312.0,United Kingdom
540372,21212,PACK OF 72 RETROSPOT CAKE CASES,24,2011-01-06 16:41:00,0.55,13081.0,United Kingdom
540372,22616,PACK OF 12 LONDON TISSUES ,48,2011-01-06 16:41:00,0.29,13081.0,United Kingdom
540372,85123A,WHITE HANGING HEART T-LIGHT HOLDER,32,2011-01-06 16:41:00,2.55,13081.0,United Kingdom
540373,21212,PACK OF 72 RETROSPOT CAKE CASES,1,2011-01-06 17:10:00,0.55,13280.0,United Kingdom
540373,21212,PACK OF 72 RETROSPOT CAKE CASES,2,2011-01-06 17:10:00,0.55,13280.0,United Kingdom
540374,84879,ASSORTED COLOUR BIRD ORNAMENT,24,2011-01-06 17:19:00,1.69,15845.0,United Kingdom
540405,21212,PACK OF 72 RETROSPOT CAKE CASES,120,2011-01-07 09:50:00,0.42,14828.0,United Kingdom
540408,85123A,WHITE HANGING HEART T-LIGHT HOLDER,250,2011-01-07 09:55:00,2.55,16013.0,United Kingdom
540415,21212,PACK OF 72 RETROSPOT CAKE CASES,24,2011-01-07 10:47:00,0.55,16889.0,United Kingdom
540458,21212,PACK OF 72 RETROSPOT CAKE CASES,24,2011-01-07 12:28:00,0.55,12501.0,Germany
540464,85123A,WHITE HANGING HEART T-LIGHT HOLDER,32,2011-01-07 13:17:00,2.55,14298.0,United Kingdom
540467,85123A,WHITE HANGING HEART T-LIGHT HOLDER,12,2011-01-07 13:39:00,2.95,18198.0,United Kingdom
540468,22616,PACK OF 12 LONDON TISSUES ,1,2011-01-07 13:55:00,0.85,,United Kingdom
540469,85123A,WHITE HANGING HEART T-LIGHT HOLDER,6,2011-01-07 14:04:00,2.95,12484.0,Spain
540471,85123A,WHITE HANGING HEART T-LIGHT HOLDER,24,2011-01-07 14:21:00,2.95,15601.0,United Kingdom
540473,21212,PACK OF 72 RETROSPOT CAKE CASES,3,2011-01-07 14:31:00,0.55,17284.0,United Kingdom
540473,22616,PACK OF 12 LONDON TISSUES ,12,2011-01-07 14:31:00,0.29,17284.0,United Kingdom
540489,85123A,WHITE HANGING HEART T-LIGHT HOLDER,10,2011-01-07 16:32:00,2.95,13593.0,United Kingdom
540493,84879,ASSORTED COLOUR BIRD ORNAMENT,24,2011-01-07 16:34:00,1.69,14867.0,United Kingdom
540504,85123A,WHITE HANGING HEART T-LIGHT HOLDER,2,2011-01-09 11:02:00,2.95,13668.0,United Kingdom
540511,84879,ASSORTED COLOUR BIRD ORNAMENT,8,2011-01-09 11:34:00,1.69,14472.0,United Kingdom
540511,84879,ASSORTED COLOUR BIRD ORNAMENT,8,2011-01-09 11:34:00,1.69,14472.0,United Kingdom
540513,85123A,WHITE HANGING HEART T-LIGHT HOLDER,32,2011-01-09 11:41:00,2.55,13758.0,United Kingdom
540514,85123A,WHITE HANGING HEART T-LIGHT HOLDER,6,2011-01-09 11:43:00,2.95,15708.0,United Kingdom
540517,85123A,WHITE HANGING HEART T-LIGHT HOLDER,4,2011-01-09 12:02:00,2.95,17128.0,United Kingdom
540522,22616,PACK OF 12 LONDON TISSUES ,48,2011-01-09 12:50:00,0.29,13102.0,United Kingdom
540524,85123A,WHITE HANGING HEART T-LIGHT HOLDER,15,2011-01-09 12:53:00,2.95,16735.0,United Kingdom
540525,85123A,WHITE HANGING HEART T-LIGHT HOLDER,6,2011-01-09 13:02:00,2.95,16833.0,United Kingdom
540530,85123A,WHITE HANGING HEART T-LIGHT HOLDER,6,2011-01-09 14:02:00,2.95,14755.0,United Kingdom
540531,85123A,WHITE HANGING HEART T-LIGHT HOLDER,8,2011-01-09 14:03:00,2.95,16549.0,United Kingdom
540539,85123A,WHITE HANGING HEART T-LIGHT HOLDER,12,2011-01-09 14:42:00,2.95,18260.0,United Kingdom
540539,84879,ASSORTED COLOUR BIRD ORNAMENT,48,2011-01-09 14:42:00,1.69,18260.0,United Kingdom
540539,21212,PACK OF 72 RETROSPOT CAKE CASES,24,2011-01-09 14:42:00,0.55,18260.0,United Kingdom
540542,85123A,WHITE HANGING HEART T-LIGHT HOLDER,6,2011-01-09 15:18:00,2.95,15107.0,United Kingdom
540551,21212,PACK OF 72 RETROSPOT CAKE CASES,1,2011-01-10 09:43:00,1.28,,United Kingdom
540551,84879,ASSORTED COLOUR BIRD ORNAMENT,8,2011-01-10 09:43:00,3.19,,United Kingdom
540552,85123A,WHITE HANGING HEART T-LIGHT HOLDER,6,2011-01-10 09:44:00,2.95,16350.0,United Kingdom
540604,84879,ASSORTED COLOUR BIRD ORNAMENT,16,2011-01-10 11:38:00,1.69,15326.0,United Kingdom
540635,84879,ASSORTED COLOUR BIRD ORNAMENT,8,2011-01-10 12:03:00,1.69,14229.0,United Kingdom
540646,21212,PACK OF 72 RETROSPOT CAKE CASES,1,2011-01-10 14:32:00,1.28,,United Kingdom
540647,85123A,WHITE HANGING HEART T-LIGHT HOLDER,6,2011-01-10 14:57:00,2.95,17406.0,United Kingdom
540647,84879,ASSORTED COLOUR BIRD ORNAMENT,8,2011-01-10 14:57:00,1.69,17406.0,United Kingdom
540662,84879,ASSORTED COLOUR BIRD ORNAMENT,32,2011-01-10 15:16:00,1.69,13767.0,United Kingdom
540672,21212,PACK OF 72 RETROSPOT CAKE CASES,24,2011-01-10 15:51:00,0.55,15281.0,United Kingdom
540681,21212,PACK OF 72 RETROSPOT CAKE CASES,2,2011-01-10 16:25:00,1.28,,United Kingdom
540687,84879,ASSORTED COLOUR BIRD ORNAMENT,16,2011-01-10 17:18:00,1.69,15867.0,United Kingdom
540688,21212,PACK OF 72 RETROSPOT CAKE CASES,120,2011-01-11 07:57:00,0.42,12736.0,France
540689,85123A,WHITE HANGING HEART T-LIGHT HOLDER,1010,2011-01-11 08:43:00,3.24,17450.0,United Kingdom
540692,85123A,WHITE HANGING HEART T-LIGHT HOLDER,6,2011-01-11 09:12:00,2.95,14320.0,United Kingdom
540701,85123A,WHITE HANGING HEART T-LIGHT HOLDER,32,2011-01-11 09:48:00,2.55,15640.0,United Kingdom
540701,84879,ASSORTED COLOUR BIRD ORNAMENT,160,2011-01-11 09:48:00,1.45,15640.0,United Kingdom
540704,84879,ASSORTED COLOUR BIRD ORNAMENT,8,2011-01-11 10:04:00,1.69,17742.0,United Kingdom
540704,85123A,WHITE HANGING HEART T-LIGHT HOLDER,24,2011-01-11 10:04:00,2.95,17742.0,United Kingdom
540768,21212,PACK OF 72 RETROSPOT CAKE CASES,24,2011-01-11 10:38:00,0.55,17428.0,United Kingdom
540800,85123A,WHITE HANGING HEART T-LIGHT HOLDER,32,2011-01-11 12:20:00,2.55,13798.0,United Kingdom
540801,84879,ASSORTED COLOUR BIRD ORNAMENT,40,2011-01-11 12:25:00,1.69,12540.0,Spain
540801,21212,PACK OF 72 RETROSPOT CAKE CASES,24,2011-01-11 12:25:00,0.55,12540.0,Spain
540813,85123A,WHITE HANGING HEART T-LIGHT HOLDER,2,2011-01-11 12:41:00,2.95,14669.0,United Kingdom
540815,85123A,WHITE HANGING HEART T-LIGHT HOLDER,1930,2011-01-11 12:55:00,2.55,15749.0,United Kingdom
540816,22616,PACK OF 12 LONDON TISSUES ,36,2011-01-11 12:55:00,0.29,15518.0,United Kingdom
540817,85123A,WHITE HANGING HEART T-LIGHT HOLDER,32,2011-01-11 12:56:00,2.55,14209.0,United Kingdom
540821,22616,PACK OF 12 LONDON TISSUES ,3,2011-01-11 13:16:00,0.85,,United Kingdom
540821,84879,ASSORTED COLOUR BIRD ORNAMENT,8,2011-01-11 13:16:00,3.19,,United Kingdom
540826,85123A,WHITE HANGING HEART T-LIGHT HOLDER,12,2011-01-11 14:00:00,2.95,13102.0,United Kingdom
540827,84879,ASSORTED COLOUR BIRD ORNAMENT,24,2011-01-11 14:15:00,1.69,17569.0,United Kingdom
540832,21212,PACK OF 72 RETROSPOT CAKE CASES,1,2011-01-11 14:42:00,2.08,,United Kingdom
540834,85123A,WHITE HANGING HEART T-LIGHT HOLDER,32,2011-01-11 14:50:00,2.55,14733.0,United Kingdom
540839,85123A,WHITE HANGING HEART T-LIGHT HOLDER,2,2011-01-11 15:42:00,2.95,16791.0,United Kingdom
540839,84879,ASSORTED COLOUR BIRD ORNAMENT,8,2011-01-11 15:42:00,1.69,16791.0,United Kingdom
540840,84879,ASSORTED COLOUR BIRD ORNAMENT,8,2011-01-11 15:42:00,1.69,16235.0,United Kingdom
540848,85123A,WHITE HANGING HEART T-LIGHT HOLDER,2,2011-01-12 09:26:00,5.91,,United Kingdom
540849,21212,PACK OF 72 RETROSPOT CAKE CASES,24,2011-01-12 09:33:00,0.55,14270.0,United Kingdom
540859,85123A,WHITE HANGING HEART T-LIGHT HOLDER,6,2011-01-12 10:58:00,2.95,17965.0,United Kingdom
540862,85123A,WHITE HANGING HEART T-LIGHT HOLDER,32,2011-01-12 11:18:00,2.55,15953.0,United Kingdom
540906,21212,PACK OF 72 RETROSPOT CAKE CASES,120,2011-01-12 11:51:00,0.42,16701.0,United Kingdom
540907,85123A,WHITE HANGING HEART T-LIGHT HOLDER,12,2011-01-12 11:52:00,2.95,13488.0,United Kingdom
540915,84879,ASSORTED COLOUR BIRD ORNAMENT,16,2011-01-12 12:00:00,1.69,13267.0,United Kingdom
540943,85123A,WHITE HANGING HEART T-LIGHT HOLDER,1,2011-01-12 12:31:00,2.95,17841.0,United Kingdom
540953,21212,PACK OF 72 RETROSPOT CAKE CASES,1,2011-01-12 13:16:00,0.55,14587.0,United Kingdom
540953,21212,PACK OF 72 RETROSPOT CAKE CASES,1,2011-01-12 13:16:00,0.55,14587.0,United Kingdom
540953,85123A,WHITE HANGING HEART T-LIGHT HOLDER,1,2011-01-12 13:16:00,2.95,14587.0,United Kingdom
540953,85123A,WHITE HANGING HEART T-LIGHT HOLDER,1,2011-01-12 13:16:00,2.95,14587.0,United Kingdom
540955,85123A,WHITE HANGING HEART T-LIGHT HOLDER,4,2011-01-12 13:27:00,2.95,14715.0,United Kingdom
540957,21212,PACK OF 72 RETROSPOT CAKE CASES,3,2011-01-12 13:30:00,0.55,15311.0,United Kingdom
540968,85123A,WHITE HANGING HEART T-LIGHT HOLDER,3,2011-01-12 13:40:00,2.95,17338.0,United Kingdom
540976,21212,PACK OF 72 RETROSPOT CAKE CASES,24,2011-01-12 15:00:00,0.55,12652.0,France
540977,85123A,WHITE HANGING HEART T-LIGHT HOLDER,1,2011-01-12 15:01:00,5.91,,United Kingdom
540977,21212,PACK OF 72 RETROSPOT CAKE CASES,2,2011-01-12 15:01:00,1.28,,United Kingdom
540977,22616,PACK OF 12 LONDON TISSUES ,2,2011-01-12 15:01:00,0.85,,United Kingdom
540979,85123A,WHITE HANGING HEART T-LIGHT HOLDER,8,2011-01-12 15:06:00,2.95,15727.0,United Kingdom
540981,85123A,WHITE HANGING HEART T-LIGHT HOLDER,6,2011-01-12 15:25:00,2.95,12868.0,United Kingdom
540981,84879,ASSORTED COLOUR BIRD ORNAMENT,8,2011-01-12 15:25:00,1.69,12868.0,United Kingdom
540986,84879,ASSORTED COLOUR BIRD ORNAMENT,8,2011-01-12 16:14:00,1.69,15291.0,United Kingdom
540990,85123A,WHITE HANGING HEART T-LIGHT HOLDER,6,2011-01-12 16:51:00,2.95,17048.0,United Kingdom
540992,21212,PACK OF 72 RETROSPOT CAKE CASES,4,2011-01-12 16:57:00,0.55,17364.0,United Kingdom
540993,21212,PACK OF 72 RETROSPOT CAKE CASES,24,2011-01-13 09:23:00,0.55,13284.0,United Kingdom
540994,21212,PACK OF 72 RETROSPOT CAKE CASES,24,2011-01-13 09:29:00,0.55,13089.0,United Kingdom
540995,84879,ASSORTED COLOUR BIRD ORNAMENT,16,2011-01-13 09:30:00,3.12,,United Kingdom
540995,21212,PACK OF 72 RETROSPOT CAKE CASES,1,2011-01-13 09:30:00,1.25,,United Kingdom
540995,85123A,WHITE HANGING HEART T-LIGHT HOLDER,1,2011-01-13 09:30:00,5.79,,United Kingdom
541004,85123A,WHITE HANGING HEART T-LIGHT HOLDER,6,2011-01-13 10:35:00,2.95,18190.0,United Kingdom
541011,84879,ASSORTED COLOUR BIRD ORNAMENT,8,2011-01-13 11:26:00,1.69,15447.0,United Kingdom
541014,84879,ASSORTED COLOUR BIRD ORNAMENT,6,2011-01-13 11:54:00,1.69,14085.0,United Kingdom
541015,84879,ASSORTED COLOUR BIRD ORNAMENT,8,2011-01-13 11:57:00,1.69,16315.0,United Kingdom
541103,21212,PACK OF 72 RETROSPOT CAKE CASES,24,2011-01-13 14:24:00,0.55,14215.0,United Kingdom
541104,85123A,WHITE HANGING HEART T-LIGHT HOLDER,1,2011-01-13 14:29:00,5.79,,United Kingdom
541134,21212,PACK OF 72 RETROSPOT CAKE CASES,24,2011-01-14 10:20:00,0.55,15615.0,United Kingdom
541134,85123A,WHITE HANGING HEART T-LIGHT HOLDER,32,2011-01-14 10:20:00,2.55,15615.0,United Kingdom
541139,21212,PACK OF 72 RETROSPOT CAKE CASES,24,2011-01-14 11:05:00,0.55,15213.0,United Kingdom
541172,84879,ASSORTED COLOUR BIRD ORNAMENT,8,2011-01-14 11:47:00,1.69,13854.0,United Kingdom
541205,85123A,WHITE HANGING HEART T-LIGHT HOLDER,32,2011-01-14 12:23:00,2.55,18106.0,United Kingdom
541206,21212,PACK OF 72 RETROSPOT CAKE CASES,120,2011-01-14 12:24:00,0.42,14646.0,Netherlands
541207,85123A,WHITE HANGING HEART T-LIGHT HOLDER,12,2011-01-14 12:27:00,2.95,17685.0,United Kingdom
541213,84879,ASSORTED COLOUR BIRD ORNAMENT,8,2011-01-14 13:28:00,1.69,15033.0,United Kingdom
541213,84879,ASSORTED COLOUR BIRD ORNAMENT,8,2011-01-14 13:28:00,1.69,15033.0,United Kingdom
541215,85123A,WHITE HANGING HEART T-LIGHT HOLDER,12,2011-01-14 13:42:00,2.95,14329.0,United Kingdom
541216,21212,PACK OF 72 RETROSPOT CAKE CASES,1,2011-01-14 13:52:00,0.55,15311.0,United Kingdom
541219,21212,PACK OF 72 RETROSPOT CAKE CASES,1,2011-01-14 14:06:00,1.25,,United Kingdom
541223,85123A,WHITE HANGING HEART T-LIGHT HOLDER,1,2011-01-14 14:39:00,2.95,17954.0,United Kingdom
541241,84879,ASSORTED COLOUR BIRD ORNAMENT,4,2011-01-16 11:08:00,1.69,13782.0,United Kingdom
541241,85123A,WHITE HANGING HEART T-LIGHT HOLDER,2,2011-01-16 11:08:00,2.95,13782.0,United Kingdom
541249,22616,PACK OF 12 LONDON TISSUES ,24,2011-01-16 13:18:00,0.29,13700.0,United Kingdom
541252,85123A,WHITE HANGING HEART T-LIGHT HOLDER,20,2011-01-16 13:41:00,2.95,13064.0,United Kingdom
541262,85123A,WHITE HANGING HEART T-LIGHT HOLDER,1,2011-01-16 15:50:00,2.95,18069.0,United Kingdom
541266,22616,PACK OF 12 LONDON TISSUES ,12,2011-01-16 16:25:00,0.29,15673.0,United Kingdom
541266,22616,PACK OF 12 LONDON TISSUES ,24,2011-01-16 16:25:00,0.29,15673.0,United Kingdom
541268,84879,ASSORTED COLOUR BIRD ORNAMENT,8,2011-01-17 10:52:00,1.69,12872.0,United Kingdom
541268,85123A,WHITE HANGING HEART T-LIGHT HOLDER,10,2011-01-17 10:52:00,2.95,12872.0,United Kingdom
541274,84879,ASSORTED COLOUR BIRD ORNAMENT,8,2011-01-17 11:24:00,1.69,15696.0,United Kingdom
541275,85123A,WHITE HANGING HEART T-LIGHT HOLDER,12,2011-01-17 11:28:00,2.95,14176.0,United Kingdom
541280,85123A,WHITE HANGING HEART T-LIGHT HOLDER,12,2011-01-17 11:57:00,2.95,15296.0,United Kingdom
541281,22616,PACK OF 12 LONDON TISSUES ,1,2011-01-17 11:59:00,0.29,17988.0,United Kingdom
541283,85123A,WHITE HANGING HEART T-LIGHT HOLDER,6,2011-01-17 12:34:00,2.95,12820.0,United Kingdom
541286,85123A,WHITE HANGING HEART T-LIGHT HOLDER,32,2011-01-17 13:08:00,2.55,13982.0,United Kingdom
541288,85123A,WHITE HANGING HEART T-LIGHT HOLDER,62,2011-01-17 13:21:00,2.55,14525.0,United Kingdom
541289,85123A,WHITE HANGING HEART T-LIGHT HOLDER,5,2011-01-17 13:23:00,2.95,14606.0,United Kingdom
541291,84879,ASSORTED COLOUR BIRD ORNAMENT,9,2011-01-17 13:25:00,1.69,14667.0,United Kingdom
541302,85123A,WHITE HANGING HEART T-LIGHT HOLDER,6,2011-01-17 14:18:00,2.95,13769.0,United Kingdom
541316,85123A,WHITE HANGING HEART T-LIGHT HOLDER,18,2011-01-17 14:27:00,2.95,13209.0,United Kingdom
541413,85123A,WHITE HANGING HEART T-LIGHT HOLDER,3,2011-01-17 16:14:00,2.95,13859.0,United Kingdom
541414,85123A,WHITE HANGING HEART T-LIGHT HOLDER,8,2011-01-17 16:14:00,2.95,18212.0,United Kingdom
541421,21212,PACK OF 72 RETROSPOT CAKE CASES,1,2011-01-17 17:44:00,1.25,,United Kingdom
541422,21212,PACK OF 72 RETROSPOT CAKE CASES,1,2011-01-17 17:48:00,1.25,,United Kingdom
541423,85123A,WHITE HANGING HEART T-LIGHT HOLDER,24,2011-01-17 17:54:00,2.95,,United Kingdom
541423,22616,PACK OF 12 LONDON TISSUES ,5,2011-01-17 17:54:00,0.83,,United Kingdom
541424,85123A,WHITE HANGING HEART T-LIGHT HOLDER,22,2011-01-17 17:57:00,2.95,,United Kingdom
541424,84879,ASSORTED COLOUR BIRD ORNAMENT,8,2011-01-17 17:57:00,3.12,,United Kingdom
541428,85123A,WHITE HANGING HEART T-LIGHT HOLDER,6,2011-01-18 08:53:00,2.95,14242.0,United Kingdom
541484,84879,ASSORTED COLOUR BIRD ORNAMENT,8,2011-01-18 12:46:00,1.69,16814.0,United Kingdom
541486,85123A,WHITE HANGING HEART T-LIGHT HOLDER,3,2011-01-18 13:15:00,2.95,18109.0,United Kingdom
541488,21212,PACK OF 72 RETROSPOT CAKE CASES,72,2011-01-18 13:34:00,0.42,15061.0,United Kingdom
541497,22616,PACK OF 12 LONDON TISSUES ,1,2011-01-18 15:19:00,0.83,,United Kingdom
541504,85123A,WHITE HANGING HEART T-LIGHT HOLDER,6,2011-01-18 15:37:00,2.95,14415.0,United Kingdom
541506,84879,ASSORTED COLOUR BIRD ORNAMENT,8,2011-01-18 16:05:00,3.12,,United Kingdom
541509,85123A,WHITE HANGING HEART T-LIGHT HOLDER,1,2011-01-18 16:31:00,2.95,13263.0,United Kingdom
541510,85123A,WHITE HANGING HEART T-LIGHT HOLDER,2,2011-01-18 16:39:00,2.95,14428.0,United Kingdom
541516,21212,PACK OF 72 RETROSPOT CAKE CASES,1,2011-01-18 17:34:00,1.25,,United Kingdom
541518,21212,PACK OF 72 RETROSPOT CAKE CASES,48,2011-01-19 09:05:00,0.55,12451.0,Switzerland
541564,85123A,WHITE HANGING HEART T-LIGHT HOLDER,1,2011-01-19 11:38:00,2.95,16904.0,United Kingdom
541565,85123A,WHITE HANGING HEART T-LIGHT HOLDER,3,2011-01-19 11:48:00,2.95,14527.0,United Kingdom
541567,22616,PACK OF 12 LONDON TISSUES ,24,2011-01-19 11:51:00,0.29,12681.0,France
541570,21212,PACK OF 72 RETROSPOT CAKE CASES,1440,2011-01-19 12:34:00,0.42,14646.0,Netherlands
541570,85123A,WHITE HANGING HEART T-LIGHT HOLDER,256,2011-01-19 12:34:00,2.55,14646.0,Netherlands
541574,21212,PACK OF 72 RETROSPOT CAKE CASES,24,2011-01-19 12:52:00,0.55,12826.0,United Kingdom
541588,84879,ASSORTED COLOUR BIRD ORNAMENT,8,2011-01-19 14:43:00,1.69,14307.0,United Kingdom
541588,85123A,WHITE HANGING HEART T-LIGHT HOLDER,6,2011-01-19 14:43:00,2.95,14307.0,United Kingdom
541588,21212,PACK OF 72 RETROSPOT CAKE CASES,24,2011-01-19 14:43:00,0.55,14307.0,United Kingdom
541592,22616,PACK OF 12 LONDON TISSUES ,2,2011-01-19 15:08:00,0.83,,United Kingdom
541596,85123A,WHITE HANGING HEART T-LIGHT HOLDER,5,2011-01-19 16:19:00,2.95,17602.0,United Kingdom
541596,21212,PACK OF 72 RETROSPOT CAKE CASES,4,2011-01-19 16:19:00,0.55,17602.0,United Kingdom
541606,84879,ASSORTED COLOUR BIRD ORNAMENT,24,2011-01-20 09:25:00,1.69,14784.0,United Kingdom
541657,85123A,WHITE HANGING HEART T-LIGHT HOLDER,6,2011-01-20 12:11:00,2.95,16321.0,Australia
541660,85123A,WHITE HANGING HEART T-LIGHT HOLDER,3,2011-01-20 12:20:00,2.95,17787.0,United Kingdom
541660,85123A,WHITE HANGING HEART T-LIGHT HOLDER,3,2011-01-20 12:20:00,2.95,17787.0,United Kingdom
541669,85123A,WHITE HANGING HEART T-LIGHT HOLDER,3,2011-01-20 12:29:00,2.95,17315.0,United Kingdom
541676,85123A,WHITE HANGING HEART T-LIGHT HOLDER,12,2011-01-20 14:01:00,2.95,15379.0,United Kingdom
541682,85123A,WHITE HANGING HEART T-LIGHT HOLDER,12,2011-01-20 15:00:00,2.95,14770.0,United Kingdom
541684,22616,PACK OF 12 LONDON TISSUES ,12,2011-01-20 15:22:00,0.29,15498.0,United Kingdom
541696,21212,PACK OF 72 RETROSPOT CAKE CASES,1,2011-01-20 18:08:00,1.25,,United Kingdom
541696,22616,PACK OF 12 LONDON TISSUES ,3,2011-01-20 18:08:00,0.83,,United Kingdom
541696,85123A,WHITE HANGING HEART T-LIGHT HOLDER,3,2011-01-20 18:08:00,2.95,,United Kingdom
541711,21212,PACK OF 72 RETROSPOT CAKE CASES,120,2011-01-21 11:18:00,0.42,14646.0,Netherlands
541732,84879,ASSORTED COLOUR BIRD ORNAMENT,24,2011-01-21 11:34:00,1.69,16387.0,United Kingdom
541784,22616,PACK OF 12 LONDON TISSUES ,24,2011-01-21 12:37:00,0.29,17277.0,United Kingdom
541789,85123A,WHITE HANGING HEART T-LIGHT HOLDER,48,2011-01-21 13:07:00,2.55,14088.0,United Kingdom
541809,21212,PACK OF 72 RETROSPOT CAKE CASES,6,2011-01-21 14:59:00,2.08,,United Kingdom
541813,85123A,WHITE HANGING HEART T-LIGHT HOLDER,12,2011-01-21 15:36:00,2.95,18239.0,United Kingdom
541816,85123A,WHITE HANGING HEART T-LIGHT HOLDER,3,2011-01-21 15:56:00,2.95,17799.0,United Kingdom
541827,21212,PACK OF 72 RETROSPOT CAKE CASES,1,2011-01-21 17:05:00,1.25,,United Kingdom
541827,22616,PACK OF 12 LONDON TISSUES ,1,2011-01-21 17:05:00,0.83,,United Kingdom
541830,21212,PACK OF 72 RETROSPOT CAKE CASES,2,2011-01-21 17:09:00,1.25,,United Kingdom
541838,85123A,WHITE HANGING HEART T-LIGHT HOLDER,32,2011-01-23 10:43:00,2.55,12916.0,United Kingdom
541839,22616,PACK OF 12 LONDON TISSUES ,12,2011-01-23 11:15:00,0.29,17769.0,United Kingdom
541839,84879,ASSORTED COLOUR BIRD ORNAMENT,24,2011-01-23 11:15:00,1.69,17769.0,United Kingdom
541843,84879,ASSORTED COLOUR BIRD ORNAMENT,2,2011-01-23 12:08:00,1.69,13659.0,United Kingdom
541843,84879,ASSORTED COLOUR BIRD ORNAMENT,8,2011-01-23 12:08:00,1.69,13659.0,United Kingdom
541843,85123A,WHITE HANGING HEART T-LIGHT HOLDER,1,2011-01-23 12:08:00,2.95,13659.0,United Kingdom
541843,85123A,WHITE HANGING HEART T-LIGHT HOLDER,2,2011-01-23 12:08:00,2.95,13659.0,United Kingdom
541847,21212,PACK OF 72 RETROSPOT CAKE CASES,6,2011-01-23 13:25:00,0.55,15443.0,United Kingdom
541849,21212,PACK OF 72 RETROSPOT CAKE CASES,2,2011-01-23 13:34:00,0.55,13230.0,United Kingdom
541849,85123A,WHITE HANGING HEART T-LIGHT HOLDER,1,2011-01-23 13:34:00,2.95,13230.0,United Kingdom
541855,85123A,WHITE HANGING HEART T-LIGHT HOLDER,1,2011-01-23 14:59:00,2.95,13742.0,United Kingdom
541862,85123A,WHITE HANGING HEART T-LIGHT HOLDER,10,2011-01-23 16:02:00,2.95,14068.0,United Kingdom
541870,21212,PACK OF 72 RETROSPOT CAKE CASES,1,2011-01-24 09:39:00,1.25,,United Kingdom
541870,85123A,WHITE HANGING HEART T-LIGHT HOLDER,2,2011-01-24 09:39:00,5.79,,United Kingdom
541871,22616,PACK OF 12 LONDON TISSUES ,1,2011-01-24 09:41:00,0.83,,United Kingdom
541871,21212,PACK OF 72 RETROSPOT CAKE CASES,1,2011-01-24 09:41:00,1.25,,United Kingdom
541874,84879,ASSORTED COLOUR BIRD ORNAMENT,160,2011-01-24 10:01:00,1.45,15497.0,United Kingdom
541880,21212,PACK OF 72 RETROSPOT CAKE CASES,120,2011-01-24 10:38:00,0.42,13819.0,United Kingdom
541947,84879,ASSORTED COLOUR BIRD ORNAMENT,32,2011-01-24 11:56:00,1.69,18161.0,United Kingdom
541966,84879,ASSORTED COLOUR BIRD ORNAMENT,16,2011-01-24 13:35:00,1.69,13854.0,United Kingdom
541968,21212,PACK OF 72 RETROSPOT CAKE CASES,24,2011-01-24 13:37:00,0.55,13396.0,United Kingdom
541971,85123A,WHITE HANGING HEART T-LIGHT HOLDER,1,2011-01-24 13:48:00,5.79,,United Kingdom
541972,21212,PACK OF 72 RETROSPOT CAKE CASES,24,2011-01-24 13:58:00,0.55,12935.0,United Kingdom
541979,85123A,WHITE HANGING HEART T-LIGHT HOLDER,6,2011-01-24 14:54:00,2.95,14911.0,EIRE
541985,85123A,WHITE HANGING HEART T-LIGHT HOLDER,2,2011-01-24 15:52:00,2.95,15052.0,United Kingdom
541996,85123A,WHITE HANGING HEART T-LIGHT HOLDER,12,2011-01-25 10:20:00,2.95,18075.0,United Kingdom
542000,21212,PACK OF 72 RETROSPOT CAKE CASES,24,2011-01-25 10:49:00,0.55,14257.0,United Kingdom
542079,85123A,WHITE HANGING HEART T-LIGHT HOLDER,32,2011-01-25 12:15:00,2.55,18144.0,United Kingdom
542087,84879,ASSORTED COLOUR BIRD ORNAMENT,24,2011-01-25 12:35:00,1.69,14849.0,United Kingdom
542087,21212,PACK OF 72 RETROSPOT CAKE CASES,24,2011-01-25 12:35:00,0.55,14849.0,United Kingdom
542102,21212,PACK OF 72 RETROSPOT CAKE CASES,24,2011-01-25 13:26:00,0.55,12744.0,Singapore
542102,85123A,WHITE HANGING HEART T-LIGHT HOLDER,18,2011-01-25 13:26:00,2.95,12744.0,Singapore
542105,85123A,WHITE HANGING HEART T-LIGHT HOLDER,6,2011-01-25 13:35:00,2.95,12854.0,United Kingdom
542107,21212,PACK OF 72 RETROSPOT CAKE CASES,1,2011-01-25 13:38:00,0.55,16222.0,United Kingdom
542107,21212,PACK OF 72 RETROSPOT CAKE CASES,1,2011-01-25 13:38:00,0.55,16222.0,United Kingdom
542107,21212,PACK OF 72 RETROSPOT CAKE CASES,1,2011-01-25 13:38:00,0.55,16222.0,United Kingdom
542107,85123A,WHITE HANGING HEART T-LIGHT HOLDER,6,2011-01-25 13:38:00,2.95,16222.0,United Kingdom
542108,85123A,WHITE HANGING HEART T-LIGHT HOLDER,12,2011-01-25 13:43:00,2.95,17460.0,United Kingdom
542109,21212,PACK OF 72 RETROSPOT CAKE CASES,28,2011-01-25 13:44:00,2.08,,United Kingdom
542110,84879,ASSORTED COLOUR BIRD ORNAMENT,8,2011-01-25 13:46:00,1.69,14189.0,United Kingdom
542111,21212,PACK OF 72 RETROSPOT CAKE CASES,24,2011-01-25 13:55:00,0.55,14341.0,United Kingdom
542122,21212,PACK OF 72 RETROSPOT CAKE CASES,24,2011-01-25 14:36:00,0.55,17082.0,United Kingdom
542128,22616,PACK OF 12 LONDON TISSUES ,24,2011-01-25 15:13:00,0.29,12609.0,Germany
542130,85123A,WHITE HANGING HEART T-LIGHT HOLDER,6,2011-01-25 15:36:00,2.95,13468.0,United Kingdom
542141,85123A,WHITE HANGING HEART T-LIGHT HOLDER,96,2011-01-26 08:38:00,2.55,14548.0,United Kingdom
542174,85123A,WHITE HANGING HEART T-LIGHT HOLDER,6,2011-01-26 11:14:00,2.95,16043.0,United Kingdom
542208,21212,PACK OF 72 RETROSPOT CAKE CASES,120,2011-01-26 11:35:00,0.42,16422.0,United Kingdom
542226,85123A,WHITE HANGING HEART T-LIGHT HOLDER,12,2011-01-26 13:20:00,2.95,17075.0,United Kingdom
542227,21212,PACK OF 72 RETROSPOT CAKE CASES,24,2011-01-26 13:33:00,0.55,14243.0,United Kingdom
542231,85123A,WHITE HANGING HEART T-LIGHT HOLDER,6,2011-01-26 13:40:00,2.95,16714.0,United Kingdom
542231,84879,ASSORTED COLOUR BIRD ORNAMENT,8,2011-01-26 13:40:00,1.69,16714.0,United Kingdom
542231,84879,ASSORTED COLOUR BIRD ORNAMENT,8,2011-01-26 13:40:00,1.69,16714.0,United Kingdom
542239,85123A,WHITE HANGING HEART T-LIGHT HOLDER,2,2011-01-26 14:35:00,2.95,17786.0,United Kingdom
542239,85123A,WHITE HANGING HEART T-LIGHT HOLDER,2,2011-01-26 14:35:00,2.95,17786.0,United Kingdom
542241,84879,ASSORTED COLOUR BIRD ORNAMENT,8,2011-01-26 14:51:00,1.69,16409.0,United Kingdom
542242,21212,PACK OF 72 RETROSPOT CAKE CASES,24,2011-01-26 14:58:00,0.55,13754.0,United Kingdom
542247,85123A,WHITE HANGING HEART T-LIGHT HOLDER,32,2011-01-26 15:49:00,2.55,12997.0,United Kingdom
542255,85123A,WHITE HANGING HEART T-LIGHT HOLDER,6,2011-01-26 16:43:00,5.79,,United Kingdom
542255,21212,PACK OF 72 RETROSPOT CAKE CASES,1,2011-01-26 16:43:00,1.25,,United Kingdom
542258,85123A,WHITE HANGING HEART T-LIGHT HOLDER,12,2011-01-26 17:08:00,2.95,17372.0,United Kingdom
542266,85123A,WHITE HANGING HEART T-LIGHT HOLDER,9,2011-01-26 17:37:00,2.95,16918.0,United Kingdom
542274,85123A,WHITE HANGING HEART T-LIGHT HOLDER,6,2011-01-27 10:02:00,2.95,16782.0,United Kingdom
542277,85123A,WHITE HANGING HEART T-LIGHT HOLDER,32,2011-01-27 10:30:00,2.55,14440.0,United Kingdom
542277,84879,ASSORTED COLOUR BIRD ORNAMENT,8,2011-01-27 10:30:00,1.69,14440.0,United Kingdom
542284,22616,PACK OF 12 LONDON TISSUES ,72,2011-01-27 10:56:00,0.29,17311.0,United Kingdom
542344,21212,PACK OF 72 RETROSPOT CAKE CASES,5,2011-01-27 11:30:00,1.25,,United Kingdom
542353,84879,ASSORTED COLOUR BIRD ORNAMENT,8,2011-01-27 12:19:00,1.69,16700.0,United Kingdom
542353,85123A,WHITE HANGING HEART T-LIGHT HOLDER,6,2011-01-27 12:19:00,2.95,16700.0,United Kingdom
542353,22616,PACK OF 12 LONDON TISSUES ,24,2011-01-27 12:19:00,0.29,16700.0,United Kingdom
542360,85123A,WHITE HANGING HEART T-LIGHT HOLDER,2,2011-01-27 12:40:00,2.95,14701.0,United Kingdom
542373,22616,PACK OF 12 LONDON TISSUES ,48,2011-01-27 13:38:00,0.29,16767.0,United Kingdom
542381,85123A,WHITE HANGING HEART T-LIGHT HOLDER,6,2011-01-27 14:07:00,2.95,17213.0,United Kingdom
542388,85123A,WHITE HANGING HEART T-LIGHT HOLDER,6,2011-01-27 14:45:00,2.95,14239.0,United Kingdom
542389,21212,PACK OF 72 RETROSPOT CAKE CASES,24,2011-01-27 14:46:00,0.55,12868.0,United Kingdom
542393,85123A,WHITE HANGING HEART T-LIGHT HOLDER,4,2011-01-27 15:02:00,2.95,18125.0,United Kingdom
542398,85123A,WHITE HANGING HEART T-LIGHT HOLDER,2,2011-01-27 15:36:00,2.95,13174.0,United Kingdom
542408,21212,PACK OF 72 RETROSPOT CAKE CASES,12,2011-01-27 16:29:00,0.55,13280.0,United Kingdom
542420,21212,PACK OF 72 RETROSPOT CAKE CASES,6,2011-01-27 18:05:00,0.55,17180.0,United Kingdom
542434,85123A,WHITE HANGING HEART T-LIGHT HOLDER,12,2011-01-28 10:47:00,2.95,16755.0,United Kingdom
542470,85123A,WHITE HANGING HEART T-LIGHT HOLDER,12,2011-01-28 11:27:00,2.95,14133.0,United Kingdom
542503,84879,ASSORTED COLOUR BIRD ORNAMENT,8,2011-01-28 11:58:00,1.69,16327.0,United Kingdom
542520,85123A,WHITE HANGING HEART T-LIGHT HOLDER,5,2011-01-28 12:21:00,2.95,15547.0,United Kingdom
542526,84879,ASSORTED COLOUR BIRD ORNAMENT,8,2011-01-28 12:43:00,1.69,14659.0,United Kingdom
542530,85123A,WHITE HANGING HEART T-LIGHT HOLDER,6,2011-01-28 13:08:00,2.95,15365.0,United Kingdom
542530,84879,ASSORTED COLOUR BIRD ORNAMENT,16,2011-01-28 13:08:00,1.69,15365.0,United Kingdom
542536,21212,PACK OF 72 RETROSPOT CAKE CASES,15,2011-01-28 13:37:00,2.08,,United Kingdom
542538,85123A,WHITE HANGING HEART T-LIGHT HOLDER,32,2011-01-28 13:54:00,2.55,15079.0,United Kingdom
542541,21212,PACK OF 72 RETROSPOT CAKE CASES,1,2011-01-28 14:25:00,1.25,,United Kingdom
542541,85123A,WHITE HANGING HEART T-LIGHT HOLDER,1,2011-01-28 14:25:00,5.79,,United Kingdom
542541,84879,ASSORTED COLOUR BIRD ORNAMENT,8,2011-01-28 14:25:00,3.12,,United Kingdom
542595,85123A,WHITE HANGING HEART T-LIGHT HOLDER,32,2011-01-30 10:19:00,2.55,14040.0,United Kingdom
542602,85123A,WHITE HANGING HEART T-LIGHT HOLDER,2,2011-01-30 12:09:00,2.95,15579.0,United Kingdom
542603,84879,ASSORTED COLOUR BIRD ORNAMENT,16,2011-01-30 12:09:00,1.69,16985.0,United Kingdom
542603,85123A,WHITE HANGING HEART T-LIGHT HOLDER,32,2011-01-30 12:09:00,2.55,16985.0,United Kingdom
542606,85123A,WHITE HANGING HEART T-LIGHT HOLDER,20,2011-01-30 13:36:00,2.95,14595.0,United Kingdom
542607,85123A,WHITE HANGING HEART T-LIGHT HOLDER,6,2011-01-30 13:48:00,2.95,13148.0,United Kingdom
542608,85123A,WHITE HANGING HEART T-LIGHT HOLDER,4,2011-01-30 13:51:00,2.95,16770.0,United Kingdom
542609,85123A,WHITE HANGING HEART T-LIGHT HOLDER,8,2011-01-30 14:03:00,2.95,13161.0,United Kingdom
542611,85123A,WHITE HANGING HEART T-LIGHT HOLDER,6,2011-01-30 14:13:00,2.95,15415.0,United Kingdom
542613,21212,PACK OF 72 RETROSPOT CAKE CASES,4,2011-01-30 14:36:00,0.55,17431.0,United Kingdom
542614,85123A,WHITE HANGING HEART T-LIGHT HOLDER,12,2011-01-30 14:37:00,2.95,15708.0,United Kingdom
542617,84879,ASSORTED COLOUR BIRD ORNAMENT,8,2011-01-30 15:48:00,1.69,17463.0,United Kingdom
542618,85123A,WHITE HANGING HEART T-LIGHT HOLDER,1,2011-01-30 15:52:00,2.95,14502.0,United Kingdom
542621,21212,PACK OF 72 RETROSPOT CAKE CASES,24,2011-01-31 09:05:00,0.55,12528.0,Germany
542622,85123A,WHITE HANGING HEART T-LIGHT HOLDER,1,2011-01-31 09:09:00,5.79,,United Kingdom
542623,85123A,WHITE HANGING HEART T-LIGHT HOLDER,24,2011-01-31 09:41:00,2.95,17239.0,United Kingdom
542626,21212,PACK OF 72 RETROSPOT CAKE CASES,24,2011-01-31 09:51:00,0.55,12720.0,Germany
542627,21212,PACK OF 72 RETROSPOT CAKE CASES,24,2011-01-31 09:51:00,0.55,14426.0,United Kingdom
542629,84879,ASSORTED COLOUR BIRD ORNAMENT,160,2011-01-31 09:57:00,1.45,12731.0,France
542633,21212,PACK OF 72 RETROSPOT CAKE CASES,8,2011-01-31 10:31:00,2.08,,United Kingdom
542634,84879,ASSORTED COLOUR BIRD ORNAMENT,8,2011-01-31 10:42:00,1.69,15448.0,United Kingdom
542648,84879,ASSORTED COLOUR BIRD ORNAMENT,24,2011-01-31 11:46:00,1.69,12476.0,Germany
542659,21212,PACK OF 72 RETROSPOT CAKE CASES,24,2011-01-31 12:09:00,0.55,15738.0,United Kingdom
542662,21212,PACK OF 72 RETROSPOT CAKE CASES,24,2011-01-31 12:10:00,0.55,18145.0,United Kingdom
542667,21212,PACK OF 72 RETROSPOT CAKE CASES,6,2011-01-31 12:16:00,0.55,17068.0,United Kingdom
542691,84879,ASSORTED COLOUR BIRD ORNAMENT,160,2011-01-31 12:34:00,1.45,13408.0,United Kingdom
542709,21212,PACK OF 72 RETROSPOT CAKE CASES,24,2011-01-31 13:17:00,0.55,15144.0,United Kingdom
542711,85123A,WHITE HANGING HEART T-LIGHT HOLDER,1,2011-01-31 13:19:00,2.95,17894.0,United Kingdom
542716,84879,ASSORTED COLOUR BIRD ORNAMENT,8,2011-01-31 14:02:00,1.69,16407.0,United Kingdom
542717,84879,ASSORTED COLOUR BIRD ORNAMENT,3,2011-01-31 14:07:00,1.69,17580.0,United Kingdom
542717,85123A,WHITE HANGING HEART T-LIGHT HOLDER,1,2011-01-31 14:07:00,2.95,17580.0,United Kingdom
542719,84879,ASSORTED COLOUR BIRD ORNAMENT,2,2011-01-31 14:18:00,1.69,17619.0,United Kingdom
542719,85123A,WHITE HANGING HEART T-LIGHT HOLDER,2,2011-01-31 14:18:00,2.95,17619.0,United Kingdom
542719,84879,ASSORTED COLOUR BIRD ORNAMENT,1,2011-01-31 14:18:00,1.69,17619.0,United Kingdom
542777,85123A,WHITE HANGING HEART T-LIGHT HOLDER,6,2011-02-01 08:31:00,2.95,14911.0,EIRE
542778,84879,ASSORTED COLOUR BIRD ORNAMENT,8,2011-02-01 09:01:00,1.69,14496.0,United Kingdom
542779,21212,PACK OF 72 RETROSPOT CAKE CASES,24,2011-02-01 09:36:00,0.55,17147.0,United Kingdom
542780,85123A,WHITE HANGING HEART T-LIGHT HOLDER,32,2011-02-01 09:38:00,2.55,17675.0,United Kingdom
542786,22616,PACK OF 12 LONDON TISSUES ,24,2011-02-01 10:15:00,0.29,17314.0,United Kingdom
542786,21212,PACK OF 72 RETROSPOT CAKE CASES,24,2011-02-01 10:15:00,0.55,17314.0,United Kingdom
542788,21212,PACK OF 72 RETROSPOT CAKE CASES,48,2011-02-01 10:37:00,0.55,16570.0,United Kingdom
542789,84879,ASSORTED COLOUR BIRD ORNAMENT,160,2011-02-01 10:38:00,1.45,17511.0,United Kingdom
542789,85123A,WHITE HANGING HEART T-LIGHT HOLDER,32,2011-02-01 10:38:00,2.55,17511.0,United Kingdom
542790,85123A,WHITE HANGING HEART T-LIGHT HOLDER,6,2011-02-01 10:38:00,2.95,16612.0,United Kingdom
542795,84879,ASSORTED COLOUR BIRD ORNAMENT,24,2011-02-01 10:59:00,1.69,18055.0,United Kingdom
542796,22616,PACK OF 12 LONDON TISSUES ,12,2011-02-01 11:07:00,0.29,17356.0,United Kingdom
542806,85123A,WHITE HANGING HEART T-LIGHT HOLDER,33,2011-02-01 11:20:00,2.55,12836.0,United Kingdom
542812,21212,PACK OF 72 RETROSPOT CAKE CASES,12,2011-02-01 11:21:00,0.55,14850.0,United Kingdom
542858,22616,PACK OF 12 LONDON TISSUES ,24,2011-02-01 11:40:00,0.29,17228.0,United Kingdom
542858,21212,PACK OF 72 RETROSPOT CAKE CASES,4,2011-02-01 11:40:00,0.55,17228.0,United Kingdom
542862,21212,PACK OF 72 RETROSPOT CAKE CASES,2,2011-02-01 11:51:00,0.55,14606.0,United Kingdom
542868,84879,ASSORTED COLOUR BIRD ORNAMENT,24,2011-02-01 12:25:00,1.69,16419.0,United Kingdom
542869,84879,ASSORTED COLOUR BIRD ORNAMENT,8,2011-02-01 12:27:00,1.69,17035.0,United Kingdom
542886,84879,ASSORTED COLOUR BIRD ORNAMENT,24,2011-02-01 13:09:00,1.69,16515.0,United Kingdom
542888,21212,PACK OF 72 RETROSPOT CAKE CASES,24,2011-02-01 13:15:00,0.55,15687.0,United Kingdom
542891,85123A,WHITE HANGING HEART T-LIGHT HOLDER,64,2011-02-01 13:26:00,2.55,16705.0,United Kingdom
542893,84879,ASSORTED COLOUR BIRD ORNAMENT,16,2011-02-01 13:36:00,1.69,18202.0,United Kingdom
542895,85123A,WHITE HANGING HEART T-LIGHT HOLDER,3,2011-02-01 13:47:00,2.95,14549.0,United Kingdom
542897,85123A,WHITE HANGING HEART T-LIGHT HOLDER,6,2011-02-01 13:55:00,2.95,15854.0,United Kingdom
542905,84879,ASSORTED COLOUR BIRD ORNAMENT,40,2011-02-01 15:11:00,1.69,12540.0,Spain
542906,85123A,WHITE HANGING HEART T-LIGHT HOLDER,1,2011-02-01 15:12:00,5.79,,United Kingdom
542906,21212,PACK OF 72 RETROSPOT CAKE CASES,10,2011-02-01 15:12:00,1.25,,United Kingdom
542908,85123A,WHITE HANGING HEART T-LIGHT HOLDER,12,2011-02-01 15:24:00,2.95,13110.0,United Kingdom
542923,85123A,WHITE HANGING HEART T-LIGHT HOLDER,6,2011-02-02 09:08:00,2.95,14665.0,United Kingdom
542930,84879,ASSORTED COLOUR BIRD ORNAMENT,160,2011-02-02 10:41:00,1.45,14233.0,United Kingdom
542932,85123A,WHITE HANGING HEART T-LIGHT HOLDER,32,2011-02-02 10:54:00,2.55,13089.0,United Kingdom
542932,84879,ASSORTED COLOUR BIRD ORNAMENT,32,2011-02-02 10:54:00,1.69,13089.0,United Kingdom
542934,85123A,WHITE HANGING HEART T-LIGHT HOLDER,32,2011-02-02 11:01:00,2.55,13093.0,United Kingdom
542994,85123A,WHITE HANGING HEART T-LIGHT HOLDER,64,2011-02-02 12:03:00,2.55,17230.0,United Kingdom
542996,84879,ASSORTED COLOUR BIRD ORNAMENT,24,2011-02-02 12:10:00,1.69,15046.0,United Kingdom
543003,84879,ASSORTED COLOUR BIRD ORNAMENT,8,2011-02-02 12:38:00,1.69,14312.0,United Kingdom
543006,85123A,WHITE HANGING HEART T-LIGHT HOLDER,4,2011-02-02 12:53:00,2.95,17975.0,United Kingdom
543011,85123A,WHITE HANGING HEART T-LIGHT HOLDER,24,2011-02-02 13:25:00,2.95,15270.0,United Kingdom
543013,22616,PACK OF 12 LONDON TISSUES ,8,2011-02-02 13:35:00,0.83,,United Kingdom
543013,85123A,WHITE HANGING HEART T-LIGHT HOLDER,3,2011-02-02 13:35:00,5.79,,United Kingdom
543020,85123A,WHITE HANGING HEART T-LIGHT HOLDER,2,2011-02-02 14:29:00,2.95,15005.0,United Kingdom
543022,85123A,WHITE HANGING HEART T-LIGHT HOLDER,6,2011-02-02 14:37:00,2.95,16771.0,United Kingdom
543023,85123A,WHITE HANGING HEART T-LIGHT HOLDER,12,2011-02-02 14:38:00,2.95,15270.0,United Kingdom
543024,85123A,WHITE HANGING HEART T-LIGHT HOLDER,24,2011-02-02 14:39:00,2.55,13777.0,United Kingdom
543028,85123A,WHITE HANGING HEART T-LIGHT HOLDER,6,2011-02-02 15:09:00,2.95,14443.0,United Kingdom
543031,85123A,WHITE HANGING HEART T-LIGHT HOLDER,6,2011-02-02 15:26:00,2.95,14798.0,United Kingdom
543040,22616,PACK OF 12 LONDON TISSUES ,12,2011-02-02 17:06:00,0.29,17337.0,United Kingdom
543040,85123A,WHITE HANGING HEART T-LIGHT HOLDER,1,2011-02-02 17:06:00,2.95,17337.0,United Kingdom
543040,21212,PACK OF 72 RETROSPOT CAKE CASES,2,2011-02-02 17:06:00,0.55,17337.0,United Kingdom
543047,85123A,WHITE HANGING HEART T-LIGHT HOLDER,6,2011-02-03 09:42:00,2.95,16210.0,United Kingdom
543048,84879,ASSORTED COLOUR BIRD ORNAMENT,8,2011-02-03 09:58:00,1.69,12600.0,Germany
543053,85123A,WHITE HANGING HEART T-LIGHT HOLDER,1,2011-02-03 10:26:00,2.95,17362.0,United Kingdom
543097,85123A,WHITE HANGING HEART T-LIGHT HOLDER,4,2011-02-03 11:41:00,5.79,,United Kingdom
543099,21212,PACK OF 72 RETROSPOT CAKE CASES,120,2011-02-03 12:00:00,0.42,16684.0,United Kingdom
543108,84879,ASSORTED COLOUR BIRD ORNAMENT,8,2011-02-03 12:37:00,1.69,14085.0,United Kingdom
543108,85123A,WHITE HANGING HEART T-LIGHT HOLDER,3,2011-02-03 12:37:00,2.95,14085.0,United Kingdom
543111,85123A,WHITE HANGING HEART T-LIGHT HOLDER,2,2011-02-03 12:44:00,2.95,15719.0,United Kingdom
543111,84879,ASSORTED COLOUR BIRD ORNAMENT,8,2011-02-03 12:44:00,1.69,15719.0,United Kingdom
543111,21212,PACK OF 72 RETROSPOT CAKE CASES,4,2011-02-03 12:44:00,0.55,15719.0,United Kingdom
543114,85123A,WHITE HANGING HEART T-LIGHT HOLDER,32,2011-02-03 13:26:00,2.55,14156.0,EIRE
543116,21212,PACK OF 72 RETROSPOT CAKE CASES,24,2011-02-03 13:29:00,0.55,17672.0,United Kingdom
543123,85123A,WHITE HANGING HEART T-LIGHT HOLDER,6,2011-02-03 14:08:00,2.95,18178.0,United Kingdom
543126,85123A,WHITE HANGING HEART T-LIGHT HOLDER,6,2011-02-03 14:41:00,2.95,13581.0,United Kingdom
543162,21212,PACK OF 72 RETROSPOT CAKE CASES,12,2011-02-03 18:08:00,0.55,17507.0,United Kingdom
543165,85123A,WHITE HANGING HEART T-LIGHT HOLDER,3,2011-02-03 19:58:00,2.95,13230.0,United Kingdom
543166,85123A,WHITE HANGING HEART T-LIGHT HOLDER,6,2011-02-04 08:27:00,2.95,13488.0,United Kingdom
543174,85123A,WHITE HANGING HEART T-LIGHT HOLDER,12,2011-02-04 09:34:00,2.95,16938.0,United Kingdom
543182,21212,PACK OF 72 RETROSPOT CAKE CASES,1,2011-02-04 10:40:00,1.25,,United Kingdom
543187,85123A,WHITE HANGING HEART T-LIGHT HOLDER,6,2011-02-04 11:43:00,2.95,14778.0,United Kingdom
543188,21212,PACK OF 72 RETROSPOT CAKE CASES,24,2011-02-04 11:45:00,0.55,12567.0,France
543191,21212,PACK OF 72 RETROSPOT CAKE CASES,3,2011-02-04 11:54:00,0.55,13137.0,United Kingdom
543192,22616,PACK OF 12 LONDON TISSUES ,864,2011-02-04 11:55:00,0.29,17381.0,United Kingdom
543199,85123A,WHITE HANGING HEART T-LIGHT HOLDER,12,2011-02-04 12:40:00,2.95,13102.0,United Kingdom
543199,22616,PACK OF 12 LONDON TISSUES ,24,2011-02-04 12:40:00,0.29,13102.0,United Kingdom
543235,84879,ASSORTED COLOUR BIRD ORNAMENT,8,2011-02-04 13:30:00,1.69,14462.0,United Kingdom
543237,21212,PACK OF 72 RETROSPOT CAKE CASES,14,2011-02-04 13:39:00,2.08,,United Kingdom
543250,21212,PACK OF 72 RETROSPOT CAKE CASES,24,2011-02-04 14:46:00,0.55,13911.0,United Kingdom
543251,85123A,WHITE HANGING HEART T-LIGHT HOLDER,6,2011-02-04 14:51:00,2.95,14194.0,United Kingdom
543251,21212,PACK OF 72 RETROSPOT CAKE CASES,24,2011-02-04 14:51:00,0.55,14194.0,United Kingdom
543272,85123A,WHITE HANGING HEART T-LIGHT HOLDER,2,2011-02-06 11:11:00,2.95,14810.0,United Kingdom
543273,84879,ASSORTED COLOUR BIRD ORNAMENT,3,2011-02-06 11:29:00,1.69,16456.0,United Kingdom
543276,85123A,WHITE HANGING HEART T-LIGHT HOLDER,32,2011-02-06 13:57:00,2.55,16525.0,United Kingdom
543282,85123A,WHITE HANGING HEART T-LIGHT HOLDER,1,2011-02-06 16:08:00,2.95,12956.0,United Kingdom
543282,84879,ASSORTED COLOUR BIRD ORNAMENT,8,2011-02-06 16:08:00,1.69,12956.0,United Kingdom
543293,84879,ASSORTED COLOUR BIRD ORNAMENT,8,2011-02-07 11:20:00,1.69,17613.0,United Kingdom
543293,85123A,WHITE HANGING HEART T-LIGHT HOLDER,6,2011-02-07 11:20:00,2.95,17613.0,United Kingdom
543300,22616,PACK OF 12 LONDON TISSUES ,12,2011-02-07 11:42:00,0.29,13334.0,United Kingdom
543300,85123A,WHITE HANGING HEART T-LIGHT HOLDER,32,2011-02-07 11:42:00,2.55,13334.0,United Kingdom
543300,21212,PACK OF 72 RETROSPOT CAKE CASES,24,2011-02-07 11:42:00,0.55,13334.0,United Kingdom
543345,85123A,WHITE HANGING HEART T-LIGHT HOLDER,2,2011-02-07 12:29:00,5.79,,United Kingdom
543350,85123A,WHITE HANGING HEART T-LIGHT HOLDER,8,2011-02-07 13:15:00,2.95,13809.0,Cyprus
543358,21212,PACK OF 72 RETROSPOT CAKE CASES,2,2011-02-07 14:04:00,1.25,,United Kingdom
543358,85123A,WHITE HANGING HEART T-LIGHT HOLDER,1,2011-02-07 14:04:00,5.79,,United Kingdom
543367,85123A,WHITE HANGING HEART T-LIGHT HOLDER,12,2011-02-07 14:33:00,2.95,18225.0,United Kingdom
543370,22616,PACK OF 12 LONDON TISSUES ,24,2011-02-07 14:51:00,0.29,12359.0,Cyprus
543371,85123A,WHITE HANGING HEART T-LIGHT HOLDER,8,2011-02-07 14:53:00,2.95,14048.0,United Kingdom
543377,21212,PACK OF 72 RETROSPOT CAKE CASES,24,2011-02-07 15:14:00,0.55,13725.0,United Kingdom
543382,22616,PACK OF 12 LONDON TISSUES ,36,2011-02-07 16:21:00,0.29,14030.0,United Kingdom
543391,85123A,WHITE HANGING HEART T-LIGHT HOLDER,6,2011-02-08 10:12:00,2.95,14475.0,United Kingdom
543394,85123A,WHITE HANGING HEART T-LIGHT HOLDER,96,2011-02-08 10:17:00,2.55,15797.0,United Kingdom
543398,85123A,WHITE HANGING HEART T-LIGHT HOLDER,6,2011-02-08 10:47:00,2.95,16458.0,United Kingdom
543399,22616,PACK OF 12 LONDON TISSUES ,35,2011-02-08 11:07:00,0.83,,United Kingdom
543399,84879,ASSORTED COLOUR BIRD ORNAMENT,8,2011-02-08 11:07:00,3.12,,United Kingdom
543413,85123A,WHITE HANGING HEART T-LIGHT HOLDER,32,2011-02-08 11:32:00,2.55,13098.0,United Kingdom
543428,85123A,WHITE HANGING HEART T-LIGHT HOLDER,6,2011-02-08 11:36:00,2.95,17787.0,United Kingdom
543448,21212,PACK OF 72 RETROSPOT CAKE CASES,9,2011-02-08 12:12:00,2.08,,United Kingdom
543459,21212,PACK OF 72 RETROSPOT CAKE CASES,24,2011-02-08 13:28:00,0.55,12599.0,France
543467,85123A,WHITE HANGING HEART T-LIGHT HOLDER,2,2011-02-08 14:35:00,5.79,,United Kingdom
543467,21212,PACK OF 72 RETROSPOT CAKE CASES,1,2011-02-08 14:35:00,1.25,,United Kingdom
543470,21212,PACK OF 72 RETROSPOT CAKE CASES,24,2011-02-08 14:58:00,0.55,16951.0,United Kingdom
543474,85123A,WHITE HANGING HEART T-LIGHT HOLDER,5,2011-02-08 15:09:00,2.95,14415.0,United Kingdom
543483,84879,ASSORTED COLOUR BIRD ORNAMENT,8,2011-02-09 09:10:00,1.69,18075.0,United Kingdom
543484,21212,PACK OF 72 RETROSPOT CAKE CASES,24,2011-02-09 10:11:00,0.55,12721.0,France
543486,84879,ASSORTED COLOUR BIRD ORNAMENT,8,2011-02-09 10:24:00,1.69,13319.0,United Kingdom
543529,85123A,WHITE HANGING HEART T-LIGHT HOLDER,5,2011-02-09 12:16:00,2.95,18109.0,United Kingdom
543534,21212,PACK OF 72 RETROSPOT CAKE CASES,24,2011-02-09 13:25:00,0.55,13590.0,United Kingdom
543536,21212,PACK OF 72 RETROSPOT CAKE CASES,4,2011-02-09 13:41:00,0.55,,United Kingdom
543540,22616,PACK OF 12 LONDON TISSUES ,24,2011-02-09 14:44:00,0.29,17412.0,United Kingdom
543541,85123A,WHITE HANGING HEART T-LIGHT HOLDER,6,2011-02-09 14:44:00,2.95,12462.0,Spain
543542,22616,PACK OF 12 LONDON TISSUES ,24,2011-02-09 15:25:00,0.29,16607.0,United Kingdom
543546,85123A,WHITE HANGING HEART T-LIGHT HOLDER,1,2011-02-09 16:52:00,5.79,,United Kingdom
543546,21212,PACK OF 72 RETROSPOT CAKE CASES,1,2011-02-09 16:52:00,1.25,,United Kingdom
543547,85123A,WHITE HANGING HEART T-LIGHT HOLDER,2,2011-02-09 16:57:00,2.95,17358.0,United Kingdom
543548,84879,ASSORTED COLOUR BIRD ORNAMENT,8,2011-02-10 09:21:00,1.69,13706.0,United Kingdom
543549,22616,PACK OF 12 LONDON TISSUES ,432,2011-02-10 09:29:00,0.22,17940.0,United Kingdom
543555,85123A,WHITE HANGING HEART T-LIGHT HOLDER,32,2011-02-10 10:18:00,2.55,17686.0,United Kingdom
543591,84879,ASSORTED COLOUR BIRD ORNAMENT,16,2011-02-10 11:46:00,1.69,13854.0,United Kingdom
543592,85123A,WHITE HANGING HEART T-LIGHT HOLDER,9,2011-02-10 11:57:00,2.95,17243.0,United Kingdom
543610,21212,PACK OF 72 RETROSPOT CAKE CASES,24,2011-02-10 14:30:00,0.55,16425.0,United Kingdom
543619,84879,ASSORTED COLOUR BIRD ORNAMENT,16,2011-02-10 14:51:00,1.69,16842.0,United Kingdom
543625,22616,PACK OF 12 LONDON TISSUES ,24,2011-02-10 15:38:00,0.29,12583.0,France
543626,85123A,WHITE HANGING HEART T-LIGHT HOLDER,12,2011-02-10 15:40:00,2.95,15796.0,United Kingdom
543630,84879,ASSORTED COLOUR BIRD ORNAMENT,32,2011-02-10 16:01:00,1.69,15046.0,United Kingdom
543631,21212,PACK OF 72 RETROSPOT CAKE CASES,2,2011-02-10 16:17:00,0.55,14081.0,United Kingdom
543631,85123A,WHITE HANGING HEART T-LIGHT HOLDER,4,2011-02-10 16:17:00,2.95,14081.0,United Kingdom
543641,85123A,WHITE HANGING HEART T-LIGHT HOLDER,4,2011-02-10 17:19:00,2.95,14555.0,United Kingdom
543646,85123A,WHITE HANGING HEART T-LIGHT HOLDER,5,2011-02-10 19:44:00,2.95,17790.0,United Kingdom
543658,21212,PACK OF 72 RETROSPOT CAKE CASES,120,2011-02-11 10:38:00,0.42,13819.0,United Kingdom
543668,85123A,WHITE HANGING HEART T-LIGHT HOLDER,3,2011-02-11 11:17:00,2.95,18118.0,United Kingdom
543675,85123A,WHITE HANGING HEART T-LIGHT HOLDER,150,2011-02-11 11:31:00,2.55,16013.0,United Kingdom
543713,21212,PACK OF 72 RETROSPOT CAKE CASES,14,2011-02-11 11:46:00,2.08,,United Kingdom
543734,85123A,WHITE HANGING HEART T-LIGHT HOLDER,12,2011-02-11 12:22:00,2.95,17512.0,United Kingdom
543736,85123A,WHITE HANGING HEART T-LIGHT HOLDER,12,2011-02-11 12:36:00,2.95,15044.0,United Kingdom
543759,84879,ASSORTED COLOUR BIRD ORNAMENT,32,2011-02-11 15:12:00,1.69,12921.0,United Kingdom
543774,85123A,WHITE HANGING HEART T-LIGHT HOLDER,32,2011-02-11 15:56:00,2.55,15856.0,United Kingdom
543799,84879,ASSORTED COLOUR BIRD ORNAMENT,16,2011-02-13 11:22:00,1.69,17236.0,United Kingdom
543802,85123A,WHITE HANGING HEART T-LIGHT HOLDER,4,2011-02-13 12:03:00,2.95,13742.0,United Kingdom
543803,84879,ASSORTED COLOUR BIRD ORNAMENT,8,2011-02-13 12:05:00,1.69,17126.0,United Kingdom
543803,85123A,WHITE HANGING HEART T-LIGHT HOLDER,2,2011-02-13 12:05:00,2.95,17126.0,United Kingdom
543808,21212,PACK OF 72 RETROSPOT CAKE CASES,2,2011-02-13 13:22:00,0.55,17454.0,United Kingdom
543814,21212,PACK OF 72 RETROSPOT CAKE CASES,24,2011-02-13 15:17:00,0.55,15640.0,United Kingdom
543821,21212,PACK OF 72 RETROSPOT CAKE CASES,24,2011-02-14 09:24:00,0.55,17667.0,United Kingdom
543826,85123A,WHITE HANGING HEART T-LIGHT HOLDER,1,2011-02-14 09:41:00,5.79,,United Kingdom
543832,84879,ASSORTED COLOUR BIRD ORNAMENT,16,2011-02-14 10:10:00,1.69,13381.0,United Kingdom
543852,85123A,WHITE HANGING HEART T-LIGHT HOLDER,64,2011-02-14 11:57:00,2.55,14258.0,United Kingdom
543899,84879,ASSORTED COLOUR BIRD ORNAMENT,24,2011-02-14 12:11:00,1.69,,EIRE
543899,21212,PACK OF 72 RETROSPOT CAKE CASES,48,2011-02-14 12:11:00,0.55,,EIRE
543899,21212,PACK OF 72 RETROSPOT CAKE CASES,24,2011-02-14 12:11:00,0.55,,EIRE
543907,84879,ASSORTED COLOUR BIRD ORNAMENT,8,2011-02-14 12:16:00,1.69,17346.0,United Kingdom
543909,22616,PACK OF 12 LONDON TISSUES ,4,2011-02-14 12:32:00,0.83,,United Kingdom
543909,85123A,WHITE HANGING HEART T-LIGHT HOLDER,1,2011-02-14 12:32:00,5.79,,United Kingdom
543973,84879,ASSORTED COLOUR BIRD ORNAMENT,12,2011-02-14 15:15:00,1.69,17571.0,United Kingdom
543976,84879,ASSORTED COLOUR BIRD ORNAMENT,160,2011-02-14 15:26:00,1.45,13089.0,United Kingdom
543978,84879,ASSORTED COLOUR BIRD ORNAMENT,16,2011-02-14 15:37:00,1.69,12867.0,United Kingdom
543978,21212,PACK OF 72 RETROSPOT CAKE CASES,6,2011-02-14 15:37:00,0.55,12867.0,United Kingdom
543989,21212,PACK OF 72 RETROSPOT CAKE CASES,120,2011-02-15 09:52:00,0.42,12415.0,Australia
544037,21212,PACK OF 72 RETROSPOT CAKE CASES,24,2011-02-15 11:31:00,0.55,14961.0,United Kingdom
544055,84879,ASSORTED COLOUR BIRD ORNAMENT,40,2011-02-15 12:48:00,1.69,14035.0,United Kingdom
544055,85123A,WHITE HANGING HEART T-LIGHT HOLDER,12,2011-02-15 12:48:00,2.95,14035.0,United Kingdom
544067,84879,ASSORTED COLOUR BIRD ORNAMENT,16,2011-02-15 14:02:00,1.69,16431.0,United Kingdom
544068,84879,ASSORTED COLOUR BIRD ORNAMENT,3,2011-02-15 14:08:00,1.69,16431.0,United Kingdom
544068,84879,ASSORTED COLOUR BIRD ORNAMENT,1,2011-02-15 14:08:00,1.69,16431.0,United Kingdom
544077,84879,ASSORTED COLOUR BIRD ORNAMENT,24,2011-02-15 15:04:00,1.69,14825.0,United Kingdom
544094,21212,PACK OF 72 RETROSPOT CAKE CASES,24,2011-02-16 09:11:00,0.55,15810.0,United Kingdom
544097,85123A,WHITE HANGING HEART T-LIGHT HOLDER,32,2011-02-16 09:56:00,2.55,12455.0,Cyprus
544098,84879,ASSORTED COLOUR BIRD ORNAMENT,8,2011-02-16 10:04:00,1.69,16019.0,United Kingdom
544100,85123A,WHITE HANGING HEART T-LIGHT HOLDER,6,2011-02-16 10:25:00,2.95,15002.0,United Kingdom
544100,84879,ASSORTED COLOUR BIRD ORNAMENT,8,2011-02-16 10:25:00,1.69,15002.0,United Kingdom
544106,85123A,WHITE HANGING HEART T-LIGHT HOLDER,6,2011-02-16 10:47:00,2.95,14530.0,United Kingdom
544151,84879,ASSORTED COLOUR BIRD ORNAMENT,8,2011-02-16 12:02:00,1.69,15024.0,United Kingdom
544153,85123A,WHITE HANGING HEART T-LIGHT HOLDER,5,2011-02-16 12:11:00,2.95,15356.0,United Kingdom
544158,85123A,WHITE HANGING HEART T-LIGHT HOLDER,12,2011-02-16 12:47:00,2.95,14944.0,United Kingdom
544159,84879,ASSORTED COLOUR BIRD ORNAMENT,16,2011-02-16 12:48:00,1.69,14944.0,United Kingdom
544160,85123A,WHITE HANGING HEART T-LIGHT HOLDER,1,2011-02-16 12:49:00,2.95,16494.0,United Kingdom
544160,85123A,WHITE HANGING HEART T-LIGHT HOLDER,3,2011-02-16 12:49:00,2.95,16494.0,United Kingdom
544160,84879,ASSORTED COLOUR BIRD ORNAMENT,24,2011-02-16 12:49:00,1.69,16494.0,United Kingdom
544161,22616,PACK OF 12 LONDON TISSUES ,24,2011-02-16 12:59:00,0.29,16875.0,United Kingdom
544162,84879,ASSORTED COLOUR BIRD ORNAMENT,16,2011-02-16 13:00:00,1.69,14959.0,United Kingdom
544164,22616,PACK OF 12 LONDON TISSUES ,432,2011-02-16 13:02:00,0.25,17306.0,United Kingdom
544165,85123A,WHITE HANGING HEART T-LIGHT HOLDER,6,2011-02-16 13:11:00,2.95,14210.0,United Kingdom
544167,85123A,WHITE HANGING HEART T-LIGHT HOLDER,18,2011-02-16 13:14:00,2.95,14755.0,United Kingdom
544167,84879,ASSORTED COLOUR BIRD ORNAMENT,8,2011-02-16 13:14:00,1.69,14755.0,United Kingdom
544168,85123A,WHITE HANGING HEART T-LIGHT HOLDER,96,2011-02-16 13:16:00,2.55,13798.0,United Kingdom
544176,85123A,WHITE HANGING HEART T-LIGHT HOLDER,6,2011-02-16 14:18:00,2.95,18219.0,United Kingdom
544176,84879,ASSORTED COLOUR BIRD ORNAMENT,8,2011-02-16 14:18:00,1.69,18219.0,United Kingdom
544177,85123A,WHITE HANGING HEART T-LIGHT HOLDER,12,2011-02-16 14:27:00,2.95,13001.0,United Kingdom
544177,84879,ASSORTED COLOUR BIRD ORNAMENT,24,2011-02-16 14:27:00,1.69,13001.0,United Kingdom
544186,21212,PACK OF 72 RETROSPOT CAKE CASES,3,2011-02-16 15:55:00,1.25,,United Kingdom
544191,84879,ASSORTED COLOUR BIRD ORNAMENT,36,2011-02-16 16:57:00,1.69,13089.0,United Kingdom
544199,85123A,WHITE HANGING HEART T-LIGHT HOLDER,12,2011-02-17 10:04:00,2.55,13777.0,United Kingdom
544210,85123A,WHITE HANGING HEART T-LIGHT HOLDER,6,2011-02-17 11:01:00,2.95,14911.0,EIRE
544214,21212,PACK OF 72 RETROSPOT CAKE CASES,13,2011-02-17 11:19:00,2.08,,United Kingdom
544278,22616,PACK OF 12 LONDON TISSUES ,24,2011-02-17 12:01:00,0.29,15382.0,United Kingdom
544278,21212,PACK OF 72 RETROSPOT CAKE CASES,24,2011-02-17 12:01:00,0.55,15382.0,United Kingdom
544280,84879,ASSORTED COLOUR BIRD ORNAMENT,8,2011-02-17 12:21:00,1.69,14754.0,United Kingdom
544286,85123A,WHITE HANGING HEART T-LIGHT HOLDER,7,2011-02-17 12:29:00,2.95,13151.0,United Kingdom
544292,21212,PACK OF 72 RETROSPOT CAKE CASES,6,2011-02-17 12:33:00,0.55,16745.0,United Kingdom
544294,85123A,WHITE HANGING HEART T-LIGHT HOLDER,12,2011-02-17 12:42:00,2.95,15601.0,United Kingdom
544303,85123A,WHITE HANGING HEART T-LIGHT HOLDER,4,2011-02-17 13:28:00,2.95,18116.0,United Kingdom
544313,22616,PACK OF 12 LONDON TISSUES ,12,2011-02-17 14:36:00,0.29,14099.0,United Kingdom
544314,84879,ASSORTED COLOUR BIRD ORNAMENT,16,2011-02-17 14:42:00,1.69,13767.0,United Kingdom
544319,85123A,WHITE HANGING HEART T-LIGHT HOLDER,3,2011-02-17 15:03:00,2.95,14379.0,United Kingdom
544322,85123A,WHITE HANGING HEART T-LIGHT HOLDER,6,2011-02-17 15:50:00,2.95,14211.0,United Kingdom
544323,22616,PACK OF 12 LONDON TISSUES ,1,2011-02-17 15:51:00,0.83,,United Kingdom
544323,22616,PACK OF 12 LONDON TISSUES ,6,2011-02-17 15:51:00,0.29,,United Kingdom
544337,21212,PACK OF 72 RETROSPOT CAKE CASES,24,2011-02-18 08:34:00,0.55,13425.0,United Kingdom
544337,85123A,WHITE HANGING HEART T-LIGHT HOLDER,6,2011-02-18 08:34:00,2.95,13425.0,United Kingdom
544337,84879,ASSORTED COLOUR BIRD ORNAMENT,8,2011-02-18 08:34:00,1.69,13425.0,United Kingdom
544339,21212,PACK OF 72 RETROSPOT CAKE CASES,120,2011-02-18 09:04:00,0.42,15228.0,United Kingdom
544356,21212,PACK OF 72 RETROSPOT CAKE CASES,24,2011-02-18 11:18:00,0.55,13904.0,United Kingdom
544391,21212,PACK OF 72 RETROSPOT CAKE CASES,24,2011-02-18 11:53:00,0.55,15755.0,United Kingdom
544400,22616,PACK OF 12 LONDON TISSUES ,504,2011-02-18 12:31:00,0.25,14101.0,United Kingdom
544400,84879,ASSORTED COLOUR BIRD ORNAMENT,64,2011-02-18 12:31:00,1.69,14101.0,United Kingdom
544406,22616,PACK OF 12 LONDON TISSUES ,6,2011-02-18 13:26:00,0.29,16726.0,United Kingdom
544406,22616,PACK OF 12 LONDON TISSUES ,1,2011-02-18 13:26:00,0.29,16726.0,United Kingdom
544421,84879,ASSORTED COLOUR BIRD ORNAMENT,8,2011-02-18 15:21:00,1.69,13951.0,United Kingdom
544434,21212,PACK OF 72 RETROSPOT CAKE CASES,5,2011-02-18 16:12:00,1.25,,United Kingdom
544447,85123A,WHITE HANGING HEART T-LIGHT HOLDER,12,2011-02-20 11:39:00,2.95,16466.0,United Kingdom
544449,21212,PACK OF 72 RETROSPOT CAKE CASES,12,2011-02-20 12:14:00,0.55,16115.0,United Kingdom
544463,84879,ASSORTED COLOUR BIRD ORNAMENT,8,2011-02-20 14:31:00,1.69,12988.0,United Kingdom
544465,85123A,WHITE HANGING HEART T-LIGHT HOLDER,16,2011-02-20 15:06:00,2.95,13168.0,United Kingdom
544467,21212,PACK OF 72 RETROSPOT CAKE CASES,1,2011-02-20 15:51:00,0.55,14502.0,United Kingdom
544468,85123A,WHITE HANGING HEART T-LIGHT HOLDER,6,2011-02-21 08:33:00,2.95,,EIRE
544473,84879,ASSORTED COLOUR BIRD ORNAMENT,24,2011-02-21 09:45:00,1.69,14229.0,United Kingdom
544476,21212,PACK OF 72 RETROSPOT CAKE CASES,2,2011-02-21 09:58:00,0.55,14796.0,United Kingdom
544568,21212,PACK OF 72 RETROSPOT CAKE CASES,24,2011-02-21 12:54:00,0.55,15065.0,United Kingdom
544569,21212,PACK OF 72 RETROSPOT CAKE CASES,3,2011-02-21 12:58:00,0.55,16980.0,United Kingdom
544572,84879,ASSORTED COLOUR BIRD ORNAMENT,16,2011-02-21 13:21:00,1.69,14639.0,United Kingdom
544586,85123A,WHITE HANGING HEART T-LIGHT HOLDER,8,2011-02-21 15:04:00,2.95,17338.0,United Kingdom
544586,21212,PACK OF 72 RETROSPOT CAKE CASES,1,2011-02-21 15:04:00,0.55,17338.0,United Kingdom
544586,21212,PACK OF 72 RETROSPOT CAKE CASES,4,2011-02-21 15:04:00,0.55,17338.0,United Kingdom
544597,85123A,WHITE HANGING HEART T-LIGHT HOLDER,3,2011-02-21 17:42:00,2.95,16014.0,United Kingdom
544598,22616,PACK OF 12 LONDON TISSUES ,8,2011-02-21 18:10:00,0.83,,United Kingdom
544599,22616,PACK OF 12 LONDON TISSUES ,1,2011-02-21 18:15:00,0.83,,United Kingdom
544599,21212,PACK OF 72 RETROSPOT CAKE CASES,1,2011-02-21 18:15:00,1.25,,United Kingdom
544599,85123A,WHITE HANGING HEART T-LIGHT HOLDER,3,2011-02-21 18:15:00,5.79,,United Kingdom
544599,85123A,WHITE HANGING HEART T-LIGHT HOLDER,3,2011-02-21 18:15:00,2.95,,United Kingdom
544599,21212,PACK OF 72 RETROSPOT CAKE CASES,12,2011-02-21 18:15:00,0.55,,United Kingdom
544602,84879,ASSORTED COLOUR BIRD ORNAMENT,32,2011-02-22 09:01:00,1.69,13767.0,United Kingdom
544607,21212,PACK OF 72 RETROSPOT CAKE CASES,24,2011-02-22 10:00:00,0.55,13862.0,United Kingdom
544638,21212,PACK OF 72 RETROSPOT CAKE CASES,24,2011-02-22 11:33:00,0.55,14688.0,United Kingdom
544651,21212,PACK OF 72 RETROSPOT CAKE CASES,120,2011-02-22 12:51:00,0.42,13694.0,United Kingdom
544656,21212,PACK OF 72 RETROSPOT CAKE CASES,24,2011-02-22 13:02:00,0.55,17442.0,United Kingdom
544656,22616,PACK OF 12 LONDON TISSUES ,24,2011-02-22 13:02:00,0.29,17442.0,United Kingdom
544657,21212,PACK OF 72 RETROSPOT CAKE CASES,24,2011-02-22 13:08:00,0.55,14895.0,United Kingdom
544657,85123A,WHITE HANGING HEART T-LIGHT HOLDER,6,2011-02-22 13:08:00,2.95,14895.0,United Kingdom
544661,85123A,WHITE HANGING HEART T-LIGHT HOLDER,12,2011-02-22 13:59:00,2.95,15303.0,United Kingdom
544662,21212,PACK OF 72 RETROSPOT CAKE CASES,1,2011-02-22 14:10:00,0.55,12845.0,United Kingdom
544666,85123A,WHITE HANGING HEART T-LIGHT HOLDER,3,2011-02-22 15:00:00,2.95,16907.0,United Kingdom
544667,85123A,WHITE HANGING HEART T-LIGHT HOLDER,64,2011-02-22 15:09:00,2.55,17511.0,United Kingdom
544668,85123A,WHITE HANGING HEART T-LIGHT HOLDER,6,2011-02-22 15:14:00,2.95,16573.0,United Kingdom
544672,21212,PACK OF 72 RETROSPOT CAKE CASES,120,2011-02-22 15:45:00,0.42,14646.0,Netherlands
544677,85123A,WHITE HANGING HEART T-LIGHT HOLDER,1,2011-02-22 16:13:00,2.95,18196.0,United Kingdom
544677,84879,ASSORTED COLOUR BIRD ORNAMENT,8,2011-02-22 16:13:00,1.69,18196.0,United Kingdom
544681,85123A,WHITE HANGING HEART T-LIGHT HOLDER,3,2011-02-22 16:28:00,5.79,,United Kingdom
544681,21212,PACK OF 72 RETROSPOT CAKE CASES,1,2011-02-22 16:28:00,1.25,,United Kingdom
544684,85123A,WHITE HANGING HEART T-LIGHT HOLDER,1,2011-02-22 16:32:00,5.79,,United Kingdom
544684,21212,PACK OF 72 RETROSPOT CAKE CASES,1,2011-02-22 16:32:00,1.25,,United Kingdom
544690,85123A,WHITE HANGING HEART T-LIGHT HOLDER,32,2011-02-23 08:48:00,2.55,14156.0,EIRE
544691,21212,PACK OF 72 RETROSPOT CAKE CASES,24,2011-02-23 09:09:00,0.55,13804.0,United Kingdom
544692,22616,PACK OF 12 LONDON TISSUES ,24,2011-02-23 09:14:00,0.29,17499.0,United Kingdom
544694,84879,ASSORTED COLOUR BIRD ORNAMENT,8,2011-02-23 09:30:00,1.69,17706.0,United Kingdom
544776,21212,PACK OF 72 RETROSPOT CAKE CASES,8,2011-02-23 11:39:00,2.08,,United Kingdom
544790,85123A,WHITE HANGING HEART T-LIGHT HOLDER,6,2011-02-23 12:27:00,2.95,16940.0,United Kingdom
544792,84879,ASSORTED COLOUR BIRD ORNAMENT,24,2011-02-23 12:37:00,1.69,18172.0,United Kingdom
544792,85123A,WHITE HANGING HEART T-LIGHT HOLDER,32,2011-02-23 12:37:00,2.55,18172.0,United Kingdom
544795,22616,PACK OF 12 LONDON TISSUES ,12,2011-02-23 13:21:00,0.29,15858.0,United Kingdom
544796,85123A,WHITE HANGING HEART T-LIGHT HOLDER,8,2011-02-23 13:37:00,2.95,16208.0,United Kingdom
544800,21212,PACK OF 72 RETROSPOT CAKE CASES,24,2011-02-23 13:45:00,0.55,15687.0,United Kingdom
544801,21212,PACK OF 72 RETROSPOT CAKE CASES,24,2011-02-23 13:48:00,0.55,16145.0,United Kingdom
544810,85123A,WHITE HANGING HEART T-LIGHT HOLDER,32,2011-02-23 15:53:00,2.55,17675.0,United Kingdom
544810,84879,ASSORTED COLOUR BIRD ORNAMENT,64,2011-02-23 15:53:00,1.69,17675.0,United Kingdom
544812,21212,PACK OF 72 RETROSPOT CAKE CASES,2,2011-02-23 15:58:00,1.25,,United Kingdom
544812,85123A,WHITE HANGING HEART T-LIGHT HOLDER,1,2011-02-23 15:58:00,2.95,,United Kingdom
544813,85123A,WHITE HANGING HEART T-LIGHT HOLDER,1,2011-02-23 16:23:00,2.95,15984.0,United Kingdom
544813,85123A,WHITE HANGING HEART T-LIGHT HOLDER,4,2011-02-23 16:23:00,2.95,15984.0,United Kingdom
544824,85123A,WHITE HANGING HEART T-LIGHT HOLDER,6,2011-02-24 09:32:00,2.95,17139.0,United Kingdom
544824,84879,ASSORTED COLOUR BIRD ORNAMENT,8,2011-02-24 09:32:00,1.69,17139.0,United Kingdom
544836,85123A,WHITE HANGING HEART T-LIGHT HOLDER,24,2011-02-24 10:25:00,2.95,17613.0,United Kingdom
544836,84879,ASSORTED COLOUR BIRD ORNAMENT,16,2011-02-24 10:25:00,1.69,17613.0,United Kingdom
544886,21212,PACK OF 72 RETROSPOT CAKE CASES,24,2011-02-24 11:42:00,0.55,12582.0,Finland
544893,21212,PACK OF 72 RETROSPOT CAKE CASES,24,2011-02-24 12:01:00,0.55,17865.0,United Kingdom
544894,21212,PACK OF 72 RETROSPOT CAKE CASES,24,2011-02-24 12:09:00,0.55,15805.0,United Kingdom
544903,85123A,WHITE HANGING HEART T-LIGHT HOLDER,6,2011-02-24 13:43:00,2.95,18065.0,United Kingdom
544906,22616,PACK OF 12 LONDON TISSUES ,48,2011-02-24 14:13:00,0.29,17017.0,United Kingdom
544907,85123A,WHITE HANGING HEART T-LIGHT HOLDER,6,2011-02-24 14:15:00,2.95,12945.0,United Kingdom
544911,84879,ASSORTED COLOUR BIRD ORNAMENT,8,2011-02-24 15:01:00,1.69,16838.0,United Kingdom
544915,85123A,WHITE HANGING HEART T-LIGHT HOLDER,12,2011-02-24 15:41:00,2.55,13777.0,United Kingdom
544926,85123A,WHITE HANGING HEART T-LIGHT HOLDER,6,2011-02-24 17:50:00,2.95,13468.0,United Kingdom
544928,22616,PACK OF 12 LONDON TISSUES ,1,2011-02-24 18:07:00,0.83,,United Kingdom
544928,85123A,WHITE HANGING HEART T-LIGHT HOLDER,3,2011-02-24 18:07:00,2.95,,United Kingdom
544930,21212,PACK OF 72 RETROSPOT CAKE CASES,2,2011-02-24 18:26:00,0.55,17472.0,United Kingdom
544931,85123A,WHITE HANGING HEART T-LIGHT HOLDER,36,2011-02-24 18:59:00,2.55,13501.0,Switzerland
544933,21212,PACK OF 72 RETROSPOT CAKE CASES,24,2011-02-25 08:44:00,0.55,12633.0,Germany
544935,84879,ASSORTED COLOUR BIRD ORNAMENT,8,2011-02-25 09:09:00,1.69,13870.0,United Kingdom
544938,85123A,WHITE HANGING HEART T-LIGHT HOLDER,10,2011-02-25 10:10:00,2.95,,United Kingdom
544940,21212,PACK OF 72 RETROSPOT CAKE CASES,24,2011-02-25 10:19:00,0.55,16592.0,United Kingdom
544968,85123A,WHITE HANGING HEART T-LIGHT HOLDER,18,2011-02-25 11:30:00,2.95,13458.0,United Kingdom
544968,84879,ASSORTED COLOUR BIRD ORNAMENT,16,2011-02-25 11:30:00,1.69,13458.0,United Kingdom
545015,85123A,WHITE HANGING HEART T-LIGHT HOLDER,6,2011-02-25 13:40:00,2.95,13742.0,United Kingdom
545021,85123A,WHITE HANGING HEART T-LIGHT HOLDER,6,2011-02-25 14:11:00,2.95,17663.0,United Kingdom
545023,21212,PACK OF 72 RETROSPOT CAKE CASES,24,2011-02-25 14:25:00,0.55,12921.0,United Kingdom
545027,21212,PACK OF 72 RETROSPOT CAKE CASES,4,2011-02-25 14:59:00,2.08,,United Kingdom
545037,85123A,WHITE HANGING HEART T-LIGHT HOLDER,12,2011-02-27 10:02:00,2.95,14532.0,United Kingdom
545041,21212,PACK OF 72 RETROSPOT CAKE CASES,24,2011-02-27 10:30:00,0.55,14952.0,United Kingdom
545043,85123A,WHITE HANGING HEART T-LIGHT HOLDER,2,2011-02-27 11:05:00,2.95,16407.0,United Kingdom
545044,21212,PACK OF 72 RETROSPOT CAKE CASES,24,2011-02-27 11:31:00,0.55,15738.0,United Kingdom
545045,85123A,WHITE HANGING HEART T-LIGHT HOLDER,6,2011-02-27 11:40:00,2.95,15708.0,United Kingdom
545048,85123A,WHITE HANGING HEART T-LIGHT HOLDER,2,2011-02-27 11:48:00,2.95,14810.0,United Kingdom
545049,84879,ASSORTED COLOUR BIRD ORNAMENT,40,2011-02-27 11:53:00,1.69,15046.0,United Kingdom
545054,85123A,WHITE HANGING HEART T-LIGHT HOLDER,2,2011-02-27 12:41:00,2.95,14472.0,United Kingdom
545054,84879,ASSORTED COLOUR BIRD ORNAMENT,8,2011-02-27 12:41:00,1.69,14472.0,United Kingdom
545056,21212,PACK OF 72 RETROSPOT CAKE CASES,24,2011-02-27 12:48:00,0.55,16745.0,United Kingdom
545057,84879,ASSORTED COLOUR BIRD ORNAMENT,16,2011-02-27 12:49:00,1.69,13630.0,United Kingdom
545058,84879,ASSORTED COLOUR BIRD ORNAMENT,32,2011-02-27 13:03:00,1.69,13767.0,United Kingdom
545060,21212,PACK OF 72 RETROSPOT CAKE CASES,4,2011-02-27 13:47:00,0.55,15547.0,United Kingdom
545067,85123A,WHITE HANGING HEART T-LIGHT HOLDER,3,2011-02-27 14:49:00,2.95,17894.0,United Kingdom
545070,21212,PACK OF 72 RETROSPOT CAKE CASES,24,2011-02-27 15:42:00,0.55,16493.0,United Kingdom
545076,85123A,WHITE HANGING HEART T-LIGHT HOLDER,6,2011-02-28 09:43:00,2.95,15235.0,United Kingdom
545078,22616,PACK OF 12 LONDON TISSUES ,2,2011-02-28 10:15:00,0.83,,United Kingdom
545078,21212,PACK OF 72 RETROSPOT CAKE CASES,1,2011-02-28 10:15:00,1.25,,United Kingdom
545079,85123A,WHITE HANGING HEART T-LIGHT HOLDER,2,2011-02-28 10:30:00,2.95,18283.0,United Kingdom
545080,21212,PACK OF 72 RETROSPOT CAKE CASES,24,2011-02-28 10:33:00,0.55,13004.0,United Kingdom
545082,21212,PACK OF 72 RETROSPOT CAKE CASES,24,2011-02-28 10:37:00,0.55,16992.0,United Kingdom
545085,85123A,WHITE HANGING HEART T-LIGHT HOLDER,1,2011-02-28 11:19:00,2.95,15039.0,United Kingdom
545085,85123A,WHITE HANGING HEART T-LIGHT HOLDER,2,2011-02-28 11:19:00,2.95,15039.0,United Kingdom
545086,21212,PACK OF 72 RETROSPOT CAKE CASES,24,2011-02-28 11:43:00,0.55,12678.0,France
545148,85123A,WHITE HANGING HEART T-LIGHT HOLDER,6,2011-02-28 12:14:00,2.95,13675.0,United Kingdom
545157,21212,PACK OF 72 RETROSPOT CAKE CASES,24,2011-02-28 13:27:00,0.55,14239.0,United Kingdom
545157,85123A,WHITE HANGING HEART T-LIGHT HOLDER,6,2011-02-28 13:27:00,2.95,14239.0,United Kingdom
545164,85123A,WHITE HANGING HEART T-LIGHT HOLDER,6,2011-02-28 13:40:00,2.95,16458.0,United Kingdom
545166,84879,ASSORTED COLOUR BIRD ORNAMENT,4,2011-02-28 14:03:00,1.69,17027.0,United Kingdom
545188,22616,PACK OF 12 LONDON TISSUES ,12,2011-02-28 15:19:00,0.29,14056.0,United Kingdom
545188,21212,PACK OF 72 RETROSPOT CAKE CASES,3,2011-02-28 15:19:00,0.55,14056.0,United Kingdom
545215,21212,PACK OF 72 RETROSPOT CAKE CASES,3,2011-02-28 16:47:00,1.25,,United Kingdom
545215,85123A,WHITE HANGING HEART T-LIGHT HOLDER,1,2011-02-28 16:47:00,5.79,,United Kingdom
545215,85123A,WHITE HANGING HEART T-LIGHT HOLDER,7,2011-02-28 16:47:00,2.95,,United Kingdom
545217,84879,ASSORTED COLOUR BIRD ORNAMENT,16,2011-02-28 16:59:00,3.12,,United Kingdom
545217,21212,PACK OF 72 RETROSPOT CAKE CASES,1,2011-02-28 16:59:00,1.25,,United Kingdom
545226,85123A,WHITE HANGING HEART T-LIGHT HOLDER,6,2011-03-01 09:33:00,2.95,12428.0,Finland
545227,21212,PACK OF 72 RETROSPOT CAKE CASES,24,2011-03-01 09:35:00,0.55,12428.0,Finland
545232,85123A,WHITE HANGING HEART T-LIGHT HOLDER,12,2011-03-01 10:19:00,2.95,15676.0,United Kingdom
545234,85123A,WHITE HANGING HEART T-LIGHT HOLDER,12,2011-03-01 10:26:00,2.95,18075.0,United Kingdom
545235,21212,PACK OF 72 RETROSPOT CAKE CASES,24,2011-03-01 10:31:00,0.55,12683.0,France
545238,21212,PACK OF 72 RETROSPOT CAKE CASES,24,2011-03-01 11:02:00,0.55,15241.0,United Kingdom
545295,21212,PACK OF 72 RETROSPOT CAKE CASES,48,2011-03-01 12:09:00,0.55,12709.0,Germany
545308,85123A,WHITE HANGING HEART T-LIGHT HOLDER,3,2011-03-01 13:19:00,2.95,14656.0,United Kingdom
545309,85123A,WHITE HANGING HEART T-LIGHT HOLDER,12,2011-03-01 13:40:00,2.95,13884.0,United Kingdom
545313,84879,ASSORTED COLOUR BIRD ORNAMENT,8,2011-03-01 13:55:00,1.69,15953.0,United Kingdom
545313,85123A,WHITE HANGING HEART T-LIGHT HOLDER,32,2011-03-01 13:55:00,2.55,15953.0,United Kingdom
545321,84879,ASSORTED COLOUR BIRD ORNAMENT,16,2011-03-01 14:53:00,1.69,12747.0,United Kingdom
545324,85123A,WHITE HANGING HEART T-LIGHT HOLDER,5,2011-03-01 14:58:00,2.95,13110.0,United Kingdom
545333,85123A,WHITE HANGING HEART T-LIGHT HOLDER,2,2011-03-01 16:22:00,5.79,,United Kingdom
545333,85123A,WHITE HANGING HEART T-LIGHT HOLDER,2,2011-03-01 16:22:00,2.95,,United Kingdom
545339,21212,PACK OF 72 RETROSPOT CAKE CASES,24,2011-03-02 08:26:00,0.55,14292.0,United Kingdom
545340,21212,PACK OF 72 RETROSPOT CAKE CASES,24,2011-03-02 08:41:00,0.55,15416.0,United Kingdom
545349,21212,PACK OF 72 RETROSPOT CAKE CASES,1,2011-03-02 11:07:00,0.55,18118.0,United Kingdom
545398,21212,PACK OF 72 RETROSPOT CAKE CASES,24,2011-03-02 11:43:00,0.55,13722.0,United Kingdom
545399,21212,PACK OF 72 RETROSPOT CAKE CASES,24,2011-03-02 11:48:00,0.55,14934.0,Channel Islands
545410,85123A,WHITE HANGING HEART T-LIGHT HOLDER,6,2011-03-02 12:18:00,2.95,16670.0,United Kingdom
545425,85123A,WHITE HANGING HEART T-LIGHT HOLDER,3,2011-03-02 14:39:00,2.95,16792.0,United Kingdom
545429,84879,ASSORTED COLOUR BIRD ORNAMENT,6,2011-03-02 14:46:00,1.69,15031.0,United Kingdom
545430,85123A,WHITE HANGING HEART T-LIGHT HOLDER,18,2011-03-02 14:50:00,2.95,15636.0,United Kingdom
545445,85123A,WHITE HANGING HEART T-LIGHT HOLDER,6,2011-03-02 16:26:00,2.95,17738.0,United Kingdom
545447,21212,PACK OF 72 RETROSPOT CAKE CASES,24,2011-03-02 16:34:00,0.55,17426.0,United Kingdom
545461,21212,PACK OF 72 RETROSPOT CAKE CASES,24,2011-03-03 08:24:00,0.55,14388.0,United Kingdom
545464,84879,ASSORTED COLOUR BIRD ORNAMENT,8,2011-03-03 09:10:00,3.12,,United Kingdom
545464,85123A,WHITE HANGING HEART T-LIGHT HOLDER,2,2011-03-03 09:10:00,5.79,,United Kingdom
545464,85123A,WHITE HANGING HEART T-LIGHT HOLDER,11,2011-03-03 09:10:00,2.95,,United Kingdom
545474,84879,ASSORTED COLOUR BIRD ORNAMENT,16,2011-03-03 10:55:00,1.69,16709.0,United Kingdom
545503,85123A,WHITE HANGING HEART T-LIGHT HOLDER,2,2011-03-03 11:34:00,2.95,15719.0,United Kingdom
545534,85123A,WHITE HANGING HEART T-LIGHT HOLDER,12,2011-03-03 14:05:00,2.95,17652.0,United Kingdom
545535,22616,PACK OF 12 LONDON TISSUES ,48,2011-03-03 14:09:00,0.29,13199.0,United Kingdom
545543,85123A,WHITE HANGING HEART T-LIGHT HOLDER,6,2011-03-03 14:43:00,2.95,13476.0,United Kingdom
545544,22616,PACK OF 12 LONDON TISSUES ,48,2011-03-03 14:56:00,0.29,14057.0,United Kingdom
545545,21212,PACK OF 72 RETROSPOT CAKE CASES,1,2011-03-03 15:02:00,0.55,17841.0,United Kingdom
545559,85123A,WHITE HANGING HEART T-LIGHT HOLDER,2,2011-03-03 15:31:00,2.95,15005.0,United Kingdom
545568,85123A,WHITE HANGING HEART T-LIGHT HOLDER,17,2011-03-03 16:22:00,2.95,,United Kingdom
545570,84879,ASSORTED COLOUR BIRD ORNAMENT,16,2011-03-03 16:28:00,1.69,12817.0,Austria
545571,85123A,WHITE HANGING HEART T-LIGHT HOLDER,32,2011-03-03 16:34:00,2.55,17700.0,United Kingdom
545571,84879,ASSORTED COLOUR BIRD ORNAMENT,8,2011-03-03 16:34:00,1.69,17700.0,United Kingdom
545578,85123A,WHITE HANGING HEART T-LIGHT HOLDER,12,2011-03-03 19:21:00,2.95,13715.0,United Kingdom
545582,21212,PACK OF 72 RETROSPOT CAKE CASES,120,2011-03-04 09:05:00,0.42,13694.0,United Kingdom
545585,21212,PACK OF 72 RETROSPOT CAKE CASES,24,2011-03-04 09:32:00,0.55,12541.0,Spain
545587,22616,PACK OF 12 LONDON TISSUES ,12,2011-03-04 09:46:00,0.29,14796.0,United Kingdom
545588,84879,ASSORTED COLOUR BIRD ORNAMENT,8,2011-03-04 10:03:00,1.69,13382.0,United Kingdom
545588,85123A,WHITE HANGING HEART T-LIGHT HOLDER,6,2011-03-04 10:03:00,2.95,13382.0,United Kingdom
545636,84879,ASSORTED COLOUR BIRD ORNAMENT,16,2011-03-04 12:15:00,1.69,16449.0,United Kingdom
545649,85123A,WHITE HANGING HEART T-LIGHT HOLDER,1,2011-03-04 13:14:00,2.95,14995.0,United Kingdom
545655,85123A,WHITE HANGING HEART T-LIGHT HOLDER,1,2011-03-04 13:58:00,2.95,14670.0,United Kingdom
545655,21212,PACK OF 72 RETROSPOT CAKE CASES,2,2011-03-04 13:58:00,0.55,14670.0,United Kingdom
545657,84879,ASSORTED COLOUR BIRD ORNAMENT,16,2011-03-04 14:02:00,1.69,14911.0,EIRE
545657,85123A,WHITE HANGING HEART T-LIGHT HOLDER,6,2011-03-04 14:02:00,2.95,14911.0,EIRE
545658,21212,PACK OF 72 RETROSPOT CAKE CASES,4,2011-03-04 14:13:00,0.55,14670.0,United Kingdom
545658,85123A,WHITE HANGING HEART T-LIGHT HOLDER,2,2011-03-04 14:13:00,2.95,14670.0,United Kingdom
545660,85123A,WHITE HANGING HEART T-LIGHT HOLDER,11,2011-03-04 14:28:00,2.95,17191.0,United Kingdom
545661,21212,PACK OF 72 RETROSPOT CAKE CASES,48,2011-03-04 14:41:00,0.55,15358.0,United Kingdom
545667,21212,PACK OF 72 RETROSPOT CAKE CASES,1,2011-03-04 16:07:00,1.25,,United Kingdom
545668,84879,ASSORTED COLOUR BIRD ORNAMENT,32,2011-03-04 17:02:00,1.69,14031.0,United Kingdom
545681,85123A,WHITE HANGING HEART T-LIGHT HOLDER,10,2011-03-06 11:28:00,2.95,16923.0,United Kingdom
545683,85123A,WHITE HANGING HEART T-LIGHT HOLDER,4,2011-03-06 11:50:00,2.95,14903.0,United Kingdom
545685,85123A,WHITE HANGING HEART T-LIGHT HOLDER,3,2011-03-06 11:55:00,2.95,14499.0,United Kingdom
545687,84879,ASSORTED COLOUR BIRD ORNAMENT,3,2011-03-06 12:20:00,1.69,17769.0,United Kingdom
545687,84879,ASSORTED COLOUR BIRD ORNAMENT,16,2011-03-06 12:20:00,1.69,17769.0,United Kingdom
545688,84879,ASSORTED COLOUR BIRD ORNAMENT,8,2011-03-06 12:42:00,1.69,16033.0,United Kingdom
545690,85123A,WHITE HANGING HEART T-LIGHT HOLDER,3,2011-03-06 12:46:00,2.95,13263.0,United Kingdom
545691,85123A,WHITE HANGING HEART T-LIGHT HOLDER,4,2011-03-06 12:52:00,2.95,14161.0,United Kingdom
545693,21212,PACK OF 72 RETROSPOT CAKE CASES,120,2011-03-06 14:09:00,0.42,16422.0,United Kingdom
545696,84879,ASSORTED COLOUR BIRD ORNAMENT,8,2011-03-06 14:21:00,1.69,15696.0,United Kingdom
545696,85123A,WHITE HANGING HEART T-LIGHT HOLDER,4,2011-03-06 14:21:00,2.95,15696.0,United Kingdom
545697,84879,ASSORTED COLOUR BIRD ORNAMENT,8,2011-03-06 14:38:00,1.69,14504.0,United Kingdom
545697,85123A,WHITE HANGING HEART T-LIGHT HOLDER,2,2011-03-06 14:38:00,2.95,14504.0,United Kingdom
545701,85123A,WHITE HANGING HEART T-LIGHT HOLDER,64,2011-03-06 15:17:00,2.55,17107.0,United Kingdom
545702,85123A,WHITE HANGING HEART T-LIGHT HOLDER,7,2011-03-06 15:21:00,2.95,14247.0,United Kingdom
545707,84879,ASSORTED COLOUR BIRD ORNAMENT,160,2011-03-07 09:35:00,1.45,13881.0,United Kingdom
545708,84879,ASSORTED COLOUR BIRD ORNAMENT,8,2011-03-07 09:39:00,1.69,14915.0,United Kingdom
545711,84879,ASSORTED COLOUR BIRD ORNAMENT,8,2011-03-07 09:52:00,1.69,16136.0,United Kingdom
545713,21212,PACK OF 72 RETROSPOT CAKE CASES,37,2011-03-07 10:12:00,2.08,,United Kingdom
545719,21212,PACK OF 72 RETROSPOT CAKE CASES,24,2011-03-07 10:28:00,0.55,13344.0,United Kingdom
545764,85123A,WHITE HANGING HEART T-LIGHT HOLDER,6,2011-03-07 12:00:00,2.95,13408.0,United Kingdom
545853,85123A,WHITE HANGING HEART T-LIGHT HOLDER,5,2011-03-07 13:50:00,2.95,16517.0,United Kingdom
545854,85123A,WHITE HANGING HEART T-LIGHT HOLDER,6,2011-03-07 13:51:00,2.95,14817.0,United Kingdom
545894,84879,ASSORTED COLOUR BIRD ORNAMENT,16,2011-03-07 17:04:00,1.69,16242.0,United Kingdom
545895,21212,PACK OF 72 RETROSPOT CAKE CASES,1,2011-03-07 17:14:00,1.25,,United Kingdom
545895,84879,ASSORTED COLOUR BIRD ORNAMENT,8,2011-03-07 17:14:00,3.12,,United Kingdom
545895,85123A,WHITE HANGING HEART T-LIGHT HOLDER,9,2011-03-07 17:14:00,2.95,,United Kingdom
545897,22616,PACK OF 12 LONDON TISSUES ,1,2011-03-07 17:22:00,0.83,,United Kingdom
545897,21212,PACK OF 72 RETROSPOT CAKE CASES,24,2011-03-07 17:22:00,0.55,,United Kingdom
545905,85123A,WHITE HANGING HEART T-LIGHT HOLDER,6,2011-03-08 08:53:00,2.95,15234.0,United Kingdom
545910,21212,PACK OF 72 RETROSPOT CAKE CASES,24,2011-03-08 10:04:00,0.55,14586.0,United Kingdom
545911,22616,PACK OF 12 LONDON TISSUES ,432,2011-03-08 10:12:00,0.21,17940.0,United Kingdom
545913,21212,PACK OF 72 RETROSPOT CAKE CASES,24,2011-03-08 10:39:00,0.55,16779.0,United Kingdom
545914,21212,PACK OF 72 RETROSPOT CAKE CASES,120,2011-03-08 11:39:00,0.42,13340.0,United Kingdom
545914,85123A,WHITE HANGING HEART T-LIGHT HOLDER,32,2011-03-08 11:39:00,2.55,13340.0,United Kingdom
545915,84879,ASSORTED COLOUR BIRD ORNAMENT,16,2011-03-08 11:44:00,1.69,17419.0,United Kingdom
545933,84879,ASSORTED COLOUR BIRD ORNAMENT,8,2011-03-08 12:04:00,1.69,13908.0,United Kingdom
545937,84879,ASSORTED COLOUR BIRD ORNAMENT,24,2011-03-08 12:05:00,1.69,12758.0,Portugal
545978,21212,PACK OF 72 RETROSPOT CAKE CASES,12,2011-03-08 12:19:00,0.55,13975.0,United Kingdom
545993,85123A,WHITE HANGING HEART T-LIGHT HOLDER,81,2011-03-08 13:23:00,2.55,13777.0,United Kingdom
545995,22616,PACK OF 12 LONDON TISSUES ,12,2011-03-08 13:54:00,0.29,15023.0,United Kingdom
545995,84879,ASSORTED COLOUR BIRD ORNAMENT,8,2011-03-08 13:54:00,1.69,15023.0,United Kingdom
546001,84879,ASSORTED COLOUR BIRD ORNAMENT,24,2011-03-08 15:03:00,1.69,13854.0,United Kingdom
546007,22616,PACK OF 12 LONDON TISSUES ,2,2011-03-08 15:34:00,0.83,,United Kingdom
546007,21212,PACK OF 72 RETROSPOT CAKE CASES,1,2011-03-08 15:34:00,1.25,,United Kingdom
546008,22616,PACK OF 12 LONDON TISSUES ,1,2011-03-08 15:43:00,0.83,,United Kingdom
546008,85123A,WHITE HANGING HEART T-LIGHT HOLDER,3,2011-03-08 15:43:00,5.79,,United Kingdom
546011,22616,PACK OF 12 LONDON TISSUES ,864,2011-03-08 16:31:00,0.25,17306.0,United Kingdom
546015,85123A,WHITE HANGING HEART T-LIGHT HOLDER,12,2011-03-08 16:48:00,2.95,14336.0,United Kingdom
546015,21212,PACK OF 72 RETROSPOT CAKE CASES,48,2011-03-08 16:48:00,0.55,14336.0,United Kingdom
546017,85123A,WHITE HANGING HEART T-LIGHT HOLDER,11,2011-03-08 17:23:00,2.95,14507.0,United Kingdom
546027,85123A,WHITE HANGING HEART T-LIGHT HOLDER,12,2011-03-09 08:09:00,2.95,12759.0,Netherlands
546028,21212,PACK OF 72 RETROSPOT CAKE CASES,24,2011-03-09 08:33:00,0.55,17049.0,United Kingdom
546028,85123A,WHITE HANGING HEART T-LIGHT HOLDER,24,2011-03-09 08:33:00,2.95,17049.0,United Kingdom
546032,84879,ASSORTED COLOUR BIRD ORNAMENT,8,2011-03-09 09:11:00,1.69,13267.0,United Kingdom
546062,85123A,WHITE HANGING HEART T-LIGHT HOLDER,2,2011-03-09 10:51:00,2.95,16221.0,United Kingdom
546084,21212,PACK OF 72 RETROSPOT CAKE CASES,24,2011-03-09 11:28:00,0.55,14112.0,United Kingdom
546089,22616,PACK OF 12 LONDON TISSUES ,12,2011-03-09 11:44:00,0.29,17864.0,United Kingdom
546089,22616,PACK OF 12 LONDON TISSUES ,24,2011-03-09 11:44:00,0.29,17864.0,United Kingdom
546091,21212,PACK OF 72 RETROSPOT CAKE CASES,24,2011-03-09 11:53:00,0.55,14936.0,Channel Islands
546096,85123A,WHITE HANGING HEART T-LIGHT HOLDER,32,2011-03-09 11:59:00,2.55,15502.0,United Kingdom
546100,85123A,WHITE HANGING HEART T-LIGHT HOLDER,6,2011-03-09 12:04:00,2.95,16572.0,United Kingdom
546108,22616,PACK OF 12 LONDON TISSUES ,12,2011-03-09 12:35:00,0.29,15529.0,United Kingdom
546111,85123A,WHITE HANGING HEART T-LIGHT HOLDER,2,2011-03-09 12:39:00,2.95,14165.0,United Kingdom
546113,85123A,WHITE HANGING HEART T-LIGHT HOLDER,2,2011-03-09 13:18:00,2.95,14344.0,United Kingdom
546115,85123A,WHITE HANGING HEART T-LIGHT HOLDER,12,2011-03-09 13:50:00,2.95,15379.0,United Kingdom
546115,84879,ASSORTED COLOUR BIRD ORNAMENT,16,2011-03-09 13:50:00,1.69,15379.0,United Kingdom
546116,21212,PACK OF 72 RETROSPOT CAKE CASES,24,2011-03-09 13:53:00,0.55,15367.0,United Kingdom
546117,85123A,WHITE HANGING HEART T-LIGHT HOLDER,6,2011-03-09 13:56:00,2.95,16771.0,United Kingdom
546121,84879,ASSORTED COLOUR BIRD ORNAMENT,8,2011-03-09 14:30:00,1.69,14085.0,United Kingdom
546122,84879,ASSORTED COLOUR BIRD ORNAMENT,8,2011-03-09 14:32:00,1.69,15581.0,United Kingdom
546136,21212,PACK OF 72 RETROSPOT CAKE CASES,1,2011-03-09 16:32:00,1.25,,United Kingdom
546163,85123A,WHITE HANGING HEART T-LIGHT HOLDER,6,2011-03-10 10:03:00,2.95,17377.0,United Kingdom
546163,22616,PACK OF 12 LONDON TISSUES ,12,2011-03-10 10:03:00,0.29,17377.0,United Kingdom
546166,84879,ASSORTED COLOUR BIRD ORNAMENT,40,2011-03-10 10:10:00,1.69,16553.0,United Kingdom
546171,84879,ASSORTED COLOUR BIRD ORNAMENT,16,2011-03-10 10:31:00,1.69,16359.0,United Kingdom
546189,22616,PACK OF 12 LONDON TISSUES ,24,2011-03-10 10:56:00,0.29,13102.0,United Kingdom
546212,21212,PACK OF 72 RETROSPOT CAKE CASES,240,2011-03-10 11:33:00,0.42,14156.0,EIRE
546220,21212,PACK OF 72 RETROSPOT CAKE CASES,72,2011-03-10 12:16:00,0.55,16745.0,United Kingdom
546237,85123A,WHITE HANGING HEART T-LIGHT HOLDER,6,2011-03-10 12:50:00,2.95,16625.0,United Kingdom
546239,85123A,WHITE HANGING HEART T-LIGHT HOLDER,6,2011-03-10 12:59:00,2.95,14064.0,United Kingdom
546242,22616,PACK OF 12 LONDON TISSUES ,12,2011-03-10 13:07:00,0.29,16743.0,United Kingdom
546242,21212,PACK OF 72 RETROSPOT CAKE CASES,24,2011-03-10 13:07:00,0.55,16743.0,United Kingdom
546248,85123A,WHITE HANGING HEART T-LIGHT HOLDER,6,2011-03-10 13:46:00,2.95,16477.0,United Kingdom
546250,85123A,WHITE HANGING HEART T-LIGHT HOLDER,12,2011-03-10 14:14:00,2.95,14350.0,United Kingdom
546252,85123A,WHITE HANGING HEART T-LIGHT HOLDER,12,2011-03-10 14:42:00,2.95,14930.0,Channel Islands
546252,84879,ASSORTED COLOUR BIRD ORNAMENT,8,2011-03-10 14:42:00,1.69,14930.0,Channel Islands
546255,85123A,WHITE HANGING HEART T-LIGHT HOLDER,6,2011-03-10 14:56:00,2.95,13468.0,United Kingdom
546261,85123A,WHITE HANGING HEART T-LIGHT HOLDER,1,2011-03-10 15:01:00,2.95,17841.0,United Kingdom
546306,85123A,WHITE HANGING HEART T-LIGHT HOLDER,2,2011-03-10 16:16:00,2.95,,United Kingdom
546306,84879,ASSORTED COLOUR BIRD ORNAMENT,8,2011-03-10 16:16:00,1.69,,United Kingdom
546318,85123A,WHITE HANGING HEART T-LIGHT HOLDER,100,2011-03-11 09:20:00,2.55,16013.0,United Kingdom
546321,85123A,WHITE HANGING HEART T-LIGHT HOLDER,6,2011-03-11 09:39:00,2.95,16475.0,United Kingdom
546324,84879,ASSORTED COLOUR BIRD ORNAMENT,16,2011-03-11 09:54:00,1.69,13265.0,United Kingdom
546365,21212,PACK OF 72 RETROSPOT CAKE CASES,24,2011-03-11 11:35:00,0.55,12520.0,Germany
546367,84879,ASSORTED COLOUR BIRD ORNAMENT,160,2011-03-11 11:38:00,1.45,15513.0,United Kingdom
546376,84879,ASSORTED COLOUR BIRD ORNAMENT,8,2011-03-11 12:11:00,1.69,13842.0,United Kingdom
546382,85123A,WHITE HANGING HEART T-LIGHT HOLDER,10,2011-03-11 12:44:00,2.95,18149.0,United Kingdom
546382,84879,ASSORTED COLOUR BIRD ORNAMENT,32,2011-03-11 12:44:00,1.69,18149.0,United Kingdom
546388,21212,PACK OF 72 RETROSPOT CAKE CASES,16,2011-03-11 13:43:00,2.08,,United Kingdom
546392,85123A,WHITE HANGING HEART T-LIGHT HOLDER,3,2011-03-11 14:15:00,2.95,14587.0,United Kingdom
546394,21212,PACK OF 72 RETROSPOT CAKE CASES,24,2011-03-11 14:26:00,0.55,17164.0,United Kingdom
546399,85123A,WHITE HANGING HEART T-LIGHT HOLDER,6,2011-03-11 14:58:00,2.95,14352.0,United Kingdom
546415,84879,ASSORTED COLOUR BIRD ORNAMENT,6,2011-03-13 10:27:00,1.69,17975.0,United Kingdom
546415,22616,PACK OF 12 LONDON TISSUES ,12,2011-03-13 10:27:00,0.29,17975.0,United Kingdom
546419,84879,ASSORTED COLOUR BIRD ORNAMENT,6,2011-03-13 11:06:00,1.69,16693.0,United Kingdom
546423,84879,ASSORTED COLOUR BIRD ORNAMENT,6,2011-03-13 12:39:00,1.69,14502.0,United Kingdom
546423,85123A,WHITE HANGING HEART T-LIGHT HOLDER,1,2011-03-13 12:39:00,2.95,14502.0,United Kingdom
546424,84879,ASSORTED COLOUR BIRD ORNAMENT,16,2011-03-13 12:51:00,1.69,13956.0,United Kingdom
546426,85123A,WHITE HANGING HEART T-LIGHT HOLDER,2,2011-03-13 13:46:00,2.95,13708.0,United Kingdom
546429,21212,PACK OF 72 RETROSPOT CAKE CASES,1,2011-03-13 15:25:00,0.55,17611.0,United Kingdom
546429,21212,PACK OF 72 RETROSPOT CAKE CASES,1,2011-03-13 15:25:00,0.55,17611.0,United Kingdom
546431,21212,PACK OF 72 RETROSPOT CAKE CASES,24,2011-03-14 08:05:00,0.55,16954.0,United Kingdom
546435,21212,PACK OF 72 RETROSPOT CAKE CASES,24,2011-03-14 09:37:00,0.55,15671.0,United Kingdom
546438,84879,ASSORTED COLOUR BIRD ORNAMENT,160,2011-03-14 09:59:00,1.45,15125.0,United Kingdom
546440,85123A,WHITE HANGING HEART T-LIGHT HOLDER,6,2011-03-14 10:31:00,2.95,16871.0,United Kingdom
546466,85123A,WHITE HANGING HEART T-LIGHT HOLDER,7,2011-03-14 11:04:00,2.95,18118.0,United Kingdom
546486,21212,PACK OF 72 RETROSPOT CAKE CASES,3,2011-03-14 11:41:00,0.55,15039.0,United Kingdom
546522,84879,ASSORTED COLOUR BIRD ORNAMENT,16,2011-03-14 12:41:00,1.69,13319.0,United Kingdom
546522,21212,PACK OF 72 RETROSPOT CAKE CASES,24,2011-03-14 12:41:00,0.55,13319.0,United Kingdom
546530,21212,PACK OF 72 RETROSPOT CAKE CASES,480,2011-03-14 13:25:00,0.55,17404.0,Sweden
546533,84879,ASSORTED COLOUR BIRD ORNAMENT,8,2011-03-14 13:53:00,1.69,15388.0,Canada
546534,84879,ASSORTED COLOUR BIRD ORNAMENT,16,2011-03-14 13:56:00,1.69,16150.0,United Kingdom
546542,22616,PACK OF 12 LONDON TISSUES ,12,2011-03-14 15:13:00,0.29,13263.0,United Kingdom
546544,84879,ASSORTED COLOUR BIRD ORNAMENT,72,2011-03-14 15:41:00,1.69,16570.0,United Kingdom
546549,85123A,WHITE HANGING HEART T-LIGHT HOLDER,6,2011-03-14 16:46:00,2.95,17799.0,United Kingdom
546554,85123A,WHITE HANGING HEART T-LIGHT HOLDER,12,2011-03-15 09:13:00,2.95,16037.0,United Kingdom
546555,21212,PACK OF 72 RETROSPOT CAKE CASES,24,2011-03-15 09:22:00,0.55,17675.0,United Kingdom
546555,85123A,WHITE HANGING HEART T-LIGHT HOLDER,32,2011-03-15 09:22:00,2.55,17675.0,United Kingdom
546561,84879,ASSORTED COLOUR BIRD ORNAMENT,16,2011-03-15 10:34:00,1.69,18260.0,United Kingdom
546562,22616,PACK OF 12 LONDON TISSUES ,24,2011-03-15 10:45:00,0.29,16293.0,United Kingdom
546562,85123A,WHITE HANGING HEART T-LIGHT HOLDER,6,2011-03-15 10:45:00,2.95,16293.0,United Kingdom
546580,85123A,WHITE HANGING HEART T-LIGHT HOLDER,18,2011-03-15 11:09:00,2.95,14911.0,EIRE
546633,85123A,WHITE HANGING HEART T-LIGHT HOLDER,32,2011-03-15 12:06:00,2.55,16168.0,United Kingdom
546635,22616,PACK OF 12 LONDON TISSUES ,12,2011-03-15 12:11:00,0.29,16392.0,United Kingdom
546639,84879,ASSORTED COLOUR BIRD ORNAMENT,16,2011-03-15 12:54:00,1.69,13971.0,United Kingdom
546640,85123A,WHITE HANGING HEART T-LIGHT HOLDER,6,2011-03-15 12:56:00,2.95,14092.0,United Kingdom
546643,21212,PACK OF 72 RETROSPOT CAKE CASES,24,2011-03-15 13:23:00,0.55,16214.0,United Kingdom
546644,21212,PACK OF 72 RETROSPOT CAKE CASES,24,2011-03-15 13:28:00,0.55,15932.0,United Kingdom
546646,85123A,WHITE HANGING HEART T-LIGHT HOLDER,2,2011-03-15 13:49:00,2.95,13716.0,United Kingdom
546648,21212,PACK OF 72 RETROSPOT CAKE CASES,22,2011-03-15 14:15:00,2.08,,United Kingdom
546662,85123A,WHITE HANGING HEART T-LIGHT HOLDER,6,2011-03-15 14:36:00,2.95,16782.0,United Kingdom
546665,84879,ASSORTED COLOUR BIRD ORNAMENT,11,2011-03-15 15:06:00,1.69,15867.0,United Kingdom
546669,84879,ASSORTED COLOUR BIRD ORNAMENT,160,2011-03-15 15:36:00,1.45,14226.0,United Kingdom
546670,21212,PACK OF 72 RETROSPOT CAKE CASES,6,2011-03-15 15:37:00,0.55,13451.0,United Kingdom
546677,84879,ASSORTED COLOUR BIRD ORNAMENT,160,2011-03-15 16:29:00,1.45,18144.0,United Kingdom
546683,84879,ASSORTED COLOUR BIRD ORNAMENT,8,2011-03-16 09:38:00,1.69,12868.0,United Kingdom
546686,84879,ASSORTED COLOUR BIRD ORNAMENT,8,2011-03-16 09:52:00,1.69,14636.0,United Kingdom
546687,84879,ASSORTED COLOUR BIRD ORNAMENT,24,2011-03-16 09:58:00,1.69,16040.0,United Kingdom
546689,85123A,WHITE HANGING HEART T-LIGHT HOLDER,64,2011-03-16 10:24:00,2.55,16985.0,United Kingdom
546689,84879,ASSORTED COLOUR BIRD ORNAMENT,40,2011-03-16 10:24:00,1.69,16985.0,United Kingdom
546691,85123A,WHITE HANGING HEART T-LIGHT HOLDER,32,2011-03-16 10:45:00,2.55,15793.0,United Kingdom
546691,84879,ASSORTED COLOUR BIRD ORNAMENT,88,2011-03-16 10:45:00,1.69,15793.0,United Kingdom
546731,85123A,WHITE HANGING HEART T-LIGHT HOLDER,32,2011-03-16 11:39:00,2.55,13089.0,United Kingdom
546732,85123A,WHITE HANGING HEART T-LIGHT HOLDER,5,2011-03-16 11:41:00,2.95,14606.0,United Kingdom
546737,84879,ASSORTED COLOUR BIRD ORNAMENT,8,2011-03-16 11:52:00,1.69,13358.0,United Kingdom
546739,21212,PACK OF 72 RETROSPOT CAKE CASES,120,2011-03-16 12:12:00,0.42,17511.0,United Kingdom
546753,85123A,WHITE HANGING HEART T-LIGHT HOLDER,2,2011-03-16 13:00:00,2.95,16383.0,United Kingdom
546754,21212,PACK OF 72 RETROSPOT CAKE CASES,240,2011-03-16 13:13:00,0.4,13027.0,United Kingdom
546776,85123A,WHITE HANGING HEART T-LIGHT HOLDER,6,2011-03-16 16:08:00,2.95,17460.0,United Kingdom
546784,85123A,WHITE HANGING HEART T-LIGHT HOLDER,6,2011-03-17 09:49:00,2.95,18189.0,United Kingdom
546787,84879,ASSORTED COLOUR BIRD ORNAMENT,48,2011-03-17 10:01:00,1.69,14035.0,United Kingdom
546787,85123A,WHITE HANGING HEART T-LIGHT HOLDER,32,2011-03-17 10:01:00,2.55,14035.0,United Kingdom
546837,85123A,WHITE HANGING HEART T-LIGHT HOLDER,6,2011-03-17 12:37:00,2.95,13650.0,United Kingdom
546849,85123A,WHITE HANGING HEART T-LIGHT HOLDER,2,2011-03-17 13:13:00,2.95,13623.0,United Kingdom
546856,21212,PACK OF 72 RETROSPOT CAKE CASES,24,2011-03-17 14:12:00,0.55,15433.0,United Kingdom
546857,85123A,WHITE HANGING HEART T-LIGHT HOLDER,32,2011-03-17 14:19:00,2.55,12937.0,United Kingdom
546862,84879,ASSORTED COLOUR BIRD ORNAMENT,16,2011-03-17 15:34:00,1.69,16216.0,United Kingdom
546866,85123A,WHITE HANGING HEART T-LIGHT HOLDER,4,2011-03-17 15:47:00,2.95,14462.0,United Kingdom
546884,21212,PACK OF 72 RETROSPOT CAKE CASES,1,2011-03-17 18:08:00,1.25,,United Kingdom
546888,85123A,WHITE HANGING HEART T-LIGHT HOLDER,1,2011-03-17 18:15:00,5.79,,United Kingdom
546891,85123A,WHITE HANGING HEART T-LIGHT HOLDER,1,2011-03-17 18:18:00,5.79,,United Kingdom
546892,21212,PACK OF 72 RETROSPOT CAKE CASES,1,2011-03-17 18:20:00,1.25,,United Kingdom
546896,21212,PACK OF 72 RETROSPOT CAKE CASES,1,2011-03-17 18:24:00,1.25,,United Kingdom
546896,22616,PACK OF 12 LONDON TISSUES ,3,2011-03-17 18:24:00,0.83,,United Kingdom
546913,85123A,WHITE HANGING HEART T-LIGHT HOLDER,3,2011-03-17 20:18:00,2.95,15861.0,United Kingdom
546915,84879,ASSORTED COLOUR BIRD ORNAMENT,16,2011-03-18 08:31:00,1.69,15695.0,United Kingdom
546915,22616,PACK OF 12 LONDON TISSUES ,48,2011-03-18 08:31:00,0.29,15695.0,United Kingdom
546922,85123A,WHITE HANGING HEART T-LIGHT HOLDER,6,2011-03-18 09:59:00,2.95,14110.0,United Kingdom
546928,85123A,WHITE HANGING HEART T-LIGHT HOLDER,6,2011-03-18 10:16:00,2.95,17685.0,United Kingdom
546933,85123A,WHITE HANGING HEART T-LIGHT HOLDER,1,2011-03-18 11:02:00,0.0,,United Kingdom
546949,85123A,WHITE HANGING HEART T-LIGHT HOLDER,1,2011-03-18 11:22:00,2.95,,United Kingdom
546972,21212,PACK OF 72 RETROSPOT CAKE CASES,9,2011-03-18 12:04:00,2.08,,United Kingdom
546979,21212,PACK OF 72 RETROSPOT CAKE CASES,24,2011-03-18 12:18:00,0.55,16256.0,United Kingdom
546984,22616,PACK OF 12 LONDON TISSUES ,12,2011-03-18 12:35:00,0.29,15019.0,United Kingdom
546986,85123A,WHITE HANGING HEART T-LIGHT HOLDER,6,2011-03-18 12:55:00,2.95,14194.0,United Kingdom
546988,84879,ASSORTED COLOUR BIRD ORNAMENT,8,2011-03-18 12:57:00,1.69,14194.0,United Kingdom
546991,84879,ASSORTED COLOUR BIRD ORNAMENT,5,2011-03-18 13:08:00,1.69,12748.0,United Kingdom
546993,85123A,WHITE HANGING HEART T-LIGHT HOLDER,5,2011-03-18 13:19:00,2.95,17921.0,United Kingdom
546998,21212,PACK OF 72 RETROSPOT CAKE CASES,2,2011-03-18 13:32:00,0.55,16023.0,United Kingdom
546999,85123A,WHITE HANGING HEART T-LIGHT HOLDER,32,2011-03-18 13:47:00,2.55,17133.0,United Kingdom
547020,22616,PACK OF 12 LONDON TISSUES ,24,2011-03-18 15:42:00,0.29,17017.0,United Kingdom
547021,84879,ASSORTED COLOUR BIRD ORNAMENT,8,2011-03-18 15:43:00,1.69,13046.0,United Kingdom
547028,85123A,WHITE HANGING HEART T-LIGHT HOLDER,4,2011-03-20 10:13:00,2.95,13593.0,United Kingdom
547037,22616,PACK OF 12 LONDON TISSUES ,1296,2011-03-20 10:37:00,0.25,14101.0,United Kingdom
547042,85123A,WHITE HANGING HEART T-LIGHT HOLDER,2,2011-03-20 11:00:00,5.79,,United Kingdom
547042,22616,PACK OF 12 LONDON TISSUES ,1,2011-03-20 11:00:00,0.83,,United Kingdom
547049,85123A,WHITE HANGING HEART T-LIGHT HOLDER,6,2011-03-20 11:56:00,2.95,17134.0,United Kingdom
547052,85123A,WHITE HANGING HEART T-LIGHT HOLDER,5,2011-03-20 12:07:00,2.95,18225.0,United Kingdom
547055,85123A,WHITE HANGING HEART T-LIGHT HOLDER,3,2011-03-20 12:14:00,2.95,16444.0,United Kingdom
547059,85123A,WHITE HANGING HEART T-LIGHT HOLDER,5,2011-03-20 12:50:00,2.95,14693.0,United Kingdom
547063,85123A,WHITE HANGING HEART T-LIGHT HOLDER,10,2011-03-20 13:33:00,2.95,14769.0,United Kingdom
547063,84879,ASSORTED COLOUR BIRD ORNAMENT,8,2011-03-20 13:33:00,1.69,14769.0,United Kingdom
547063,21212,PACK OF 72 RETROSPOT CAKE CASES,6,2011-03-20 13:33:00,0.55,14769.0,United Kingdom
547066,21212,PACK OF 72 RETROSPOT CAKE CASES,24,2011-03-20 13:41:00,0.55,12921.0,United Kingdom
547067,84879,ASSORTED COLOUR BIRD ORNAMENT,48,2011-03-20 13:43:00,1.69,12921.0,United Kingdom
547069,21212,PACK OF 72 RETROSPOT CAKE CASES,4,2011-03-20 13:52:00,0.55,16710.0,United Kingdom
547073,85123A,WHITE HANGING HEART T-LIGHT HOLDER,3,2011-03-20 14:23:00,2.95,17211.0,United Kingdom
547074,22616,PACK OF 12 LONDON TISSUES ,24,2011-03-20 14:35:00,0.29,13102.0,United Kingdom
547076,21212,PACK OF 72 RETROSPOT CAKE CASES,120,2011-03-20 14:37:00,0.42,15140.0,United Kingdom
547079,85123A,WHITE HANGING HEART T-LIGHT HOLDER,2,2011-03-20 15:02:00,2.95,15408.0,United Kingdom
547081,21212,PACK OF 72 RETROSPOT CAKE CASES,24,2011-03-20 15:07:00,0.55,14205.0,United Kingdom
547083,85123A,WHITE HANGING HEART T-LIGHT HOLDER,6,2011-03-20 15:21:00,2.95,15452.0,United Kingdom
547083,85123A,WHITE HANGING HEART T-LIGHT HOLDER,1,2011-03-20 15:21:00,2.95,15452.0,United Kingdom
547087,21212,PACK OF 72 RETROSPOT CAKE CASES,24,2011-03-20 15:58:00,0.55,12726.0,France
547088,21212,PACK OF 72 RETROSPOT CAKE CASES,24,2011-03-20 16:02:00,0.55,14223.0,United Kingdom
547099,85123A,WHITE HANGING HEART T-LIGHT HOLDER,6,2011-03-21 10:30:00,2.95,18224.0,United Kingdom
547102,21212,PACK OF 72 RETROSPOT CAKE CASES,24,2011-03-21 10:41:00,0.55,14245.0,United Kingdom
547105,84879,ASSORTED COLOUR BIRD ORNAMENT,48,2011-03-21 11:20:00,1.69,13854.0,United Kingdom
547108,84879,ASSORTED COLOUR BIRD ORNAMENT,8,2011-03-21 11:36:00,1.69,14659.0,United Kingdom
547195,84879,ASSORTED COLOUR BIRD ORNAMENT,24,2011-03-21 12:42:00,1.69,17204.0,United Kingdom
547199,84879,ASSORTED COLOUR BIRD ORNAMENT,8,2011-03-21 12:53:00,1.69,14606.0,United Kingdom
547209,85123A,WHITE HANGING HEART T-LIGHT HOLDER,32,2011-03-21 14:44:00,2.55,13081.0,United Kingdom
547209,21212,PACK OF 72 RETROSPOT CAKE CASES,24,2011-03-21 14:44:00,0.55,13081.0,United Kingdom
547209,22616,PACK OF 12 LONDON TISSUES ,24,2011-03-21 14:44:00,0.29,13081.0,United Kingdom
547219,84879,ASSORTED COLOUR BIRD ORNAMENT,8,2011-03-21 14:51:00,1.69,,United Kingdom
547221,84879,ASSORTED COLOUR BIRD ORNAMENT,8,2011-03-21 15:06:00,1.69,13262.0,United Kingdom
547223,84879,ASSORTED COLOUR BIRD ORNAMENT,6,2011-03-21 15:10:00,1.69,12867.0,United Kingdom
547223,84879,ASSORTED COLOUR BIRD ORNAMENT,8,2011-03-21 15:10:00,1.69,12867.0,United Kingdom
547223,21212,PACK OF 72 RETROSPOT CAKE CASES,5,2011-03-21 15:10:00,0.55,12867.0,United Kingdom
547224,84879,ASSORTED COLOUR BIRD ORNAMENT,8,2011-03-21 15:15:00,1.69,,United Kingdom
547240,22616,PACK OF 12 LONDON TISSUES ,2,2011-03-21 16:32:00,0.29,17585.0,United Kingdom
547244,84879,ASSORTED COLOUR BIRD ORNAMENT,12,2011-03-21 17:10:00,1.69,16427.0,United Kingdom
547247,85123A,WHITE HANGING HEART T-LIGHT HOLDER,32,2011-03-22 09:01:00,2.55,18225.0,United Kingdom
547248,21212,PACK OF 72 RETROSPOT CAKE CASES,2,2011-03-22 09:23:00,1.25,,United Kingdom
547249,21212,PACK OF 72 RETROSPOT CAKE CASES,5,2011-03-22 09:27:00,1.25,,United Kingdom
547249,85123A,WHITE HANGING HEART T-LIGHT HOLDER,1,2011-03-22 09:27:00,5.79,,United Kingdom
547251,21212,PACK OF 72 RETROSPOT CAKE CASES,24,2011-03-22 09:43:00,0.55,17865.0,United Kingdom
547252,85123A,WHITE HANGING HEART T-LIGHT HOLDER,6,2011-03-22 10:13:00,2.95,13900.0,United Kingdom
547252,84879,ASSORTED COLOUR BIRD ORNAMENT,8,2011-03-22 10:13:00,1.69,13900.0,United Kingdom
547253,85123A,WHITE HANGING HEART T-LIGHT HOLDER,6,2011-03-22 10:44:00,2.95,13869.0,United Kingdom
547334,85123A,WHITE HANGING HEART T-LIGHT HOLDER,6,2011-03-22 11:43:00,2.95,15044.0,United Kingdom
547349,85123A,WHITE HANGING HEART T-LIGHT HOLDER,6,2011-03-22 12:02:00,2.95,15132.0,United Kingdom
547357,85123A,WHITE HANGING HEART T-LIGHT HOLDER,6,2011-03-22 12:15:00,2.95,17613.0,United Kingdom
547358,85123A,WHITE HANGING HEART T-LIGHT HOLDER,3,2011-03-22 12:25:00,2.95,15998.0,United Kingdom
547358,84879,ASSORTED COLOUR BIRD ORNAMENT,8,2011-03-22 12:25:00,1.69,15998.0,United Kingdom
547359,21212,PACK OF 72 RETROSPOT CAKE CASES,6,2011-03-22 12:27:00,0.55,15719.0,United Kingdom
547359,84879,ASSORTED COLOUR BIRD ORNAMENT,8,2011-03-22 12:27:00,1.69,15719.0,United Kingdom
547365,85123A,WHITE HANGING HEART T-LIGHT HOLDER,12,2011-03-22 12:36:00,2.95,12775.0,Netherlands
547370,84879,ASSORTED COLOUR BIRD ORNAMENT,16,2011-03-22 13:32:00,1.69,14711.0,United Kingdom
547372,84879,ASSORTED COLOUR BIRD ORNAMENT,8,2011-03-22 13:46:00,1.69,16374.0,United Kingdom
547377,84879,ASSORTED COLOUR BIRD ORNAMENT,16,2011-03-22 14:43:00,1.69,13050.0,United Kingdom
547379,22616,PACK OF 12 LONDON TISSUES ,24,2011-03-22 15:13:00,0.29,12720.0,Germany
547380,21212,PACK OF 72 RETROSPOT CAKE CASES,6,2011-03-22 15:20:00,0.55,16809.0,United Kingdom
547381,22616,PACK OF 12 LONDON TISSUES ,7,2011-03-22 15:25:00,0.29,18041.0,United Kingdom
547382,84879,ASSORTED COLOUR BIRD ORNAMENT,5,2011-03-22 15:31:00,1.69,15457.0,United Kingdom
547382,22616,PACK OF 12 LONDON TISSUES ,3,2011-03-22 15:31:00,0.29,15457.0,United Kingdom
547385,85123A,WHITE HANGING HEART T-LIGHT HOLDER,4,2011-03-22 15:48:00,5.79,,United Kingdom
547386,85123A,WHITE HANGING HEART T-LIGHT HOLDER,2,2011-03-22 15:52:00,5.79,,United Kingdom
547396,21212,PACK OF 72 RETROSPOT CAKE CASES,16,2011-03-22 16:54:00,2.08,,United Kingdom
547412,21212,PACK OF 72 RETROSPOT CAKE CASES,24,2011-03-23 09:42:00,0.55,12399.0,Belgium
547413,85123A,WHITE HANGING HEART T-LIGHT HOLDER,12,2011-03-23 09:43:00,2.95,13475.0,United Kingdom
547413,21212,PACK OF 72 RETROSPOT CAKE CASES,24,2011-03-23 09:43:00,0.55,13475.0,United Kingdom
547418,85123A,WHITE HANGING HEART T-LIGHT HOLDER,6,2011-03-23 10:25:00,2.95,13148.0,United Kingdom
547485,85123A,WHITE HANGING HEART T-LIGHT HOLDER,3,2011-03-23 11:16:00,2.95,17019.0,United Kingdom
547485,21212,PACK OF 72 RETROSPOT CAKE CASES,3,2011-03-23 11:16:00,0.55,17019.0,United Kingdom
547489,85123A,WHITE HANGING HEART T-LIGHT HOLDER,6,2011-03-23 11:44:00,2.95,17830.0,United Kingdom
547491,85123A,WHITE HANGING HEART T-LIGHT HOLDER,6,2011-03-23 12:05:00,2.95,17096.0,United Kingdom
547492,21212,PACK OF 72 RETROSPOT CAKE CASES,24,2011-03-23 12:06:00,0.55,12604.0,France
547496,84879,ASSORTED COLOUR BIRD ORNAMENT,8,2011-03-23 12:13:00,1.69,18075.0,United Kingdom
547496,85123A,WHITE HANGING HEART T-LIGHT HOLDER,12,2011-03-23 12:13:00,2.95,18075.0,United Kingdom
547497,84879,ASSORTED COLOUR BIRD ORNAMENT,24,2011-03-23 12:15:00,1.69,14461.0,United Kingdom
547498,85123A,WHITE HANGING HEART T-LIGHT HOLDER,1,2011-03-23 12:24:00,2.95,15021.0,United Kingdom
547500,85123A,WHITE HANGING HEART T-LIGHT HOLDER,32,2011-03-23 12:39:00,2.55,13408.0,United Kingdom
547504,21212,PACK OF 72 RETROSPOT CAKE CASES,24,2011-03-23 13:33:00,0.55,12683.0,France
547511,84879,ASSORTED COLOUR BIRD ORNAMENT,8,2011-03-23 13:44:00,1.69,17411.0,United Kingdom
547513,21212,PACK OF 72 RETROSPOT CAKE CASES,24,2011-03-23 13:59:00,0.55,17519.0,United Kingdom
547515,84879,ASSORTED COLOUR BIRD ORNAMENT,16,2011-03-23 14:02:00,1.69,13267.0,United Kingdom
547547,22616,PACK OF 12 LONDON TISSUES ,1,2011-03-23 15:30:00,0.83,,United Kingdom
547547,85123A,WHITE HANGING HEART T-LIGHT HOLDER,1,2011-03-23 15:30:00,5.79,,United Kingdom
547547,21212,PACK OF 72 RETROSPOT CAKE CASES,2,2011-03-23 15:30:00,1.25,,United Kingdom
547556,85123A,WHITE HANGING HEART T-LIGHT HOLDER,4,2011-03-23 16:45:00,2.95,17250.0,United Kingdom
547563,22616,PACK OF 12 LONDON TISSUES ,24,2011-03-24 08:56:00,0.29,15651.0,United Kingdom
547572,84879,ASSORTED COLOUR BIRD ORNAMENT,8,2011-03-24 10:03:00,1.69,13512.0,United Kingdom
547580,85123A,WHITE HANGING HEART T-LIGHT HOLDER,12,2011-03-24 10:48:00,2.95,13488.0,United Kingdom
547583,22616,PACK OF 12 LONDON TISSUES ,36,2011-03-24 11:07:00,0.29,12901.0,United Kingdom
547644,85123A,WHITE HANGING HEART T-LIGHT HOLDER,6,2011-03-24 11:38:00,2.95,14267.0,United Kingdom
547647,21212,PACK OF 72 RETROSPOT CAKE CASES,24,2011-03-24 11:43:00,0.55,15144.0,United Kingdom
547649,21212,PACK OF 72 RETROSPOT CAKE CASES,2,2011-03-24 12:02:00,0.55,18118.0,United Kingdom
547649,85123A,WHITE HANGING HEART T-LIGHT HOLDER,6,2011-03-24 12:02:00,2.95,18118.0,United Kingdom
547650,84879,ASSORTED COLOUR BIRD ORNAMENT,8,2011-03-24 12:08:00,1.69,17059.0,United Kingdom
547651,85123A,WHITE HANGING HEART T-LIGHT HOLDER,4,2011-03-24 12:11:00,2.95,16904.0,United Kingdom
547653,21212,PACK OF 72 RETROSPOT CAKE CASES,120,2011-03-24 12:21:00,0.42,16745.0,United Kingdom
547655,85123A,WHITE HANGING HEART T-LIGHT HOLDER,6,2011-03-24 12:52:00,2.95,14267.0,United Kingdom
547656,85123A,WHITE HANGING HEART T-LIGHT HOLDER,2,2011-03-24 12:53:00,2.95,13263.0,United Kingdom
547656,21212,PACK OF 72 RETROSPOT CAKE CASES,3,2011-03-24 12:53:00,0.55,13263.0,United Kingdom
547658,21212,PACK OF 72 RETROSPOT CAKE CASES,5,2011-03-24 13:04:00,0.55,13736.0,United Kingdom
547658,21212,PACK OF 72 RETROSPOT CAKE CASES,4,2011-03-24 13:04:00,0.55,13736.0,United Kingdom
547662,84879,ASSORTED COLOUR BIRD ORNAMENT,16,2011-03-24 13:12:00,1.69,14085.0,United Kingdom
547663,21212,PACK OF 72 RETROSPOT CAKE CASES,1,2011-03-24 13:16:00,0.55,16022.0,United Kingdom
547663,22616,PACK OF 12 LONDON TISSUES ,12,2011-03-24 13:16:00,0.29,16022.0,United Kingdom
547670,85123A,WHITE HANGING HEART T-LIGHT HOLDER,1,2011-03-24 13:41:00,2.95,16769.0,United Kingdom
547670,85123A,WHITE HANGING HEART T-LIGHT HOLDER,3,2011-03-24 13:41:00,2.95,16769.0,United Kingdom
547670,85123A,WHITE HANGING HEART T-LIGHT HOLDER,6,2011-03-24 13:41:00,2.95,16769.0,United Kingdom
547687,21212,PACK OF 72 RETROSPOT CAKE CASES,24,2011-03-24 14:52:00,0.55,15078.0,United Kingdom
547689,21212,PACK OF 72 RETROSPOT CAKE CASES,4,2011-03-24 14:55:00,0.55,17757.0,United Kingdom
547703,21212,PACK OF 72 RETROSPOT CAKE CASES,24,2011-03-24 17:10:00,0.55,12540.0,Spain
547703,84879,ASSORTED COLOUR BIRD ORNAMENT,40,2011-03-24 17:10:00,1.69,12540.0,Spain
547709,85123A,WHITE HANGING HEART T-LIGHT HOLDER,6,2011-03-24 18:43:00,2.95,18109.0,United Kingdom
547712,84879,ASSORTED COLOUR BIRD ORNAMENT,8,2011-03-24 19:31:00,1.69,16905.0,United Kingdom
547713,85123A,WHITE HANGING HEART T-LIGHT HOLDER,6,2011-03-25 08:41:00,2.95,16458.0,United Kingdom
547721,85123A,WHITE HANGING HEART T-LIGHT HOLDER,6,2011-03-25 10:14:00,2.95,13000.0,United Kingdom
547762,84879,ASSORTED COLOUR BIRD ORNAMENT,8,2011-03-25 11:31:00,1.69,13695.0,United Kingdom
547786,85123A,WHITE HANGING HEART T-LIGHT HOLDER,1,2011-03-25 11:44:00,2.95,14587.0,United Kingdom
547788,21212,PACK OF 72 RETROSPOT CAKE CASES,1,2011-03-25 12:00:00,1.25,,United Kingdom
547788,85123A,WHITE HANGING HEART T-LIGHT HOLDER,4,2011-03-25 12:00:00,5.79,,United Kingdom
547789,21212,PACK OF 72 RETROSPOT CAKE CASES,24,2011-03-25 12:04:00,0.55,14911.0,EIRE
547794,21212,PACK OF 72 RETROSPOT CAKE CASES,2,2011-03-25 12:13:00,0.55,14085.0,United Kingdom
547800,84879,ASSORTED COLOUR BIRD ORNAMENT,8,2011-03-25 12:55:00,1.69,14504.0,United Kingdom
547801,21212,PACK OF 72 RETROSPOT CAKE CASES,24,2011-03-25 12:57:00,0.55,14107.0,United Kingdom
547829,84879,ASSORTED COLOUR BIRD ORNAMENT,16,2011-03-25 15:24:00,1.69,16081.0,United Kingdom
547829,85123A,WHITE HANGING HEART T-LIGHT HOLDER,6,2011-03-25 15:24:00,2.95,16081.0,United Kingdom
547830,22616,PACK OF 12 LONDON TISSUES ,1,2011-03-25 15:50:00,0.83,,United Kingdom
547830,85123A,WHITE HANGING HEART T-LIGHT HOLDER,6,2011-03-25 15:50:00,5.79,,United Kingdom
547833,84879,ASSORTED COLOUR BIRD ORNAMENT,8,2011-03-25 17:34:00,1.69,16780.0,United Kingdom
547833,85123A,WHITE HANGING HEART T-LIGHT HOLDER,2,2011-03-25 17:34:00,2.95,16780.0,United Kingdom
547837,85123A,WHITE HANGING HEART T-LIGHT HOLDER,7,2011-03-27 10:26:00,2.95,17243.0,United Kingdom
547839,85123A,WHITE HANGING HEART T-LIGHT HOLDER,32,2011-03-27 10:54:00,2.55,12916.0,United Kingdom
547842,85123A,WHITE HANGING HEART T-LIGHT HOLDER,6,2011-03-27 11:14:00,2.95,13875.0,United Kingdom
547850,84879,ASSORTED COLOUR BIRD ORNAMENT,8,2011-03-27 12:06:00,1.69,14472.0,United Kingdom
547860,85123A,WHITE HANGING HEART T-LIGHT HOLDER,6,2011-03-27 12:21:00,2.95,17625.0,United Kingdom
547863,21212,PACK OF 72 RETROSPOT CAKE CASES,24,2011-03-27 13:07:00,0.55,12728.0,France
547864,85123A,WHITE HANGING HEART T-LIGHT HOLDER,6,2011-03-27 13:10:00,2.95,15716.0,United Kingdom
547867,21212,PACK OF 72 RETROSPOT CAKE CASES,1,2011-03-27 13:56:00,0.55,13357.0,United Kingdom
547867,21212,PACK OF 72 RETROSPOT CAKE CASES,2,2011-03-27 13:56:00,0.55,13357.0,United Kingdom
547871,85123A,WHITE HANGING HEART T-LIGHT HOLDER,3,2011-03-27 14:28:00,2.95,16931.0,United Kingdom
547872,85123A,WHITE HANGING HEART T-LIGHT HOLDER,6,2011-03-27 14:34:00,2.95,16777.0,United Kingdom
547874,85123A,WHITE HANGING HEART T-LIGHT HOLDER,5,2011-03-27 15:39:00,2.95,14476.0,United Kingdom
547880,21212,PACK OF 72 RETROSPOT CAKE CASES,1,2011-03-27 16:05:00,0.55,15426.0,United Kingdom
547881,85123A,WHITE HANGING HEART T-LIGHT HOLDER,6,2011-03-27 16:08:00,2.95,13110.0,United Kingdom
547883,84879,ASSORTED COLOUR BIRD ORNAMENT,8,2011-03-28 08:40:00,1.69,14755.0,United Kingdom
547886,85123A,WHITE HANGING HEART T-LIGHT HOLDER,6,2011-03-28 09:21:00,2.95,13652.0,United Kingdom
547892,22616,PACK OF 12 LONDON TISSUES ,24,2011-03-28 10:15:00,0.29,12669.0,France
547892,21212,PACK OF 72 RETROSPOT CAKE CASES,24,2011-03-28 10:15:00,0.55,12669.0,France
547896,85123A,WHITE HANGING HEART T-LIGHT HOLDER,1,2011-03-28 11:34:00,2.95,17841.0,United Kingdom
547910,85123A,WHITE HANGING HEART T-LIGHT HOLDER,6,2011-03-28 12:23:00,2.95,14159.0,United Kingdom
547921,85123A,WHITE HANGING HEART T-LIGHT HOLDER,12,2011-03-28 13:28:00,2.95,14766.0,United Kingdom
547921,84879,ASSORTED COLOUR BIRD ORNAMENT,16,2011-03-28 13:28:00,1.69,14766.0,United Kingdom
547924,84879,ASSORTED COLOUR BIRD ORNAMENT,16,2011-03-28 13:39:00,1.69,17749.0,United Kingdom
547925,84879,ASSORTED COLOUR BIRD ORNAMENT,16,2011-03-28 13:57:00,1.69,12481.0,Germany
547940,21212,PACK OF 72 RETROSPOT CAKE CASES,1,2011-03-28 14:43:00,0.55,16814.0,United Kingdom
547940,84879,ASSORTED COLOUR BIRD ORNAMENT,32,2011-03-28 14:43:00,1.69,16814.0,United Kingdom
547942,85123A,WHITE HANGING HEART T-LIGHT HOLDER,18,2011-03-28 14:57:00,2.95,14538.0,United Kingdom
547962,21212,PACK OF 72 RETROSPOT CAKE CASES,24,2011-03-28 15:38:00,0.55,12957.0,United Kingdom
547963,84879,ASSORTED COLOUR BIRD ORNAMENT,8,2011-03-28 15:42:00,1.69,13037.0,United Kingdom
547964,21212,PACK OF 72 RETROSPOT CAKE CASES,1,2011-03-28 15:45:00,1.25,,United Kingdom
547967,85123A,WHITE HANGING HEART T-LIGHT HOLDER,1,2011-03-28 15:49:00,5.79,,United Kingdom
547987,21212,PACK OF 72 RETROSPOT CAKE CASES,24,2011-03-29 09:11:00,0.55,17428.0,United Kingdom
547990,85123A,WHITE HANGING HEART T-LIGHT HOLDER,6,2011-03-29 09:53:00,2.95,15589.0,United Kingdom
547993,21212,PACK OF 72 RETROSPOT CAKE CASES,24,2011-03-29 09:59:00,0.55,,EIRE
548007,85123A,WHITE HANGING HEART T-LIGHT HOLDER,6,2011-03-29 10:51:00,2.95,13769.0,United Kingdom
548011,21212,PACK OF 72 RETROSPOT CAKE CASES,240,2011-03-29 11:14:00,0.42,14646.0,Netherlands
548012,85123A,WHITE HANGING HEART T-LIGHT HOLDER,12,2011-03-29 11:15:00,2.95,17377.0,United Kingdom
548013,22616,PACK OF 12 LONDON TISSUES ,24,2011-03-29 11:25:00,0.29,17874.0,United Kingdom
548017,21212,PACK OF 72 RETROSPOT CAKE CASES,24,2011-03-29 11:42:00,0.55,16871.0,United Kingdom
548144,85123A,WHITE HANGING HEART T-LIGHT HOLDER,64,2011-03-29 12:29:00,2.55,13798.0,United Kingdom
548148,22616,PACK OF 12 LONDON TISSUES ,3,2011-03-29 12:31:00,0.29,17931.0,United Kingdom
548151,84879,ASSORTED COLOUR BIRD ORNAMENT,8,2011-03-29 12:57:00,1.69,13803.0,United Kingdom
548152,21212,PACK OF 72 RETROSPOT CAKE CASES,24,2011-03-29 13:04:00,0.55,17398.0,United Kingdom
548154,21212,PACK OF 72 RETROSPOT CAKE CASES,24,2011-03-29 13:06:00,0.55,17675.0,United Kingdom
548160,84879,ASSORTED COLOUR BIRD ORNAMENT,16,2011-03-29 13:33:00,1.69,16253.0,United Kingdom
548162,21212,PACK OF 72 RETROSPOT CAKE CASES,64,2011-03-29 13:42:00,2.08,,United Kingdom
548169,21212,PACK OF 72 RETROSPOT CAKE CASES,72,2011-03-29 13:48:00,0.55,14680.0,United Kingdom
548178,85123A,WHITE HANGING HEART T-LIGHT HOLDER,12,2011-03-29 14:35:00,2.95,14367.0,United Kingdom
548185,85123A,WHITE HANGING HEART T-LIGHT HOLDER,12,2011-03-29 14:58:00,2.95,15628.0,United Kingdom
548186,85123A,WHITE HANGING HEART T-LIGHT HOLDER,72,2011-03-29 15:02:00,2.55,13777.0,United Kingdom
548188,85123A,WHITE HANGING HEART T-LIGHT HOLDER,1,2011-03-29 15:12:00,2.95,13263.0,United Kingdom
548191,22616,PACK OF 12 LONDON TISSUES ,11,2011-03-29 15:20:00,0.83,,United Kingdom
548194,22616,PACK OF 12 LONDON TISSUES ,9,2011-03-29 15:30:00,0.83,,United Kingdom
548194,21212,PACK OF 72 RETROSPOT CAKE CASES,2,2011-03-29 15:30:00,1.25,,United Kingdom
548202,21212,PACK OF 72 RETROSPOT CAKE CASES,24,2011-03-29 16:36:00,0.55,16980.0,United Kingdom
548203,22616,PACK OF 12 LONDON TISSUES ,96,2011-03-29 16:40:00,1.0,,United Kingdom
548210,21212,PACK OF 72 RETROSPOT CAKE CASES,2,2011-03-29 17:23:00,0.55,14606.0,United Kingdom
548215,85123A,WHITE HANGING HEART T-LIGHT HOLDER,6,2011-03-30 09:19:00,2.95,15674.0,United Kingdom
548217,85123A,WHITE HANGING HEART T-LIGHT HOLDER,32,2011-03-30 09:31:00,2.55,17616.0,United Kingdom
548222,22616,PACK OF 12 LONDON TISSUES ,144,2011-03-30 10:16:00,0.25,17306.0,United Kingdom
548259,22616,PACK OF 12 LONDON TISSUES ,12,2011-03-30 11:12:00,0.29,14099.0,United Kingdom
548289,84879,ASSORTED COLOUR BIRD ORNAMENT,8,2011-03-30 11:48:00,1.69,13988.0,United Kingdom
548309,22616,PACK OF 12 LONDON TISSUES ,12,2011-03-30 12:02:00,0.29,16657.0,United Kingdom
548309,21212,PACK OF 72 RETROSPOT CAKE CASES,1,2011-03-30 12:02:00,0.55,16657.0,United Kingdom
548309,22616,PACK OF 12 LONDON TISSUES ,12,2011-03-30 12:02:00,0.29,16657.0,United Kingdom
548312,85123A,WHITE HANGING HEART T-LIGHT HOLDER,4,2011-03-30 12:12:00,2.95,16059.0,United Kingdom
548313,21212,PACK OF 72 RETROSPOT CAKE CASES,24,2011-03-30 12:15:00,0.55,15353.0,United Kingdom
548315,84879,ASSORTED COLOUR BIRD ORNAMENT,8,2011-03-30 12:34:00,1.69,16019.0,United Kingdom
548317,21212,PACK OF 72 RETROSPOT CAKE CASES,24,2011-03-30 12:43:00,0.55,18179.0,United Kingdom
548327,85123A,WHITE HANGING HEART T-LIGHT HOLDER,10,2011-03-30 13:05:00,2.95,16788.0,United Kingdom
548331,85123A,WHITE HANGING HEART T-LIGHT HOLDER,12,2011-03-30 13:28:00,2.95,13047.0,United Kingdom
548337,21212,PACK OF 72 RETROSPOT CAKE CASES,4,2011-03-30 14:06:00,0.55,18198.0,United Kingdom
548354,21212,PACK OF 72 RETROSPOT CAKE CASES,24,2011-03-30 15:06:00,0.55,15981.0,United Kingdom
548373,21212,PACK OF 72 RETROSPOT CAKE CASES,1,2011-03-30 16:34:00,1.25,,United Kingdom
548373,84879,ASSORTED COLOUR BIRD ORNAMENT,8,2011-03-30 16:34:00,3.12,,United Kingdom
548373,85123A,WHITE HANGING HEART T-LIGHT HOLDER,1,2011-03-30 16:34:00,5.79,,United Kingdom
548400,85123A,WHITE HANGING HEART T-LIGHT HOLDER,3,2011-03-30 17:33:00,2.95,17400.0,United Kingdom
548405,85123A,WHITE HANGING HEART T-LIGHT HOLDER,6,2011-03-31 09:48:00,2.95,17088.0,United Kingdom
548409,84879,ASSORTED COLOUR BIRD ORNAMENT,160,2011-03-31 10:27:00,1.45,12731.0,France
548450,85123A,WHITE HANGING HEART T-LIGHT HOLDER,32,2011-03-31 11:20:00,2.55,15856.0,United Kingdom
548452,85123A,WHITE HANGING HEART T-LIGHT HOLDER,12,2011-03-31 11:37:00,2.95,13060.0,United Kingdom
548470,84879,ASSORTED COLOUR BIRD ORNAMENT,8,2011-03-31 12:36:00,1.69,12782.0,Portugal
548470,85123A,WHITE HANGING HEART T-LIGHT HOLDER,12,2011-03-31 12:36:00,2.95,12782.0,Portugal
548484,85123A,WHITE HANGING HEART T-LIGHT HOLDER,2,2011-03-31 12:43:00,2.95,13571.0,United Kingdom
548490,21212,PACK OF 72 RETROSPOT CAKE CASES,24,2011-03-31 13:13:00,0.55,12909.0,United Kingdom
548496,22616,PACK OF 12 LONDON TISSUES ,120,2011-03-31 13:40:00,0.29,12678.0,France
548497,84879,ASSORTED COLOUR BIRD ORNAMENT,36,2011-03-31 13:43:00,1.69,13089.0,United Kingdom
548498,22616,PACK OF 12 LONDON TISSUES ,48,2011-03-31 13:46:00,0.29,16681.0,United Kingdom
548500,85123A,WHITE HANGING HEART T-LIGHT HOLDER,4,2011-03-31 13:49:00,2.95,17071.0,United Kingdom
548502,21212,PACK OF 72 RETROSPOT CAKE CASES,22,2011-03-31 14:17:00,2.08,,United Kingdom
548510,22616,PACK OF 12 LONDON TISSUES ,12,2011-03-31 15:02:00,0.29,17861.0,United Kingdom
548516,84879,ASSORTED COLOUR BIRD ORNAMENT,112,2011-03-31 16:28:00,1.69,,United Kingdom
548516,85123A,WHITE HANGING HEART T-LIGHT HOLDER,4,2011-03-31 16:28:00,5.79,,United Kingdom
548516,85123A,WHITE HANGING HEART T-LIGHT HOLDER,3,2011-03-31 16:28:00,2.95,,United Kingdom
548521,21212,PACK OF 72 RETROSPOT CAKE CASES,24,2011-03-31 16:41:00,0.55,17735.0,United Kingdom
548529,84879,ASSORTED COLOUR BIRD ORNAMENT,8,2011-03-31 16:56:00,1.69,18223.0,United Kingdom
548533,21212,PACK OF 72 RETROSPOT CAKE CASES,24,2011-03-31 17:17:00,0.55,13883.0,United Kingdom
548550,85123A,WHITE HANGING HEART T-LIGHT HOLDER,6,2011-04-01 08:22:00,2.95,18161.0,United Kingdom
548550,84879,ASSORTED COLOUR BIRD ORNAMENT,16,2011-04-01 08:22:00,1.69,18161.0,United Kingdom
548552,85123A,WHITE HANGING HEART T-LIGHT HOLDER,12,2011-04-01 09:06:00,2.95,17613.0,United Kingdom
548560,85123A,WHITE HANGING HEART T-LIGHT HOLDER,32,2011-04-01 10:10:00,2.55,13468.0,United Kingdom
548561,85123A,WHITE HANGING HEART T-LIGHT HOLDER,6,2011-04-01 10:11:00,2.95,16609.0,United Kingdom
548610,85123A,WHITE HANGING HEART T-LIGHT HOLDER,1,2011-04-01 11:28:00,2.95,15860.0,United Kingdom
548612,21212,PACK OF 72 RETROSPOT CAKE CASES,1,2011-04-01 11:34:00,0.55,13137.0,United Kingdom
548612,84879,ASSORTED COLOUR BIRD ORNAMENT,1,2011-04-01 11:34:00,1.69,13137.0,United Kingdom
548612,21212,PACK OF 72 RETROSPOT CAKE CASES,5,2011-04-01 11:34:00,0.55,13137.0,United Kingdom
548612,84879,ASSORTED COLOUR BIRD ORNAMENT,8,2011-04-01 11:34:00,1.69,13137.0,United Kingdom
548618,22616,PACK OF 12 LONDON TISSUES ,24,2011-04-01 11:50:00,0.29,15197.0,United Kingdom
548622,85123A,WHITE HANGING HEART T-LIGHT HOLDER,6,2011-04-01 12:09:00,2.95,13636.0,United Kingdom
548632,85123A,WHITE HANGING HEART T-LIGHT HOLDER,6,2011-04-01 12:25:00,2.95,17701.0,United Kingdom
548636,85123A,WHITE HANGING HEART T-LIGHT HOLDER,12,2011-04-01 12:29:00,2.95,15601.0,United Kingdom
548642,84879,ASSORTED COLOUR BIRD ORNAMENT,6,2011-04-01 13:00:00,1.69,17287.0,United Kingdom
548642,22616,PACK OF 12 LONDON TISSUES ,12,2011-04-01 13:00:00,0.29,17287.0,United Kingdom
548648,21212,PACK OF 72 RETROSPOT CAKE CASES,24,2011-04-01 13:20:00,0.55,12949.0,United Kingdom
548648,85123A,WHITE HANGING HEART T-LIGHT HOLDER,12,2011-04-01 13:20:00,2.95,12949.0,United Kingdom
548648,84879,ASSORTED COLOUR BIRD ORNAMENT,24,2011-04-01 13:20:00,1.69,12949.0,United Kingdom
548650,85123A,WHITE HANGING HEART T-LIGHT HOLDER,8,2011-04-01 13:22:00,2.95,14852.0,United Kingdom
548666,84879,ASSORTED COLOUR BIRD ORNAMENT,24,2011-04-01 14:58:00,1.69,13124.0,United Kingdom
548670,84879,ASSORTED COLOUR BIRD ORNAMENT,6,2011-04-01 15:37:00,1.69,15356.0,United Kingdom
548673,84879,ASSORTED COLOUR BIRD ORNAMENT,32,2011-04-01 16:18:00,1.69,13767.0,United Kingdom
548686,85123A,WHITE HANGING HEART T-LIGHT HOLDER,32,2011-04-01 16:49:00,2.55,15856.0,United Kingdom
548697,85123A,WHITE HANGING HEART T-LIGHT HOLDER,64,2011-04-03 10:49:00,2.55,15482.0,United Kingdom
548698,21212,PACK OF 72 RETROSPOT CAKE CASES,3,2011-04-03 10:55:00,0.55,18109.0,United Kingdom
548699,85123A,WHITE HANGING HEART T-LIGHT HOLDER,1,2011-04-03 11:08:00,2.95,,United Kingdom
548703,85123A,WHITE HANGING HEART T-LIGHT HOLDER,2,2011-04-03 11:37:00,2.95,16010.0,United Kingdom
548703,85123A,WHITE HANGING HEART T-LIGHT HOLDER,3,2011-04-03 11:37:00,2.95,16010.0,United Kingdom
548704,22616,PACK OF 12 LONDON TISSUES ,864,2011-04-03 11:45:00,0.29,17381.0,United Kingdom
548708,85123A,WHITE HANGING HEART T-LIGHT HOLDER,3,2011-04-03 12:41:00,2.95,13269.0,United Kingdom
548711,85123A,WHITE HANGING HEART T-LIGHT HOLDER,3,2011-04-03 14:24:00,2.95,18116.0,United Kingdom
548712,21212,PACK OF 72 RETROSPOT CAKE CASES,6,2011-04-03 14:42:00,0.55,17050.0,United Kingdom
548714,85123A,WHITE HANGING HEART T-LIGHT HOLDER,1,2011-04-03 15:07:00,2.95,17337.0,United Kingdom
548714,22616,PACK OF 12 LONDON TISSUES ,1,2011-04-03 15:07:00,0.29,17337.0,United Kingdom
548714,22616,PACK OF 12 LONDON TISSUES ,4,2011-04-03 15:07:00,0.29,17337.0,United Kingdom
548726,84879,ASSORTED COLOUR BIRD ORNAMENT,32,2011-04-04 09:38:00,1.69,13767.0,United Kingdom
548737,21212,PACK OF 72 RETROSPOT CAKE CASES,24,2011-04-04 11:18:00,0.55,12682.0,France
548740,84879,ASSORTED COLOUR BIRD ORNAMENT,16,2011-04-04 11:34:00,1.69,13319.0,United Kingdom
548743,85123A,WHITE HANGING HEART T-LIGHT HOLDER,6,2011-04-04 12:05:00,2.95,14895.0,United Kingdom
548747,21212,PACK OF 72 RETROSPOT CAKE CASES,24,2011-04-04 12:17:00,0.55,15223.0,United Kingdom
548749,85123A,WHITE HANGING HEART T-LIGHT HOLDER,6,2011-04-04 12:29:00,2.95,13004.0,United Kingdom
548757,21212,PACK OF 72 RETROSPOT CAKE CASES,24,2011-04-04 12:31:00,0.55,17419.0,United Kingdom
548792,21212,PACK OF 72 RETROSPOT CAKE CASES,1,2011-04-04 12:42:00,0.55,14711.0,United Kingdom
548792,21212,PACK OF 72 RETROSPOT CAKE CASES,1,2011-04-04 12:42:00,0.55,14711.0,United Kingdom
548792,84879,ASSORTED COLOUR BIRD ORNAMENT,24,2011-04-04 12:42:00,1.69,14711.0,United Kingdom
548801,21212,PACK OF 72 RETROSPOT CAKE CASES,24,2011-04-04 12:44:00,0.55,15289.0,United Kingdom
548807,21212,PACK OF 72 RETROSPOT CAKE CASES,120,2011-04-04 12:54:00,0.42,16422.0,United Kingdom
548808,85123A,WHITE HANGING HEART T-LIGHT HOLDER,3,2011-04-04 12:55:00,2.95,17774.0,United Kingdom
548860,85123A,WHITE HANGING HEART T-LIGHT HOLDER,2,2011-04-04 13:38:00,2.95,13263.0,United Kingdom
548861,21212,PACK OF 72 RETROSPOT CAKE CASES,24,2011-04-04 13:42:00,0.55,18185.0,United Kingdom
548865,85123A,WHITE HANGING HEART T-LIGHT HOLDER,6,2011-04-04 14:09:00,2.95,14747.0,United Kingdom
548867,21212,PACK OF 72 RETROSPOT CAKE CASES,2,2011-04-04 14:17:00,0.55,14719.0,United Kingdom
548868,21212,PACK OF 72 RETROSPOT CAKE CASES,24,2011-04-04 14:28:00,0.55,13015.0,United Kingdom
548868,84879,ASSORTED COLOUR BIRD ORNAMENT,8,2011-04-04 14:28:00,1.69,13015.0,United Kingdom
548869,85123A,WHITE HANGING HEART T-LIGHT HOLDER,2,2011-04-04 14:31:00,2.95,17114.0,United Kingdom
548874,85123A,WHITE HANGING HEART T-LIGHT HOLDER,32,2011-04-04 15:18:00,2.55,17716.0,United Kingdom
548893,85123A,WHITE HANGING HEART T-LIGHT HOLDER,1,2011-04-04 15:54:00,5.79,,United Kingdom
548894,21212,PACK OF 72 RETROSPOT CAKE CASES,3,2011-04-04 16:01:00,1.25,,United Kingdom
548894,84879,ASSORTED COLOUR BIRD ORNAMENT,8,2011-04-04 16:01:00,3.12,,United Kingdom
548896,84879,ASSORTED COLOUR BIRD ORNAMENT,32,2011-04-04 16:21:00,1.69,13767.0,United Kingdom
548896,21212,PACK OF 72 RETROSPOT CAKE CASES,24,2011-04-04 16:21:00,0.55,13767.0,United Kingdom
548898,85123A,WHITE HANGING HEART T-LIGHT HOLDER,8,2011-04-04 16:28:00,2.95,17214.0,United Kingdom
548900,84879,ASSORTED COLOUR BIRD ORNAMENT,27,2011-04-04 16:36:00,1.69,17848.0,United Kingdom
548910,22616,PACK OF 12 LONDON TISSUES ,432,2011-04-05 08:51:00,0.2,17940.0,United Kingdom
548916,84879,ASSORTED COLOUR BIRD ORNAMENT,24,2011-04-05 10:07:00,1.69,14849.0,United Kingdom
548916,21212,PACK OF 72 RETROSPOT CAKE CASES,24,2011-04-05 10:07:00,0.55,14849.0,United Kingdom
548973,85123A,WHITE HANGING HEART T-LIGHT HOLDER,6,2011-04-05 11:44:00,2.95,15674.0,United Kingdom
548974,84879,ASSORTED COLOUR BIRD ORNAMENT,24,2011-04-05 11:47:00,1.69,15194.0,United Kingdom
548978,85123A,WHITE HANGING HEART T-LIGHT HOLDER,10,2011-04-05 12:08:00,2.95,15727.0,United Kingdom
548978,21212,PACK OF 72 RETROSPOT CAKE CASES,24,2011-04-05 12:08:00,0.55,15727.0,United Kingdom
548983,85123A,WHITE HANGING HEART T-LIGHT HOLDER,4,2011-04-05 12:30:00,2.95,16906.0,United Kingdom
548987,21212,PACK OF 72 RETROSPOT CAKE CASES,2,2011-04-05 12:50:00,0.55,14535.0,United Kingdom
548987,85123A,WHITE HANGING HEART T-LIGHT HOLDER,6,2011-04-05 12:50:00,2.95,14535.0,United Kingdom
548993,22616,PACK OF 12 LONDON TISSUES ,96,2011-04-05 13:56:00,0.29,12753.0,Japan
549007,21212,PACK OF 72 RETROSPOT CAKE CASES,24,2011-04-05 14:38:00,0.55,17470.0,United Kingdom
549014,22616,PACK OF 12 LONDON TISSUES ,8,2011-04-05 15:00:00,0.29,17841.0,United Kingdom
549015,21212,PACK OF 72 RETROSPOT CAKE CASES,24,2011-04-05 15:12:00,0.55,15244.0,United Kingdom
549015,85123A,WHITE HANGING HEART T-LIGHT HOLDER,24,2011-04-05 15:12:00,2.95,15244.0,United Kingdom
549015,84879,ASSORTED COLOUR BIRD ORNAMENT,16,2011-04-05 15:12:00,1.69,15244.0,United Kingdom
549018,84879,ASSORTED COLOUR BIRD ORNAMENT,24,2011-04-05 15:21:00,1.69,17492.0,United Kingdom
549020,84879,ASSORTED COLOUR BIRD ORNAMENT,160,2011-04-05 15:36:00,1.45,13525.0,United Kingdom
549023,85123A,WHITE HANGING HEART T-LIGHT HOLDER,1,2011-04-05 16:27:00,5.79,,United Kingdom
549047,21212,PACK OF 72 RETROSPOT CAKE CASES,1,2011-04-06 10:07:00,0.55,17783.0,United Kingdom
549052,84879,ASSORTED COLOUR BIRD ORNAMENT,16,2011-04-06 10:19:00,1.69,17682.0,United Kingdom
549052,85123A,WHITE HANGING HEART T-LIGHT HOLDER,12,2011-04-06 10:19:00,2.95,17682.0,United Kingdom
549053,84879,ASSORTED COLOUR BIRD ORNAMENT,8,2011-04-06 10:20:00,1.69,13863.0,United Kingdom
549055,85123A,WHITE HANGING HEART T-LIGHT HOLDER,12,2011-04-06 10:33:00,2.95,13515.0,United Kingdom
549055,21212,PACK OF 72 RETROSPOT CAKE CASES,24,2011-04-06 10:33:00,0.55,13515.0,United Kingdom
549099,85123A,WHITE HANGING HEART T-LIGHT HOLDER,2,2011-04-06 11:07:00,2.95,16241.0,United Kingdom
549100,21212,PACK OF 72 RETROSPOT CAKE CASES,63,2011-04-06 11:14:00,2.08,,United Kingdom
549102,21212,PACK OF 72 RETROSPOT CAKE CASES,24,2011-04-06 11:34:00,0.55,13266.0,United Kingdom
549115,85123A,WHITE HANGING HEART T-LIGHT HOLDER,32,2011-04-06 12:41:00,2.55,13098.0,United Kingdom
549116,85123A,WHITE HANGING HEART T-LIGHT HOLDER,6,2011-04-06 12:49:00,2.95,16670.0,United Kingdom
549121,84879,ASSORTED COLOUR BIRD ORNAMENT,8,2011-04-06 13:33:00,1.69,17140.0,United Kingdom
549123,21212,PACK OF 72 RETROSPOT CAKE CASES,24,2011-04-06 14:02:00,0.55,15201.0,United Kingdom
549126,21212,PACK OF 72 RETROSPOT CAKE CASES,1,2011-04-06 14:23:00,0.55,16031.0,United Kingdom
549153,21212,PACK OF 72 RETROSPOT CAKE CASES,24,2011-04-06 15:47:00,0.55,13771.0,United Kingdom
549155,22616,PACK OF 12 LONDON TISSUES ,2,2011-04-06 17:08:00,0.83,,United Kingdom
549155,85123A,WHITE HANGING HEART T-LIGHT HOLDER,1,2011-04-06 17:08:00,5.79,,United Kingdom
549155,21212,PACK OF 72 RETROSPOT CAKE CASES,1,2011-04-06 17:08:00,1.25,,United Kingdom
549182,85123A,WHITE HANGING HEART T-LIGHT HOLDER,6,2011-04-07 09:12:00,2.95,15646.0,United Kingdom
549188,84879,ASSORTED COLOUR BIRD ORNAMENT,8,2011-04-07 10:10:00,1.69,13731.0,United Kingdom
549234,84879,ASSORTED COLOUR BIRD ORNAMENT,16,2011-04-07 11:12:00,1.69,16515.0,United Kingdom
549235,85123A,WHITE HANGING HEART T-LIGHT HOLDER,5,2011-04-07 11:16:00,2.95,15530.0,United Kingdom
549235,85123A,WHITE HANGING HEART T-LIGHT HOLDER,3,2011-04-07 11:16:00,2.95,15530.0,United Kingdom
549235,22616,PACK OF 12 LONDON TISSUES ,12,2011-04-07 11:16:00,0.29,15530.0,United Kingdom
549238,84879,ASSORTED COLOUR BIRD ORNAMENT,17,2011-04-07 11:30:00,1.69,14667.0,United Kingdom
549239,22616,PACK OF 12 LONDON TISSUES ,24,2011-04-07 11:37:00,0.29,13102.0,United Kingdom
549241,85123A,WHITE HANGING HEART T-LIGHT HOLDER,2,2011-04-07 11:40:00,2.95,15719.0,United Kingdom
549250,21212,PACK OF 72 RETROSPOT CAKE CASES,1,2011-04-07 12:10:00,0.55,14446.0,United Kingdom
549250,85123A,WHITE HANGING HEART T-LIGHT HOLDER,6,2011-04-07 12:10:00,2.95,14446.0,United Kingdom
549251,21212,PACK OF 72 RETROSPOT CAKE CASES,1,2011-04-07 12:16:00,0.55,14449.0,United Kingdom
549251,21212,PACK OF 72 RETROSPOT CAKE CASES,1,2011-04-07 12:16:00,0.55,14449.0,United Kingdom
549258,85123A,WHITE HANGING HEART T-LIGHT HOLDER,12,2011-04-07 12:30:00,2.95,13102.0,United Kingdom
549258,22616,PACK OF 12 LONDON TISSUES ,24,2011-04-07 12:30:00,0.29,13102.0,United Kingdom
549260,85123A,WHITE HANGING HEART T-LIGHT HOLDER,7,2011-04-07 12:34:00,2.95,17790.0,United Kingdom
549261,84879,ASSORTED COLOUR BIRD ORNAMENT,8,2011-04-07 12:35:00,1.69,14903.0,United Kingdom
549262,85123A,WHITE HANGING HEART T-LIGHT HOLDER,3,2011-04-07 12:38:00,2.95,14465.0,United Kingdom
549278,21212,PACK OF 72 RETROSPOT CAKE CASES,9,2011-04-07 13:16:00,0.55,16255.0,United Kingdom
549291,85123A,WHITE HANGING HEART T-LIGHT HOLDER,2,2011-04-07 19:05:00,2.95,16261.0,United Kingdom
549291,84879,ASSORTED COLOUR BIRD ORNAMENT,8,2011-04-07 19:05:00,1.69,16261.0,United Kingdom
549294,85123A,WHITE HANGING HEART T-LIGHT HOLDER,4,2011-04-07 19:27:00,2.95,13230.0,United Kingdom
549295,21212,PACK OF 72 RETROSPOT CAKE CASES,1,2011-04-07 19:49:00,1.25,,United Kingdom
549301,84879,ASSORTED COLOUR BIRD ORNAMENT,16,2011-04-08 08:24:00,1.69,16643.0,United Kingdom
549302,84879,ASSORTED COLOUR BIRD ORNAMENT,16,2011-04-08 08:25:00,1.69,14246.0,United Kingdom
549306,84879,ASSORTED COLOUR BIRD ORNAMENT,8,2011-04-08 08:48:00,1.69,16837.0,United Kingdom
549310,84879,ASSORTED COLOUR BIRD ORNAMENT,8,2011-04-08 09:20:00,1.69,16325.0,United Kingdom
549316,21212,PACK OF 72 RETROSPOT CAKE CASES,24,2011-04-08 09:54:00,0.55,12705.0,Germany
549319,85123A,WHITE HANGING HEART T-LIGHT HOLDER,6,2011-04-08 10:09:00,2.95,16623.0,United Kingdom
549320,85123A,WHITE HANGING HEART T-LIGHT HOLDER,13,2011-04-08 10:14:00,2.95,16010.0,United Kingdom
549360,84879,ASSORTED COLOUR BIRD ORNAMENT,8,2011-04-08 11:23:00,1.69,17035.0,United Kingdom
549425,22616,PACK OF 12 LONDON TISSUES ,12,2011-04-08 11:54:00,0.29,14030.0,United Kingdom
549431,85123A,WHITE HANGING HEART T-LIGHT HOLDER,25,2011-04-08 12:17:00,2.95,15874.0,United Kingdom
549435,21212,PACK OF 72 RETROSPOT CAKE CASES,24,2011-04-08 12:33:00,0.55,12356.0,Portugal
549439,85123A,WHITE HANGING HEART T-LIGHT HOLDER,18,2011-04-08 12:42:00,2.95,13562.0,United Kingdom
549442,84879,ASSORTED COLOUR BIRD ORNAMENT,16,2011-04-08 12:56:00,1.69,16996.0,United Kingdom
549443,85123A,WHITE HANGING HEART T-LIGHT HOLDER,6,2011-04-08 12:56:00,2.95,15775.0,United Kingdom
549520,84879,ASSORTED COLOUR BIRD ORNAMENT,160,2011-04-08 15:19:00,1.45,13265.0,United Kingdom
549520,21212,PACK OF 72 RETROSPOT CAKE CASES,24,2011-04-08 15:19:00,0.55,13265.0,United Kingdom
549524,21212,PACK OF 72 RETROSPOT CAKE CASES,3,2011-04-08 15:42:00,1.25,,United Kingdom
549525,21212,PACK OF 72 RETROSPOT CAKE CASES,1,2011-04-08 15:44:00,1.25,,United Kingdom
549543,21212,PACK OF 72 RETROSPOT CAKE CASES,1,2011-04-10 11:14:00,0.55,18118.0,United Kingdom
549551,85123A,WHITE HANGING HEART T-LIGHT HOLDER,12,2011-04-10 11:48:00,2.95,15955.0,United Kingdom
549553,85123A,WHITE HANGING HEART T-LIGHT HOLDER,6,2011-04-10 12:22:00,2.95,16931.0,United Kingdom
549561,84879,ASSORTED COLOUR BIRD ORNAMENT,24,2011-04-10 13:36:00,1.69,13570.0,United Kingdom
549567,85123A,WHITE HANGING HEART T-LIGHT HOLDER,2,2011-04-10 15:07:00,2.95,13632.0,United Kingdom
549568,21212,PACK OF 72 RETROSPOT CAKE CASES,24,2011-04-10 15:09:00,0.55,15665.0,United Kingdom
549568,84879,ASSORTED COLOUR BIRD ORNAMENT,13,2011-04-10 15:09:00,1.69,15665.0,United Kingdom
549568,85123A,WHITE HANGING HEART T-LIGHT HOLDER,12,2011-04-10 15:09:00,2.95,15665.0,United Kingdom
549569,85123A,WHITE HANGING HEART T-LIGHT HOLDER,8,2011-04-10 15:15:00,2.95,15547.0,United Kingdom
549573,85123A,WHITE HANGING HEART T-LIGHT HOLDER,2,2011-04-10 16:01:00,2.95,14504.0,United Kingdom
549574,85123A,WHITE HANGING HEART T-LIGHT HOLDER,32,2011-04-10 16:02:00,2.55,18226.0,United Kingdom
549579,21212,PACK OF 72 RETROSPOT CAKE CASES,24,2011-04-11 09:18:00,0.55,15780.0,United Kingdom
549583,85123A,WHITE HANGING HEART T-LIGHT HOLDER,6,2011-04-11 09:46:00,2.95,15214.0,United Kingdom
549583,84879,ASSORTED COLOUR BIRD ORNAMENT,8,2011-04-11 09:46:00,1.69,15214.0,United Kingdom
549586,21212,PACK OF 72 RETROSPOT CAKE CASES,22,2011-04-11 10:00:00,2.08,,United Kingdom
549592,85123A,WHITE HANGING HEART T-LIGHT HOLDER,6,2011-04-11 10:14:00,2.95,14311.0,United Kingdom
549592,84879,ASSORTED COLOUR BIRD ORNAMENT,8,2011-04-11 10:14:00,1.69,14311.0,United Kingdom
549667,85123A,WHITE HANGING HEART T-LIGHT HOLDER,6,2011-04-11 12:20:00,2.95,14911.0,EIRE
549681,84879,ASSORTED COLOUR BIRD ORNAMENT,16,2011-04-11 13:19:00,1.69,13881.0,United Kingdom
549681,21212,PACK OF 72 RETROSPOT CAKE CASES,24,2011-04-11 13:19:00,0.55,13881.0,United Kingdom
549687,21212,PACK OF 72 RETROSPOT CAKE CASES,24,2011-04-11 13:29:00,0.55,12363.0,Unspecified
549691,85123A,WHITE HANGING HEART T-LIGHT HOLDER,6,2011-04-11 13:42:00,2.95,13549.0,United Kingdom
549691,21212,PACK OF 72 RETROSPOT CAKE CASES,24,2011-04-11 13:42:00,0.55,13549.0,United Kingdom
549716,85123A,WHITE HANGING HEART T-LIGHT HOLDER,12,2011-04-11 14:43:00,2.95,14628.0,United Kingdom
549722,84879,ASSORTED COLOUR BIRD ORNAMENT,1,2011-04-11 15:59:00,1.69,17236.0,United Kingdom
549722,21212,PACK OF 72 RETROSPOT CAKE CASES,4,2011-04-11 15:59:00,0.55,17236.0,United Kingdom
549728,21212,PACK OF 72 RETROSPOT CAKE CASES,2,2011-04-11 16:15:00,0.55,17799.0,United Kingdom
549728,21212,PACK OF 72 RETROSPOT CAKE CASES,2,2011-04-11 16:15:00,0.55,17799.0,United Kingdom
549729,84879,ASSORTED COLOUR BIRD ORNAMENT,8,2011-04-11 16:17:00,1.69,13634.0,United Kingdom
549730,84879,ASSORTED COLOUR BIRD ORNAMENT,8,2011-04-11 16:35:00,1.69,15867.0,United Kingdom
549733,85123A,WHITE HANGING HEART T-LIGHT HOLDER,6,2011-04-11 16:56:00,2.95,17827.0,United Kingdom
549733,22616,PACK OF 12 LONDON TISSUES ,12,2011-04-11 16:56:00,0.29,17827.0,United Kingdom
549733,84879,ASSORTED COLOUR BIRD ORNAMENT,8,2011-04-11 16:56:00,1.69,17827.0,United Kingdom
549734,85123A,WHITE HANGING HEART T-LIGHT HOLDER,3,2011-04-11 17:12:00,2.95,16409.0,United Kingdom
549734,21212,PACK OF 72 RETROSPOT CAKE CASES,5,2011-04-11 17:12:00,0.55,16409.0,United Kingdom
549736,84879,ASSORTED COLOUR BIRD ORNAMENT,16,2011-04-12 09:02:00,1.69,13599.0,United Kingdom
549740,21212,PACK OF 72 RETROSPOT CAKE CASES,24,2011-04-12 09:49:00,0.55,15981.0,United Kingdom
549743,84879,ASSORTED COLOUR BIRD ORNAMENT,8,2011-04-12 10:05:00,1.69,16186.0,United Kingdom
549744,85123A,WHITE HANGING HEART T-LIGHT HOLDER,6,2011-04-12 10:30:00,2.95,15240.0,United Kingdom
549749,85123A,WHITE HANGING HEART T-LIGHT HOLDER,6,2011-04-12 10:45:00,2.95,12928.0,United Kingdom
549771,21212,PACK OF 72 RETROSPOT CAKE CASES,12,2011-04-12 11:43:00,0.55,14669.0,United Kingdom
549790,84879,ASSORTED COLOUR BIRD ORNAMENT,8,2011-04-12 12:02:00,1.69,16172.0,United Kingdom
549826,85123A,WHITE HANGING HEART T-LIGHT HOLDER,14,2011-04-12 12:53:00,2.95,15044.0,United Kingdom
549831,21212,PACK OF 72 RETROSPOT CAKE CASES,24,2011-04-12 13:10:00,0.55,14844.0,United Kingdom
549833,84879,ASSORTED COLOUR BIRD ORNAMENT,16,2011-04-12 13:19:00,1.69,13458.0,United Kingdom
549833,85123A,WHITE HANGING HEART T-LIGHT HOLDER,32,2011-04-12 13:19:00,2.55,13458.0,United Kingdom
549835,85123A,WHITE HANGING HEART T-LIGHT HOLDER,32,2011-04-12 13:24:00,2.55,17511.0,United Kingdom
549837,85123A,WHITE HANGING HEART T-LIGHT HOLDER,64,2011-04-12 13:38:00,2.55,16705.0,United Kingdom
549843,22616,PACK OF 12 LONDON TISSUES ,24,2011-04-12 14:04:00,0.29,13157.0,United Kingdom
549843,21212,PACK OF 72 RETROSPOT CAKE CASES,24,2011-04-12 14:04:00,0.55,13157.0,United Kingdom
549844,84879,ASSORTED COLOUR BIRD ORNAMENT,80,2011-04-12 14:17:00,1.69,12854.0,United Kingdom
549844,85123A,WHITE HANGING HEART T-LIGHT HOLDER,3,2011-04-12 14:17:00,2.95,12854.0,United Kingdom
549845,85123A,WHITE HANGING HEART T-LIGHT HOLDER,9,2011-04-12 14:22:00,2.95,16729.0,United Kingdom
549845,84879,ASSORTED COLOUR BIRD ORNAMENT,40,2011-04-12 14:22:00,1.69,16729.0,United Kingdom
549845,22616,PACK OF 12 LONDON TISSUES ,12,2011-04-12 14:22:00,0.29,16729.0,United Kingdom
549901,21212,PACK OF 72 RETROSPOT CAKE CASES,2,2011-04-12 16:17:00,0.55,17180.0,United Kingdom
549909,85123A,WHITE HANGING HEART T-LIGHT HOLDER,32,2011-04-12 16:43:00,2.55,15777.0,United Kingdom
549915,85123A,WHITE HANGING HEART T-LIGHT HOLDER,5,2011-04-13 09:32:00,2.95,18231.0,United Kingdom
549916,84879,ASSORTED COLOUR BIRD ORNAMENT,8,2011-04-13 09:39:00,1.69,13717.0,United Kingdom
549918,22616,PACK OF 12 LONDON TISSUES ,24,2011-04-13 09:48:00,0.29,17017.0,United Kingdom
549923,84879,ASSORTED COLOUR BIRD ORNAMENT,8,2011-04-13 09:59:00,1.69,13138.0,United Kingdom
549933,85123A,WHITE HANGING HEART T-LIGHT HOLDER,6,2011-04-13 11:04:00,2.95,15230.0,United Kingdom
549934,85123A,WHITE HANGING HEART T-LIGHT HOLDER,6,2011-04-13 11:05:00,2.95,15134.0,United Kingdom
549937,84879,ASSORTED COLOUR BIRD ORNAMENT,80,2011-04-13 11:40:00,1.69,15046.0,United Kingdom
549947,84879,ASSORTED COLOUR BIRD ORNAMENT,24,2011-04-13 12:47:00,1.69,18260.0,United Kingdom
549949,84879,ASSORTED COLOUR BIRD ORNAMENT,10,2011-04-13 12:57:00,1.69,13208.0,United Kingdom
549951,85123A,WHITE HANGING HEART T-LIGHT HOLDER,6,2011-04-13 12:57:00,2.95,13134.0,United Kingdom
549954,22616,PACK OF 12 LONDON TISSUES ,48,2011-04-13 13:25:00,0.29,13700.0,United Kingdom
549956,84879,ASSORTED COLOUR BIRD ORNAMENT,16,2011-04-13 13:42:00,1.69,14898.0,United Kingdom
549958,22616,PACK OF 12 LONDON TISSUES ,12,2011-04-13 13:47:00,0.29,17589.0,United Kingdom
549964,85123A,WHITE HANGING HEART T-LIGHT HOLDER,6,2011-04-13 14:12:00,2.95,13122.0,United Kingdom
549975,85123A,WHITE HANGING HEART T-LIGHT HOLDER,12,2011-04-13 14:38:00,2.95,16175.0,United Kingdom
549978,84879,ASSORTED COLOUR BIRD ORNAMENT,16,2011-04-13 15:00:00,1.69,14834.0,United Kingdom
549984,21212,PACK OF 72 RETROSPOT CAKE CASES,24,2011-04-13 15:57:00,0.55,15147.0,United Kingdom
549985,85123A,WHITE HANGING HEART T-LIGHT HOLDER,32,2011-04-13 15:58:00,2.55,15640.0,United Kingdom
549993,22616,PACK OF 12 LONDON TISSUES ,96,2011-04-14 08:26:00,0.29,14057.0,United Kingdom
549993,21212,PACK OF 72 RETROSPOT CAKE CASES,24,2011-04-14 08:26:00,0.55,14057.0,United Kingdom
549995,85123A,WHITE HANGING HEART T-LIGHT HOLDER,32,2011-04-14 08:32:00,2.55,16131.0,United Kingdom
549995,21212,PACK OF 72 RETROSPOT CAKE CASES,24,2011-04-14 08:32:00,0.55,16131.0,United Kingdom
549995,84879,ASSORTED COLOUR BIRD ORNAMENT,32,2011-04-14 08:32:00,1.69,16131.0,United Kingdom
549998,84879,ASSORTED COLOUR BIRD ORNAMENT,64,2011-04-14 08:49:00,1.69,17675.0,United Kingdom
549998,85123A,WHITE HANGING HEART T-LIGHT HOLDER,32,2011-04-14 08:49:00,2.55,17675.0,United Kingdom
550000,84879,ASSORTED COLOUR BIRD ORNAMENT,8,2011-04-14 09:18:00,1.69,17058.0,United Kingdom
550001,85123A,WHITE HANGING HEART T-LIGHT HOLDER,18,2011-04-14 09:28:00,2.95,17704.0,United Kingdom
550008,84879,ASSORTED COLOUR BIRD ORNAMENT,16,2011-04-14 10:17:00,1.69,15570.0,United Kingdom
550008,85123A,WHITE HANGING HEART T-LIGHT HOLDER,6,2011-04-14 10:17:00,2.95,15570.0,United Kingdom
550016,84879,ASSORTED COLOUR BIRD ORNAMENT,24,2011-04-14 10:54:00,1.69,15416.0,United Kingdom
550033,85123A,WHITE HANGING HEART T-LIGHT HOLDER,6,2011-04-14 11:45:00,2.95,15005.0,United Kingdom
550034,84879,ASSORTED COLOUR BIRD ORNAMENT,16,2011-04-14 11:48:00,1.69,16187.0,United Kingdom
550071,85123A,WHITE HANGING HEART T-LIGHT HOLDER,12,2011-04-14 12:12:00,2.95,16735.0,United Kingdom
550071,84879,ASSORTED COLOUR BIRD ORNAMENT,16,2011-04-14 12:12:00,1.69,16735.0,United Kingdom
550120,21212,PACK OF 72 RETROSPOT CAKE CASES,24,2011-04-14 12:35:00,0.55,17071.0,United Kingdom
550121,85123A,WHITE HANGING HEART T-LIGHT HOLDER,6,2011-04-14 12:38:00,2.95,15271.0,United Kingdom
550124,21212,PACK OF 72 RETROSPOT CAKE CASES,24,2011-04-14 12:41:00,0.55,12853.0,United Kingdom
550125,21212,PACK OF 72 RETROSPOT CAKE CASES,24,2011-04-14 12:42:00,0.55,13317.0,United Kingdom
550129,84879,ASSORTED COLOUR BIRD ORNAMENT,16,2011-04-14 13:17:00,1.69,13001.0,United Kingdom
550130,85123A,WHITE HANGING HEART T-LIGHT HOLDER,4,2011-04-14 13:17:00,2.95,14390.0,United Kingdom
550134,21212,PACK OF 72 RETROSPOT CAKE CASES,24,2011-04-14 13:50:00,0.55,16249.0,United Kingdom
550134,84879,ASSORTED COLOUR BIRD ORNAMENT,32,2011-04-14 13:50:00,1.69,16249.0,United Kingdom
550137,21212,PACK OF 72 RETROSPOT CAKE CASES,24,2011-04-14 13:59:00,0.55,12477.0,Germany
550148,85123A,WHITE HANGING HEART T-LIGHT HOLDER,4,2011-04-14 14:36:00,2.95,16882.0,United Kingdom
550158,21212,PACK OF 72 RETROSPOT CAKE CASES,24,2011-04-14 15:39:00,0.55,13989.0,United Kingdom
550161,84879,ASSORTED COLOUR BIRD ORNAMENT,16,2011-04-14 15:58:00,1.69,14154.0,United Kingdom
550163,21212,PACK OF 72 RETROSPOT CAKE CASES,24,2011-04-14 16:26:00,0.55,14154.0,United Kingdom
550179,85123A,WHITE HANGING HEART T-LIGHT HOLDER,6,2011-04-14 17:29:00,2.95,15220.0,United Kingdom
550183,84879,ASSORTED COLOUR BIRD ORNAMENT,24,2011-04-14 17:58:00,1.69,14105.0,United Kingdom
550183,21212,PACK OF 72 RETROSPOT CAKE CASES,24,2011-04-14 17:58:00,0.55,14105.0,United Kingdom
550189,85123A,WHITE HANGING HEART T-LIGHT HOLDER,1,2011-04-14 19:15:00,2.95,13230.0,United Kingdom
550191,84879,ASSORTED COLOUR BIRD ORNAMENT,16,2011-04-14 19:59:00,1.69,16806.0,United Kingdom
550193,21212,PACK OF 72 RETROSPOT CAKE CASES,24,2011-04-15 09:27:00,0.55,13952.0,United Kingdom
550250,84879,ASSORTED COLOUR BIRD ORNAMENT,16,2011-04-15 11:36:00,1.69,18171.0,United Kingdom
550255,85123A,WHITE HANGING HEART T-LIGHT HOLDER,6,2011-04-15 11:47:00,2.95,13468.0,United Kingdom
550272,22616,PACK OF 12 LONDON TISSUES ,120,2011-04-15 12:14:00,0.29,18079.0,United Kingdom
550275,84879,ASSORTED COLOUR BIRD ORNAMENT,8,2011-04-15 12:35:00,1.69,13993.0,United Kingdom
550278,21212,PACK OF 72 RETROSPOT CAKE CASES,41,2011-04-15 13:15:00,2.08,,United Kingdom
550298,85123A,WHITE HANGING HEART T-LIGHT HOLDER,2,2011-04-15 16:11:00,2.95,17346.0,United Kingdom
550301,85123A,WHITE HANGING HEART T-LIGHT HOLDER,10,2011-04-17 10:15:00,2.95,17243.0,United Kingdom
550303,85123A,WHITE HANGING HEART T-LIGHT HOLDER,6,2011-04-17 10:21:00,2.95,18213.0,United Kingdom
550304,21212,PACK OF 72 RETROSPOT CAKE CASES,24,2011-04-17 10:27:00,0.55,14092.0,United Kingdom
550305,22616,PACK OF 12 LONDON TISSUES ,24,2011-04-17 10:27:00,0.29,17920.0,United Kingdom
550307,84879,ASSORTED COLOUR BIRD ORNAMENT,16,2011-04-17 10:56:00,1.69,13854.0,United Kingdom
550312,84879,ASSORTED COLOUR BIRD ORNAMENT,36,2011-04-17 11:18:00,1.69,13089.0,United Kingdom
550314,84879,ASSORTED COLOUR BIRD ORNAMENT,16,2011-04-17 11:30:00,1.69,16905.0,United Kingdom
550320,21212,PACK OF 72 RETROSPOT CAKE CASES,4,2011-04-17 12:37:00,0.55,12748.0,United Kingdom
550321,85123A,WHITE HANGING HEART T-LIGHT HOLDER,5,2011-04-17 12:49:00,2.95,16770.0,United Kingdom
550323,22616,PACK OF 12 LONDON TISSUES ,24,2011-04-17 12:57:00,0.29,13692.0,United Kingdom
550323,84879,ASSORTED COLOUR BIRD ORNAMENT,48,2011-04-17 12:57:00,1.69,13692.0,United Kingdom
550326,21212,PACK OF 72 RETROSPOT CAKE CASES,1,2011-04-17 13:05:00,0.55,14532.0,United Kingdom
550327,21212,PACK OF 72 RETROSPOT CAKE CASES,24,2011-04-17 13:07:00,0.55,12878.0,United Kingdom
550328,22616,PACK OF 12 LONDON TISSUES ,6,2011-04-17 13:18:00,0.29,17582.0,United Kingdom
550331,85123A,WHITE HANGING HEART T-LIGHT HOLDER,2,2011-04-17 13:43:00,2.95,15555.0,United Kingdom
550332,21212,PACK OF 72 RETROSPOT CAKE CASES,1,2011-04-17 13:53:00,0.55,13474.0,United Kingdom
550340,84879,ASSORTED COLOUR BIRD ORNAMENT,8,2011-04-17 15:53:00,1.69,13695.0,United Kingdom
550346,85123A,WHITE HANGING HEART T-LIGHT HOLDER,6,2011-04-18 09:31:00,2.95,16639.0,United Kingdom
550347,85123A,WHITE HANGING HEART T-LIGHT HOLDER,6,2011-04-18 09:33:00,2.95,14227.0,United Kingdom
550347,21212,PACK OF 72 RETROSPOT CAKE CASES,24,2011-04-18 09:33:00,0.55,14227.0,United Kingdom
550347,84879,ASSORTED COLOUR BIRD ORNAMENT,16,2011-04-18 09:33:00,1.69,14227.0,United Kingdom
550348,84879,ASSORTED COLOUR BIRD ORNAMENT,16,2011-04-18 09:38:00,1.69,16947.0,United Kingdom
550352,85123A,WHITE HANGING HEART T-LIGHT HOLDER,4,2011-04-18 10:21:00,2.95,16719.0,United Kingdom
550357,85123A,WHITE HANGING HEART T-LIGHT HOLDER,18,2011-04-18 10:35:00,2.95,16617.0,United Kingdom
550359,85123A,WHITE HANGING HEART T-LIGHT HOLDER,10,2011-04-18 10:41:00,2.95,17841.0,United Kingdom
550389,22616,PACK OF 12 LONDON TISSUES ,12,2011-04-18 11:53:00,0.29,17284.0,United Kingdom
550389,21212,PACK OF 72 RETROSPOT CAKE CASES,4,2011-04-18 11:53:00,0.55,17284.0,United Kingdom
550438,84879,ASSORTED COLOUR BIRD ORNAMENT,16,2011-04-18 12:16:00,1.69,15265.0,United Kingdom
550440,21212,PACK OF 72 RETROSPOT CAKE CASES,48,2011-04-18 12:25:00,0.55,12407.0,Belgium
550447,85123A,WHITE HANGING HEART T-LIGHT HOLDER,6,2011-04-18 12:36:00,2.95,16033.0,United Kingdom
550452,85123A,WHITE HANGING HEART T-LIGHT HOLDER,64,2011-04-18 12:56:00,2.55,14525.0,United Kingdom
550458,21212,PACK OF 72 RETROSPOT CAKE CASES,1,2011-04-18 13:13:00,1.25,,United Kingdom
550458,85123A,WHITE HANGING HEART T-LIGHT HOLDER,6,2011-04-18 13:13:00,5.79,,United Kingdom
550459,85123A,WHITE HANGING HEART T-LIGHT HOLDER,5,2011-04-18 13:17:00,2.95,18116.0,United Kingdom
550461,85123A,WHITE HANGING HEART T-LIGHT HOLDER,1930,2011-04-18 13:20:00,2.4,15749.0,United Kingdom
550462,85123A,WHITE HANGING HEART T-LIGHT HOLDER,6,2011-04-18 13:22:00,2.95,16458.0,United Kingdom
550467,85123A,WHITE HANGING HEART T-LIGHT HOLDER,4,2011-04-18 13:36:00,2.95,18009.0,United Kingdom
550468,22616,PACK OF 12 LONDON TISSUES ,24,2011-04-18 13:43:00,0.29,16700.0,United Kingdom
550469,85123A,WHITE HANGING HEART T-LIGHT HOLDER,2,2011-04-18 13:46:00,2.95,16399.0,United Kingdom
550470,22616,PACK OF 12 LONDON TISSUES ,1,2011-04-18 13:49:00,0.83,,United Kingdom
550470,85123A,WHITE HANGING HEART T-LIGHT HOLDER,1,2011-04-18 13:49:00,5.79,,United Kingdom
550471,21212,PACK OF 72 RETROSPOT CAKE CASES,1,2011-04-18 13:52:00,1.25,,United Kingdom
550471,84879,ASSORTED COLOUR BIRD ORNAMENT,8,2011-04-18 13:52:00,3.12,,United Kingdom
550471,85123A,WHITE HANGING HEART T-LIGHT HOLDER,1,2011-04-18 13:52:00,5.79,,United Kingdom
550474,85123A,WHITE HANGING HEART T-LIGHT HOLDER,1,2011-04-18 13:58:00,5.79,,United Kingdom
550474,21212,PACK OF 72 RETROSPOT CAKE CASES,3,2011-04-18 13:58:00,1.25,,United Kingdom
550474,22616,PACK OF 12 LONDON TISSUES ,1,2011-04-18 13:58:00,0.83,,United Kingdom
550477,85123A,WHITE HANGING HEART T-LIGHT HOLDER,6,2011-04-18 14:01:00,2.95,17338.0,United Kingdom
550477,21212,PACK OF 72 RETROSPOT CAKE CASES,4,2011-04-18 14:01:00,0.55,17338.0,United Kingdom
550488,22616,PACK OF 12 LONDON TISSUES ,48,2011-04-18 14:27:00,0.29,16729.0,United Kingdom
550493,21212,PACK OF 72 RETROSPOT CAKE CASES,120,2011-04-18 14:50:00,0.42,15311.0,United Kingdom
550496,22616,PACK OF 12 LONDON TISSUES ,5,2011-04-18 15:05:00,0.83,,United Kingdom
550499,21212,PACK OF 72 RETROSPOT CAKE CASES,2,2011-04-18 15:16:00,1.25,,United Kingdom
550499,22616,PACK OF 12 LONDON TISSUES ,1,2011-04-18 15:16:00,0.83,,United Kingdom
550499,85123A,WHITE HANGING HEART T-LIGHT HOLDER,1,2011-04-18 15:16:00,5.79,,United Kingdom
550499,85123A,WHITE HANGING HEART T-LIGHT HOLDER,4,2011-04-18 15:16:00,2.95,,United Kingdom
550500,85123A,WHITE HANGING HEART T-LIGHT HOLDER,7,2011-04-18 15:26:00,5.79,,United Kingdom
550500,85123A,WHITE HANGING HEART T-LIGHT HOLDER,8,2011-04-18 15:26:00,2.95,,United Kingdom
550500,21212,PACK OF 72 RETROSPOT CAKE CASES,1,2011-04-18 15:26:00,1.25,,United Kingdom
550512,85123A,WHITE HANGING HEART T-LIGHT HOLDER,5,2011-04-18 16:31:00,2.95,18069.0,United Kingdom
550515,84879,ASSORTED COLOUR BIRD ORNAMENT,4,2011-04-18 17:29:00,1.69,14502.0,United Kingdom
550515,85123A,WHITE HANGING HEART T-LIGHT HOLDER,1,2011-04-18 17:29:00,2.95,14502.0,United Kingdom
550517,84879,ASSORTED COLOUR BIRD ORNAMENT,8,2011-04-19 08:17:00,1.69,14352.0,United Kingdom
550517,85123A,WHITE HANGING HEART T-LIGHT HOLDER,6,2011-04-19 08:17:00,2.95,14352.0,United Kingdom
550519,85123A,WHITE HANGING HEART T-LIGHT HOLDER,18,2011-04-19 09:31:00,2.95,13141.0,United Kingdom
550519,21212,PACK OF 72 RETROSPOT CAKE CASES,24,2011-04-19 09:31:00,0.55,13141.0,United Kingdom
550521,84879,ASSORTED COLOUR BIRD ORNAMENT,8,2011-04-19 09:49:00,1.69,13647.0,United Kingdom
550523,21212,PACK OF 72 RETROSPOT CAKE CASES,24,2011-04-19 10:08:00,0.55,15594.0,United Kingdom
550527,84879,ASSORTED COLOUR BIRD ORNAMENT,40,2011-04-19 10:48:00,1.69,12476.0,Germany
550528,84879,ASSORTED COLOUR BIRD ORNAMENT,8,2011-04-19 10:49:00,1.69,17663.0,United Kingdom
550528,85123A,WHITE HANGING HEART T-LIGHT HOLDER,6,2011-04-19 10:49:00,2.95,17663.0,United Kingdom
550532,85123A,WHITE HANGING HEART T-LIGHT HOLDER,2,2011-04-19 11:02:00,2.95,14606.0,United Kingdom
550541,84879,ASSORTED COLOUR BIRD ORNAMENT,24,2011-04-19 11:33:00,1.35,,United Kingdom
550541,85123A,WHITE HANGING HEART T-LIGHT HOLDER,1,2011-04-19 11:33:00,5.79,,United Kingdom
550541,21212,PACK OF 72 RETROSPOT CAKE CASES,2,2011-04-19 11:33:00,1.25,,United Kingdom
550541,85123A,WHITE HANGING HEART T-LIGHT HOLDER,5,2011-04-19 11:33:00,2.95,,United Kingdom
550542,21212,PACK OF 72 RETROSPOT CAKE CASES,2,2011-04-19 11:37:00,1.25,,United Kingdom
550542,84879,ASSORTED COLOUR BIRD ORNAMENT,64,2011-04-19 11:37:00,1.35,,United Kingdom
550542,85123A,WHITE HANGING HEART T-LIGHT HOLDER,29,2011-04-19 11:37:00,2.95,,United Kingdom
550560,85123A,WHITE HANGING HEART T-LIGHT HOLDER,6,2011-04-19 11:46:00,2.95,14242.0,United Kingdom
550615,21212,PACK OF 72 RETROSPOT CAKE CASES,24,2011-04-19 12:41:00,0.55,16730.0,United Kingdom
550619,85123A,WHITE HANGING HEART T-LIGHT HOLDER,12,2011-04-19 13:21:00,2.95,15717.0,United Kingdom
550620,84879,ASSORTED COLOUR BIRD ORNAMENT,32,2011-04-19 13:39:00,1.69,12585.0,Germany
550621,85123A,WHITE HANGING HEART T-LIGHT HOLDER,2,2011-04-19 13:41:00,2.95,13263.0,United Kingdom
550622,84879,ASSORTED COLOUR BIRD ORNAMENT,16,2011-04-19 13:49:00,1.69,13735.0,United Kingdom
550624,84879,ASSORTED COLOUR BIRD ORNAMENT,16,2011-04-19 13:57:00,1.69,14201.0,United Kingdom
550631,85123A,WHITE HANGING HEART T-LIGHT HOLDER,12,2011-04-19 14:51:00,2.95,15225.0,United Kingdom
550636,21212,PACK OF 72 RETROSPOT CAKE CASES,1,2011-04-19 15:37:00,1.25,,United Kingdom
550636,84879,ASSORTED COLOUR BIRD ORNAMENT,24,2011-04-19 15:37:00,1.35,,United Kingdom
550637,85123A,WHITE HANGING HEART T-LIGHT HOLDER,8,2011-04-19 15:39:00,2.95,14415.0,United Kingdom
550638,21212,PACK OF 72 RETROSPOT CAKE CASES,1,2011-04-19 15:44:00,1.25,,United Kingdom
550638,84879,ASSORTED COLOUR BIRD ORNAMENT,8,2011-04-19 15:44:00,1.35,,United Kingdom
550638,85123A,WHITE HANGING HEART T-LIGHT HOLDER,3,2011-04-19 15:44:00,2.95,,United Kingdom
550651,21212,PACK OF 72 RETROSPOT CAKE CASES,1,2011-04-19 16:52:00,0.55,15436.0,United Kingdom
550656,85123A,WHITE HANGING HEART T-LIGHT HOLDER,6,2011-04-20 08:07:00,2.95,17652.0,United Kingdom
550662,21212,PACK OF 72 RETROSPOT CAKE CASES,24,2011-04-20 09:29:00,0.55,15078.0,United Kingdom
550667,21212,PACK OF 72 RETROSPOT CAKE CASES,960,2011-04-20 09:48:00,0.4,13027.0,United Kingdom
550673,21212,PACK OF 72 RETROSPOT CAKE CASES,24,2011-04-20 10:28:00,0.55,12971.0,United Kingdom
550701,85123A,WHITE HANGING HEART T-LIGHT HOLDER,32,2011-04-20 10:48:00,2.55,14905.0,United Kingdom
550740,21212,PACK OF 72 RETROSPOT CAKE CASES,28,2011-04-20 11:33:00,2.08,,United Kingdom
550750,85123A,WHITE HANGING HEART T-LIGHT HOLDER,12,2011-04-20 11:45:00,2.95,13632.0,United Kingdom
550769,85123A,WHITE HANGING HEART T-LIGHT HOLDER,5,2011-04-20 12:56:00,2.95,15984.0,United Kingdom
550773,84879,ASSORTED COLOUR BIRD ORNAMENT,16,2011-04-20 13:15:00,1.69,17567.0,United Kingdom
550774,85123A,WHITE HANGING HEART T-LIGHT HOLDER,12,2011-04-20 13:18:00,2.95,14626.0,United Kingdom
550774,21212,PACK OF 72 RETROSPOT CAKE CASES,24,2011-04-20 13:18:00,0.55,14626.0,United Kingdom
550783,21212,PACK OF 72 RETROSPOT CAKE CASES,24,2011-04-20 13:58:00,0.55,13485.0,United Kingdom
550802,85123A,WHITE HANGING HEART T-LIGHT HOLDER,6,2011-04-20 15:21:00,2.95,17120.0,United Kingdom
550805,21212,PACK OF 72 RETROSPOT CAKE CASES,24,2011-04-20 15:38:00,0.55,13162.0,United Kingdom
550820,85123A,WHITE HANGING HEART T-LIGHT HOLDER,6,2011-04-21 08:43:00,2.95,13148.0,United Kingdom
550820,84879,ASSORTED COLOUR BIRD ORNAMENT,16,2011-04-21 08:43:00,1.69,13148.0,United Kingdom
550826,84879,ASSORTED COLOUR BIRD ORNAMENT,24,2011-04-21 10:12:00,1.69,17158.0,United Kingdom
550828,85123A,WHITE HANGING HEART T-LIGHT HOLDER,6,2011-04-21 10:19:00,2.95,17315.0,United Kingdom
550835,85123A,WHITE HANGING HEART T-LIGHT HOLDER,3,2011-04-21 10:52:00,2.95,15034.0,United Kingdom
550890,21212,PACK OF 72 RETROSPOT CAKE CASES,1,2011-04-21 12:00:00,0.55,14711.0,United Kingdom
550899,21212,PACK OF 72 RETROSPOT CAKE CASES,24,2011-04-21 12:07:00,0.55,13505.0,Switzerland
550921,84879,ASSORTED COLOUR BIRD ORNAMENT,16,2011-04-21 14:21:00,1.69,14770.0,United Kingdom
550921,85123A,WHITE HANGING HEART T-LIGHT HOLDER,6,2011-04-21 14:21:00,2.95,14770.0,United Kingdom
550936,85123A,WHITE HANGING HEART T-LIGHT HOLDER,32,2011-04-21 15:15:00,2.55,13495.0,United Kingdom
550939,85123A,WHITE HANGING HEART T-LIGHT HOLDER,24,2011-04-21 15:25:00,2.95,16146.0,United Kingdom
550939,84879,ASSORTED COLOUR BIRD ORNAMENT,8,2011-04-21 15:25:00,1.69,16146.0,United Kingdom
550941,84879,ASSORTED COLOUR BIRD ORNAMENT,24,2011-04-21 15:46:00,1.69,17109.0,United Kingdom
550953,84879,ASSORTED COLOUR BIRD ORNAMENT,16,2011-04-21 16:17:00,1.35,,United Kingdom
550953,85123A,WHITE HANGING HEART T-LIGHT HOLDER,5,2011-04-21 16:17:00,5.79,,United Kingdom
550957,21212,PACK OF 72 RETROSPOT CAKE CASES,1,2011-04-21 16:37:00,0.55,18283.0,United Kingdom
550958,85123A,WHITE HANGING HEART T-LIGHT HOLDER,6,2011-04-21 16:37:00,2.95,15281.0,United Kingdom
550964,85123A,WHITE HANGING HEART T-LIGHT HOLDER,32,2011-04-21 16:48:00,2.55,15856.0,United Kingdom
550973,84879,ASSORTED COLOUR BIRD ORNAMENT,160,2011-04-21 17:06:00,1.45,14031.0,United Kingdom
550986,84879,ASSORTED COLOUR BIRD ORNAMENT,8,2011-04-21 18:06:00,1.35,,United Kingdom
550986,85123A,WHITE HANGING HEART T-LIGHT HOLDER,1,2011-04-21 18:06:00,5.79,,United Kingdom
550987,22616,PACK OF 12 LONDON TISSUES ,1,2011-04-21 18:10:00,0.83,,United Kingdom
550987,84879,ASSORTED COLOUR BIRD ORNAMENT,16,2011-04-21 18:10:00,1.35,,United Kingdom
550987,85123A,WHITE HANGING HEART T-LIGHT HOLDER,16,2011-04-21 18:10:00,2.95,,United Kingdom
550996,22616,PACK OF 12 LONDON TISSUES ,96,2011-04-26 08:57:00,0.29,16681.0,United Kingdom
551002,21212,PACK OF 72 RETROSPOT CAKE CASES,24,2011-04-26 09:37:00,0.55,16834.0,United Kingdom
551002,84879,ASSORTED COLOUR BIRD ORNAMENT,16,2011-04-26 09:37:00,1.69,16834.0,United Kingdom
551012,21212,PACK OF 72 RETROSPOT CAKE CASES,23,2011-04-26 10:32:00,2.08,,United Kingdom
551014,22616,PACK OF 12 LONDON TISSUES ,24,2011-04-26 11:04:00,0.29,13209.0,United Kingdom
551014,21212,PACK OF 72 RETROSPOT CAKE CASES,24,2011-04-26 11:04:00,0.55,13209.0,United Kingdom
551016,22616,PACK OF 12 LONDON TISSUES ,12,2011-04-26 11:09:00,0.29,17975.0,United Kingdom
551021,85123A,WHITE HANGING HEART T-LIGHT HOLDER,128,2011-04-26 11:25:00,2.55,13798.0,United Kingdom
551028,84879,ASSORTED COLOUR BIRD ORNAMENT,8,2011-04-26 11:30:00,1.69,13842.0,United Kingdom
551054,84879,ASSORTED COLOUR BIRD ORNAMENT,8,2011-04-26 11:44:00,1.69,12429.0,Austria
551054,21212,PACK OF 72 RETROSPOT CAKE CASES,24,2011-04-26 11:44:00,0.55,12429.0,Austria
551056,21212,PACK OF 72 RETROSPOT CAKE CASES,1,2011-04-26 11:51:00,0.55,16442.0,United Kingdom
551056,84879,ASSORTED COLOUR BIRD ORNAMENT,3,2011-04-26 11:51:00,1.69,16442.0,United Kingdom
551057,85123A,WHITE HANGING HEART T-LIGHT HOLDER,4,2011-04-26 11:59:00,2.95,16942.0,United Kingdom
551057,85123A,WHITE HANGING HEART T-LIGHT HOLDER,2,2011-04-26 11:59:00,2.95,16942.0,United Kingdom
551057,85123A,WHITE HANGING HEART T-LIGHT HOLDER,1,2011-04-26 11:59:00,2.95,16942.0,United Kingdom
551057,84879,ASSORTED COLOUR BIRD ORNAMENT,8,2011-04-26 11:59:00,1.69,16942.0,United Kingdom
551085,21212,PACK OF 72 RETROSPOT CAKE CASES,24,2011-04-26 12:29:00,0.55,14854.0,United Kingdom
551134,84879,ASSORTED COLOUR BIRD ORNAMENT,32,2011-04-26 13:02:00,1.69,16729.0,United Kingdom
551134,85123A,WHITE HANGING HEART T-LIGHT HOLDER,10,2011-04-26 13:02:00,2.95,16729.0,United Kingdom
551142,84879,ASSORTED COLOUR BIRD ORNAMENT,8,2011-04-26 13:22:00,1.69,17613.0,United Kingdom
551142,85123A,WHITE HANGING HEART T-LIGHT HOLDER,6,2011-04-26 13:22:00,2.95,17613.0,United Kingdom
551152,21212,PACK OF 72 RETROSPOT CAKE CASES,12,2011-04-26 14:47:00,0.55,13230.0,United Kingdom
551158,21212,PACK OF 72 RETROSPOT CAKE CASES,2,2011-04-26 15:00:00,0.55,16823.0,United Kingdom
551158,21212,PACK OF 72 RETROSPOT CAKE CASES,3,2011-04-26 15:00:00,0.55,16823.0,United Kingdom
551160,84879,ASSORTED COLOUR BIRD ORNAMENT,8,2011-04-26 15:04:00,1.69,15237.0,United Kingdom
551161,85123A,WHITE HANGING HEART T-LIGHT HOLDER,6,2011-04-26 15:26:00,2.95,18183.0,United Kingdom
551163,84879,ASSORTED COLOUR BIRD ORNAMENT,4,2011-04-26 15:52:00,1.69,12573.0,France
551163,85123A,WHITE HANGING HEART T-LIGHT HOLDER,9,2011-04-26 15:52:00,2.95,12573.0,France
551171,85123A,WHITE HANGING HEART T-LIGHT HOLDER,1,2011-04-26 16:45:00,2.95,13263.0,United Kingdom
551172,85123A,WHITE HANGING HEART T-LIGHT HOLDER,5,2011-04-26 16:53:00,2.95,17854.0,United Kingdom
551173,84879,ASSORTED COLOUR BIRD ORNAMENT,16,2011-04-26 16:54:00,1.35,,United Kingdom
551173,85123A,WHITE HANGING HEART T-LIGHT HOLDER,1,2011-04-26 16:54:00,5.79,,United Kingdom
551173,21212,PACK OF 72 RETROSPOT CAKE CASES,1,2011-04-26 16:54:00,1.25,,United Kingdom
551174,21212,PACK OF 72 RETROSPOT CAKE CASES,1,2011-04-26 17:02:00,1.25,,United Kingdom
551174,85123A,WHITE HANGING HEART T-LIGHT HOLDER,6,2011-04-26 17:02:00,2.95,,United Kingdom
551192,84879,ASSORTED COLOUR BIRD ORNAMENT,8,2011-04-27 10:54:00,1.69,16188.0,United Kingdom
551247,21212,PACK OF 72 RETROSPOT CAKE CASES,24,2011-04-27 11:56:00,0.55,15640.0,United Kingdom
551269,85123A,WHITE HANGING HEART T-LIGHT HOLDER,6,2011-04-27 12:21:00,2.95,12840.0,United Kingdom
551273,22616,PACK OF 12 LONDON TISSUES ,48,2011-04-27 12:50:00,0.29,14051.0,United Kingdom
551275,21212,PACK OF 72 RETROSPOT CAKE CASES,24,2011-04-27 13:03:00,0.55,13285.0,United Kingdom
551277,21212,PACK OF 72 RETROSPOT CAKE CASES,2,2011-04-27 13:06:00,0.55,13637.0,United Kingdom
551277,85123A,WHITE HANGING HEART T-LIGHT HOLDER,4,2011-04-27 13:06:00,2.95,13637.0,United Kingdom
551282,21212,PACK OF 72 RETROSPOT CAKE CASES,2,2011-04-27 13:44:00,0.55,16919.0,United Kingdom
551283,85123A,WHITE HANGING HEART T-LIGHT HOLDER,2,2011-04-27 14:01:00,2.95,16755.0,United Kingdom
551284,85123A,WHITE HANGING HEART T-LIGHT HOLDER,6,2011-04-27 14:05:00,2.95,15005.0,United Kingdom
551286,85123A,WHITE HANGING HEART T-LIGHT HOLDER,12,2011-04-27 14:16:00,2.95,13767.0,United Kingdom
551286,84879,ASSORTED COLOUR BIRD ORNAMENT,48,2011-04-27 14:16:00,1.69,13767.0,United Kingdom
551301,85123A,WHITE HANGING HEART T-LIGHT HOLDER,32,2011-04-27 14:49:00,2.55,17675.0,United Kingdom
551301,84879,ASSORTED COLOUR BIRD ORNAMENT,32,2011-04-27 14:49:00,1.69,17675.0,United Kingdom
551305,85123A,WHITE HANGING HEART T-LIGHT HOLDER,6,2011-04-27 14:58:00,2.95,16145.0,United Kingdom
551339,85123A,WHITE HANGING HEART T-LIGHT HOLDER,3,2011-04-27 17:18:00,5.79,,United Kingdom
551340,21212,PACK OF 72 RETROSPOT CAKE CASES,1,2011-04-27 17:23:00,1.25,,United Kingdom
551340,85123A,WHITE HANGING HEART T-LIGHT HOLDER,2,2011-04-27 17:23:00,2.95,,United Kingdom
551351,85123A,WHITE HANGING HEART T-LIGHT HOLDER,32,2011-04-28 10:20:00,2.55,14298.0,United Kingdom
551383,85123A,WHITE HANGING HEART T-LIGHT HOLDER,12,2011-04-28 10:54:00,2.95,17460.0,United Kingdom
551384,21212,PACK OF 72 RETROSPOT CAKE CASES,24,2011-04-28 11:31:00,0.55,15223.0,United Kingdom
551389,21212,PACK OF 72 RETROSPOT CAKE CASES,24,2011-04-28 11:45:00,0.55,12437.0,France
551395,85123A,WHITE HANGING HEART T-LIGHT HOLDER,6,2011-04-28 12:47:00,2.95,14271.0,United Kingdom
551396,84879,ASSORTED COLOUR BIRD ORNAMENT,32,2011-04-28 12:49:00,1.69,17720.0,United Kingdom
551397,84879,ASSORTED COLOUR BIRD ORNAMENT,8,2011-04-28 12:55:00,1.69,15952.0,United Kingdom
551398,21212,PACK OF 72 RETROSPOT CAKE CASES,24,2011-04-28 13:09:00,0.55,12417.0,Spain
551399,22616,PACK OF 12 LONDON TISSUES ,36,2011-04-28 13:17:00,0.29,17874.0,United Kingdom
551412,85123A,WHITE HANGING HEART T-LIGHT HOLDER,4,2011-04-28 13:31:00,2.95,15508.0,United Kingdom
551417,84879,ASSORTED COLOUR BIRD ORNAMENT,8,2011-04-28 13:41:00,1.69,15632.0,United Kingdom
551426,85123A,WHITE HANGING HEART T-LIGHT HOLDER,12,2011-04-28 14:39:00,2.95,14022.0,United Kingdom
551438,85123A,WHITE HANGING HEART T-LIGHT HOLDER,32,2011-04-28 15:23:00,2.55,13408.0,United Kingdom
551462,84879,ASSORTED COLOUR BIRD ORNAMENT,8,2011-04-28 16:11:00,1.69,15210.0,United Kingdom
551467,84879,ASSORTED COLOUR BIRD ORNAMENT,8,2011-04-28 16:20:00,1.69,12600.0,Germany
551468,85123A,WHITE HANGING HEART T-LIGHT HOLDER,13,2011-04-28 16:21:00,2.95,,United Kingdom
551468,21212,PACK OF 72 RETROSPOT CAKE CASES,1,2011-04-28 16:21:00,1.25,,United Kingdom
551471,21212,PACK OF 72 RETROSPOT CAKE CASES,2,2011-04-28 16:40:00,0.55,16370.0,United Kingdom
551507,21212,PACK OF 72 RETROSPOT CAKE CASES,24,2011-04-28 18:11:00,0.55,18272.0,United Kingdom
551517,84879,ASSORTED COLOUR BIRD ORNAMENT,1,2011-05-01 11:14:00,1.69,16931.0,United Kingdom
551517,85123A,WHITE HANGING HEART T-LIGHT HOLDER,2,2011-05-01 11:14:00,2.95,16931.0,United Kingdom
551518,85123A,WHITE HANGING HEART T-LIGHT HOLDER,10,2011-05-01 11:36:00,2.95,15708.0,United Kingdom
551525,21212,PACK OF 72 RETROSPOT CAKE CASES,24,2011-05-01 12:37:00,0.55,14667.0,United Kingdom
551536,85123A,WHITE HANGING HEART T-LIGHT HOLDER,1,2011-05-03 08:35:00,2.95,,United Kingdom
551542,85123A,WHITE HANGING HEART T-LIGHT HOLDER,6,2011-05-03 09:05:00,2.95,14732.0,United Kingdom
551547,21212,PACK OF 72 RETROSPOT CAKE CASES,17,2011-05-03 09:44:00,2.08,,United Kingdom
551548,84879,ASSORTED COLOUR BIRD ORNAMENT,8,2011-05-03 09:44:00,1.69,14149.0,United Kingdom
551561,84879,ASSORTED COLOUR BIRD ORNAMENT,8,2011-05-03 10:49:00,1.69,17422.0,United Kingdom
551564,85123A,WHITE HANGING HEART T-LIGHT HOLDER,6,2011-05-03 10:56:00,2.95,16609.0,United Kingdom
551584,84879,ASSORTED COLOUR BIRD ORNAMENT,8,2011-05-03 11:22:00,1.69,15620.0,United Kingdom
551584,21212,PACK OF 72 RETROSPOT CAKE CASES,24,2011-05-03 11:22:00,0.55,15620.0,United Kingdom
551617,85123A,WHITE HANGING HEART T-LIGHT HOLDER,192,2011-05-03 11:41:00,2.55,16013.0,United Kingdom
551623,85123A,WHITE HANGING HEART T-LIGHT HOLDER,12,2011-05-03 11:44:00,2.95,12843.0,United Kingdom
551652,21212,PACK OF 72 RETROSPOT CAKE CASES,24,2011-05-03 12:03:00,0.42,12643.0,France
551656,85123A,WHITE HANGING HEART T-LIGHT HOLDER,6,2011-05-03 12:10:00,2.95,14911.0,EIRE
551656,84879,ASSORTED COLOUR BIRD ORNAMENT,16,2011-05-03 12:10:00,1.69,14911.0,EIRE
551660,85123A,WHITE HANGING HEART T-LIGHT HOLDER,12,2011-05-03 12:16:00,2.95,15271.0,United Kingdom
551662,85123A,WHITE HANGING HEART T-LIGHT HOLDER,32,2011-05-03 12:24:00,2.55,16210.0,United Kingdom
551688,21212,PACK OF 72 RETROSPOT CAKE CASES,24,2011-05-03 13:31:00,0.55,14107.0,United Kingdom
551693,21212,PACK OF 72 RETROSPOT CAKE CASES,24,2011-05-03 13:36:00,0.55,15582.0,United Kingdom
551696,85123A,WHITE HANGING HEART T-LIGHT HOLDER,32,2011-05-03 13:39:00,2.55,14110.0,United Kingdom
551713,85123A,WHITE HANGING HEART T-LIGHT HOLDER,6,2011-05-03 15:12:00,2.95,16230.0,United Kingdom
551714,84879,ASSORTED COLOUR BIRD ORNAMENT,12,2011-05-03 15:15:00,1.69,16806.0,United Kingdom
551717,85123A,WHITE HANGING HEART T-LIGHT HOLDER,6,2011-05-03 15:59:00,2.95,13263.0,United Kingdom
551718,21212,PACK OF 72 RETROSPOT CAKE CASES,3,2011-05-03 16:06:00,1.25,,United Kingdom
551720,85123A,WHITE HANGING HEART T-LIGHT HOLDER,6,2011-05-03 16:35:00,2.95,18146.0,United Kingdom
551731,85123A,WHITE HANGING HEART T-LIGHT HOLDER,6,2011-05-04 09:57:00,2.95,14307.0,United Kingdom
551731,84879,ASSORTED COLOUR BIRD ORNAMENT,8,2011-05-04 09:57:00,1.69,14307.0,United Kingdom
551774,85123A,WHITE HANGING HEART T-LIGHT HOLDER,3,2011-05-04 11:12:00,2.95,14606.0,United Kingdom
551775,85123A,WHITE HANGING HEART T-LIGHT HOLDER,6,2011-05-04 11:21:00,2.95,12886.0,United Kingdom
551809,85123A,WHITE HANGING HEART T-LIGHT HOLDER,32,2011-05-04 11:32:00,2.55,17511.0,United Kingdom
551810,21212,PACK OF 72 RETROSPOT CAKE CASES,6,2011-05-04 11:32:00,0.55,15719.0,United Kingdom
551810,85123A,WHITE HANGING HEART T-LIGHT HOLDER,4,2011-05-04 11:32:00,2.95,15719.0,United Kingdom
551811,21212,PACK OF 72 RETROSPOT CAKE CASES,2,2011-05-04 11:37:00,0.55,15039.0,United Kingdom
551813,85123A,WHITE HANGING HEART T-LIGHT HOLDER,12,2011-05-04 11:43:00,2.95,18065.0,United Kingdom
551816,21212,PACK OF 72 RETROSPOT CAKE CASES,24,2011-05-04 11:50:00,0.55,15906.0,United Kingdom
551817,84879,ASSORTED COLOUR BIRD ORNAMENT,8,2011-05-04 11:50:00,1.69,17974.0,United Kingdom
551821,84879,ASSORTED COLOUR BIRD ORNAMENT,8,2011-05-04 12:20:00,1.69,16942.0,United Kingdom
551822,85123A,WHITE HANGING HEART T-LIGHT HOLDER,2,2011-05-04 12:26:00,2.95,13524.0,United Kingdom
551834,85123A,WHITE HANGING HEART T-LIGHT HOLDER,6,2011-05-04 13:13:00,2.95,16610.0,United Kingdom
551844,85123A,WHITE HANGING HEART T-LIGHT HOLDER,12,2011-05-04 14:03:00,2.95,14173.0,United Kingdom
551850,84879,ASSORTED COLOUR BIRD ORNAMENT,8,2011-05-04 14:33:00,1.69,13731.0,United Kingdom
551855,84879,ASSORTED COLOUR BIRD ORNAMENT,24,2011-05-04 15:08:00,1.69,12836.0,United Kingdom
551860,85123A,WHITE HANGING HEART T-LIGHT HOLDER,2,2011-05-04 15:41:00,2.95,15508.0,United Kingdom
551868,21212,PACK OF 72 RETROSPOT CAKE CASES,24,2011-05-04 16:29:00,0.55,12540.0,Spain
551868,84879,ASSORTED COLOUR BIRD ORNAMENT,40,2011-05-04 16:29:00,1.69,12540.0,Spain
551876,85123A,WHITE HANGING HEART T-LIGHT HOLDER,6,2011-05-05 08:18:00,2.95,14867.0,United Kingdom
551876,84879,ASSORTED COLOUR BIRD ORNAMENT,16,2011-05-05 08:18:00,1.69,14867.0,United Kingdom
551879,85123A,WHITE HANGING HEART T-LIGHT HOLDER,64,2011-05-05 08:33:00,2.55,13831.0,United Kingdom
551880,84879,ASSORTED COLOUR BIRD ORNAMENT,8,2011-05-05 09:05:00,1.69,17374.0,United Kingdom
551885,21212,PACK OF 72 RETROSPOT CAKE CASES,24,2011-05-05 09:18:00,0.55,16700.0,United Kingdom
551893,21212,PACK OF 72 RETROSPOT CAKE CASES,24,2011-05-05 10:07:00,0.55,17675.0,United Kingdom
551897,85123A,WHITE HANGING HEART T-LIGHT HOLDER,6,2011-05-05 10:31:00,2.95,13711.0,United Kingdom
551953,22616,PACK OF 12 LONDON TISSUES ,24,2011-05-05 11:53:00,0.29,13448.0,United Kingdom
551954,84879,ASSORTED COLOUR BIRD ORNAMENT,27,2011-05-05 12:13:00,1.69,14515.0,United Kingdom
551960,84879,ASSORTED COLOUR BIRD ORNAMENT,8,2011-05-05 12:38:00,1.69,18239.0,United Kingdom
551960,85123A,WHITE HANGING HEART T-LIGHT HOLDER,6,2011-05-05 12:38:00,2.95,18239.0,United Kingdom
551966,22616,PACK OF 12 LONDON TISSUES ,12,2011-05-05 13:14:00,0.29,15356.0,United Kingdom
551966,85123A,WHITE HANGING HEART T-LIGHT HOLDER,7,2011-05-05 13:14:00,2.95,15356.0,United Kingdom
551966,84879,ASSORTED COLOUR BIRD ORNAMENT,3,2011-05-05 13:14:00,1.69,15356.0,United Kingdom
551967,85123A,WHITE HANGING HEART T-LIGHT HOLDER,6,2011-05-05 13:19:00,2.95,16457.0,United Kingdom
551967,84879,ASSORTED COLOUR BIRD ORNAMENT,16,2011-05-05 13:19:00,1.69,16457.0,United Kingdom
551981,85123A,WHITE HANGING HEART T-LIGHT HOLDER,192,2011-05-05 13:53:00,2.55,13694.0,United Kingdom
551982,85123A,WHITE HANGING HEART T-LIGHT HOLDER,32,2011-05-05 13:56:00,2.55,15023.0,United Kingdom
551982,84879,ASSORTED COLOUR BIRD ORNAMENT,12,2011-05-05 13:56:00,1.69,15023.0,United Kingdom
551983,21212,PACK OF 72 RETROSPOT CAKE CASES,24,2011-05-05 14:32:00,0.55,17735.0,United Kingdom
551986,85123A,WHITE HANGING HEART T-LIGHT HOLDER,7,2011-05-05 14:41:00,2.95,13888.0,United Kingdom
551987,85123A,WHITE HANGING HEART T-LIGHT HOLDER,7,2011-05-05 14:55:00,2.95,15005.0,United Kingdom
551989,85123A,WHITE HANGING HEART T-LIGHT HOLDER,64,2011-05-05 15:12:00,2.55,14423.0,United Kingdom
551992,85123A,WHITE HANGING HEART T-LIGHT HOLDER,6,2011-05-05 15:31:00,2.95,12747.0,United Kingdom
551992,84879,ASSORTED COLOUR BIRD ORNAMENT,16,2011-05-05 15:31:00,1.69,12747.0,United Kingdom
551994,85123A,WHITE HANGING HEART T-LIGHT HOLDER,6,2011-05-05 15:42:00,2.95,12868.0,United Kingdom
551994,84879,ASSORTED COLOUR BIRD ORNAMENT,8,2011-05-05 15:42:00,1.69,12868.0,United Kingdom
551997,85123A,WHITE HANGING HEART T-LIGHT HOLDER,3,2011-05-05 15:47:00,5.79,,United Kingdom
551997,21212,PACK OF 72 RETROSPOT CAKE CASES,1,2011-05-05 15:47:00,1.25,,United Kingdom
552000,21212,PACK OF 72 RETROSPOT CAKE CASES,1,2011-05-05 15:56:00,1.25,,United Kingdom
552010,85123A,WHITE HANGING HEART T-LIGHT HOLDER,3,2011-05-05 17:26:00,2.95,14713.0,United Kingdom
552011,85123A,WHITE HANGING HEART T-LIGHT HOLDER,6,2011-05-05 17:28:00,2.95,13867.0,United Kingdom
552013,21212,PACK OF 72 RETROSPOT CAKE CASES,48,2011-05-05 17:34:00,0.55,12451.0,Switzerland
552037,21212,PACK OF 72 RETROSPOT CAKE CASES,24,2011-05-05 19:48:00,0.55,13450.0,United Kingdom
552038,21212,PACK OF 72 RETROSPOT CAKE CASES,240,2011-05-06 08:08:00,0.42,14156.0,EIRE
552039,85123A,WHITE HANGING HEART T-LIGHT HOLDER,64,2011-05-06 08:10:00,2.55,13081.0,United Kingdom
552039,21212,PACK OF 72 RETROSPOT CAKE CASES,24,2011-05-06 08:10:00,0.55,13081.0,United Kingdom
552039,22616,PACK OF 12 LONDON TISSUES ,48,2011-05-06 08:10:00,0.29,13081.0,United Kingdom
552044,21212,PACK OF 72 RETROSPOT CAKE CASES,24,2011-05-06 09:14:00,0.55,17423.0,United Kingdom
552045,85123A,WHITE HANGING HEART T-LIGHT HOLDER,6,2011-05-06 09:22:00,2.95,18241.0,United Kingdom
552045,21212,PACK OF 72 RETROSPOT CAKE CASES,24,2011-05-06 09:22:00,0.55,18241.0,United Kingdom
552051,21212,PACK OF 72 RETROSPOT CAKE CASES,2,2011-05-06 10:10:00,0.55,14796.0,United Kingdom
552055,21212,PACK OF 72 RETROSPOT CAKE CASES,24,2011-05-06 10:32:00,0.55,16353.0,United Kingdom
552058,85123A,WHITE HANGING HEART T-LIGHT HOLDER,32,2011-05-06 10:36:00,2.55,15218.0,United Kingdom
552061,84879,ASSORTED COLOUR BIRD ORNAMENT,32,2011-05-06 10:43:00,1.69,13001.0,United Kingdom
552061,21212,PACK OF 72 RETROSPOT CAKE CASES,24,2011-05-06 10:43:00,0.55,13001.0,United Kingdom
552065,22616,PACK OF 12 LONDON TISSUES ,12,2011-05-06 11:20:00,0.29,16729.0,United Kingdom
552121,84879,ASSORTED COLOUR BIRD ORNAMENT,16,2011-05-06 11:40:00,1.69,15757.0,United Kingdom
552134,85123A,WHITE HANGING HEART T-LIGHT HOLDER,32,2011-05-06 11:50:00,2.55,14944.0,United Kingdom
552139,84879,ASSORTED COLOUR BIRD ORNAMENT,8,2011-05-06 11:55:00,1.69,14659.0,United Kingdom
552166,85123A,WHITE HANGING HEART T-LIGHT HOLDER,6,2011-05-06 12:21:00,2.95,13475.0,United Kingdom
552176,21212,PACK OF 72 RETROSPOT CAKE CASES,1,2011-05-06 13:25:00,0.55,17516.0,United Kingdom
552186,84879,ASSORTED COLOUR BIRD ORNAMENT,48,2011-05-06 13:53:00,1.69,12921.0,United Kingdom
552193,21212,PACK OF 72 RETROSPOT CAKE CASES,24,2011-05-06 14:22:00,0.55,15114.0,United Kingdom
552217,85123A,WHITE HANGING HEART T-LIGHT HOLDER,32,2011-05-06 15:13:00,2.55,18170.0,United Kingdom
552229,22616,PACK OF 12 LONDON TISSUES ,2,2011-05-06 15:40:00,0.83,,United Kingdom
552229,84879,ASSORTED COLOUR BIRD ORNAMENT,8,2011-05-06 15:40:00,3.12,,United Kingdom
552229,85123A,WHITE HANGING HEART T-LIGHT HOLDER,2,2011-05-06 15:40:00,5.79,,United Kingdom
552229,21212,PACK OF 72 RETROSPOT CAKE CASES,4,2011-05-06 15:40:00,1.25,,United Kingdom
552232,85123A,WHITE HANGING HEART T-LIGHT HOLDER,4,2011-05-06 15:54:00,5.79,,United Kingdom
552232,21212,PACK OF 72 RETROSPOT CAKE CASES,1,2011-05-06 15:54:00,1.25,,United Kingdom
552234,85123A,WHITE HANGING HEART T-LIGHT HOLDER,1,2011-05-06 16:01:00,5.79,,United Kingdom
552235,84879,ASSORTED COLOUR BIRD ORNAMENT,16,2011-05-06 16:17:00,1.69,15194.0,United Kingdom
552239,22616,PACK OF 12 LONDON TISSUES ,6,2011-05-06 16:54:00,0.29,14056.0,United Kingdom
552253,84879,ASSORTED COLOUR BIRD ORNAMENT,32,2011-05-08 10:20:00,1.69,14201.0,United Kingdom
552255,21212,PACK OF 72 RETROSPOT CAKE CASES,24,2011-05-08 10:33:00,0.55,14005.0,United Kingdom
552262,85123A,WHITE HANGING HEART T-LIGHT HOLDER,6,2011-05-08 11:37:00,2.95,14911.0,EIRE
552264,84879,ASSORTED COLOUR BIRD ORNAMENT,32,2011-05-08 11:38:00,1.69,14959.0,United Kingdom
552265,85123A,WHITE HANGING HEART T-LIGHT HOLDER,6,2011-05-08 11:41:00,2.95,14161.0,United Kingdom
552265,84879,ASSORTED COLOUR BIRD ORNAMENT,8,2011-05-08 11:41:00,1.69,14161.0,United Kingdom
552269,84879,ASSORTED COLOUR BIRD ORNAMENT,3,2011-05-08 11:52:00,1.69,16121.0,United Kingdom
552269,85123A,WHITE HANGING HEART T-LIGHT HOLDER,2,2011-05-08 11:52:00,2.95,16121.0,United Kingdom
552269,85123A,WHITE HANGING HEART T-LIGHT HOLDER,4,2011-05-08 11:52:00,2.95,16121.0,United Kingdom
552271,84879,ASSORTED COLOUR BIRD ORNAMENT,1,2011-05-08 12:00:00,1.69,13069.0,United Kingdom
552280,85123A,WHITE HANGING HEART T-LIGHT HOLDER,32,2011-05-08 12:39:00,2.55,13561.0,United Kingdom
552281,85123A,WHITE HANGING HEART T-LIGHT HOLDER,18,2011-05-08 12:42:00,2.95,15704.0,United Kingdom
552281,84879,ASSORTED COLOUR BIRD ORNAMENT,24,2011-05-08 12:42:00,1.69,15704.0,United Kingdom
552284,84879,ASSORTED COLOUR BIRD ORNAMENT,80,2011-05-08 12:48:00,1.69,18149.0,United Kingdom
552285,85123A,WHITE HANGING HEART T-LIGHT HOLDER,5,2011-05-08 12:58:00,2.95,14684.0,United Kingdom
552285,21212,PACK OF 72 RETROSPOT CAKE CASES,1,2011-05-08 12:58:00,0.55,14684.0,United Kingdom
552285,21212,PACK OF 72 RETROSPOT CAKE CASES,1,2011-05-08 12:58:00,0.55,14684.0,United Kingdom
552285,85123A,WHITE HANGING HEART T-LIGHT HOLDER,1,2011-05-08 12:58:00,2.95,14684.0,United Kingdom
552288,85123A,WHITE HANGING HEART T-LIGHT HOLDER,12,2011-05-08 13:20:00,2.95,13313.0,United Kingdom
552289,21212,PACK OF 72 RETROSPOT CAKE CASES,1,2011-05-08 13:24:00,0.55,17869.0,United Kingdom
552290,85123A,WHITE HANGING HEART T-LIGHT HOLDER,6,2011-05-08 13:32:00,2.95,16007.0,United Kingdom
552293,84879,ASSORTED COLOUR BIRD ORNAMENT,8,2011-05-08 14:05:00,1.69,16232.0,United Kingdom
552294,85123A,WHITE HANGING HEART T-LIGHT HOLDER,12,2011-05-08 14:06:00,2.95,16232.0,United Kingdom
552296,21212,PACK OF 72 RETROSPOT CAKE CASES,24,2011-05-08 14:09:00,0.55,15518.0,United Kingdom
552296,22616,PACK OF 12 LONDON TISSUES ,24,2011-05-08 14:09:00,0.29,15518.0,United Kingdom
552310,21212,PACK OF 72 RETROSPOT CAKE CASES,3,2011-05-08 15:22:00,0.55,17323.0,United Kingdom
552311,85123A,WHITE HANGING HEART T-LIGHT HOLDER,32,2011-05-08 15:22:00,2.55,15312.0,United Kingdom
552315,84879,ASSORTED COLOUR BIRD ORNAMENT,16,2011-05-08 16:10:00,1.69,12700.0,France
552315,21212,PACK OF 72 RETROSPOT CAKE CASES,24,2011-05-08 16:10:00,0.55,12700.0,France
552316,85123A,WHITE HANGING HEART T-LIGHT HOLDER,6,2011-05-08 16:11:00,2.95,15674.0,United Kingdom
552323,85123A,WHITE HANGING HEART T-LIGHT HOLDER,6,2011-05-09 09:33:00,2.95,16756.0,United Kingdom
552326,21212,PACK OF 72 RETROSPOT CAKE CASES,24,2011-05-09 10:02:00,0.55,15596.0,United Kingdom
552333,21212,PACK OF 72 RETROSPOT CAKE CASES,2,2011-05-09 10:38:00,0.55,15039.0,United Kingdom
552357,84879,ASSORTED COLOUR BIRD ORNAMENT,8,2011-05-09 12:16:00,1.69,18219.0,United Kingdom
552357,85123A,WHITE HANGING HEART T-LIGHT HOLDER,6,2011-05-09 12:16:00,2.95,18219.0,United Kingdom
552358,21212,PACK OF 72 RETROSPOT CAKE CASES,24,2011-05-09 12:20:00,0.55,15673.0,United Kingdom
552372,21212,PACK OF 72 RETROSPOT CAKE CASES,24,2011-05-09 12:29:00,0.55,13394.0,United Kingdom
552404,85123A,WHITE HANGING HEART T-LIGHT HOLDER,32,2011-05-09 12:39:00,2.55,15932.0,United Kingdom
552418,21212,PACK OF 72 RETROSPOT CAKE CASES,24,2011-05-09 12:42:00,0.55,13971.0,United Kingdom
552442,84879,ASSORTED COLOUR BIRD ORNAMENT,8,2011-05-09 13:03:00,1.69,14667.0,United Kingdom
552444,85123A,WHITE HANGING HEART T-LIGHT HOLDER,3,2011-05-09 13:10:00,2.95,17634.0,United Kingdom
552454,85123A,WHITE HANGING HEART T-LIGHT HOLDER,128,2011-05-09 14:22:00,2.55,18172.0,United Kingdom
552457,85123A,WHITE HANGING HEART T-LIGHT HOLDER,6,2011-05-09 14:40:00,2.95,16477.0,United Kingdom
552466,85123A,WHITE HANGING HEART T-LIGHT HOLDER,32,2011-05-09 15:21:00,2.55,13458.0,United Kingdom
552466,84879,ASSORTED COLOUR BIRD ORNAMENT,16,2011-05-09 15:21:00,1.69,13458.0,United Kingdom
552468,84879,ASSORTED COLOUR BIRD ORNAMENT,8,2011-05-09 15:33:00,1.69,13141.0,United Kingdom
552469,21212,PACK OF 72 RETROSPOT CAKE CASES,3,2011-05-09 15:34:00,0.55,12867.0,United Kingdom
552493,21212,PACK OF 72 RETROSPOT CAKE CASES,1,2011-05-09 16:21:00,1.25,,United Kingdom
552508,21212,PACK OF 72 RETROSPOT CAKE CASES,2,2011-05-09 16:27:00,1.25,,United Kingdom
552514,22616,PACK OF 12 LONDON TISSUES ,1,2011-05-09 16:30:00,0.83,,United Kingdom
552520,85123A,WHITE HANGING HEART T-LIGHT HOLDER,1,2011-05-09 16:34:00,5.79,,United Kingdom
552520,21212,PACK OF 72 RETROSPOT CAKE CASES,1,2011-05-09 16:34:00,1.25,,United Kingdom
552522,85123A,WHITE HANGING HEART T-LIGHT HOLDER,2,2011-05-09 16:37:00,2.95,,United Kingdom
552533,84879,ASSORTED COLOUR BIRD ORNAMENT,32,2011-05-10 09:41:00,1.69,13767.0,United Kingdom
552536,85123A,WHITE HANGING HEART T-LIGHT HOLDER,32,2011-05-10 10:00:00,2.55,14209.0,United Kingdom
552540,85123A,WHITE HANGING HEART T-LIGHT HOLDER,12,2011-05-10 10:18:00,2.95,,EIRE
552543,21212,PACK OF 72 RETROSPOT CAKE CASES,48,2011-05-10 10:22:00,0.55,12399.0,Belgium
552554,85123A,WHITE HANGING HEART T-LIGHT HOLDER,8,2011-05-10 11:04:00,2.95,12843.0,United Kingdom
552555,84879,ASSORTED COLOUR BIRD ORNAMENT,24,2011-05-10 11:20:00,1.69,18242.0,United Kingdom
552558,84879,ASSORTED COLOUR BIRD ORNAMENT,16,2011-05-10 11:33:00,1.69,14766.0,United Kingdom
552563,84879,ASSORTED COLOUR BIRD ORNAMENT,48,2011-05-10 11:54:00,1.69,17597.0,United Kingdom
552614,84879,ASSORTED COLOUR BIRD ORNAMENT,24,2011-05-10 12:51:00,1.69,14849.0,United Kingdom
552638,84879,ASSORTED COLOUR BIRD ORNAMENT,8,2011-05-10 13:00:00,1.69,17700.0,United Kingdom
552638,85123A,WHITE HANGING HEART T-LIGHT HOLDER,32,2011-05-10 13:00:00,2.55,17700.0,United Kingdom
552639,85123A,WHITE HANGING HEART T-LIGHT HOLDER,6,2011-05-10 13:18:00,2.95,15134.0,United Kingdom
552641,85123A,WHITE HANGING HEART T-LIGHT HOLDER,32,2011-05-10 13:20:00,2.55,16525.0,United Kingdom
552643,21212,PACK OF 72 RETROSPOT CAKE CASES,6,2011-05-10 13:24:00,0.55,16791.0,United Kingdom
552643,85123A,WHITE HANGING HEART T-LIGHT HOLDER,2,2011-05-10 13:24:00,2.95,16791.0,United Kingdom
552645,84879,ASSORTED COLOUR BIRD ORNAMENT,8,2011-05-10 13:26:00,1.69,16791.0,United Kingdom
552651,84879,ASSORTED COLOUR BIRD ORNAMENT,16,2011-05-10 14:09:00,1.69,16431.0,United Kingdom
552655,85123A,WHITE HANGING HEART T-LIGHT HOLDER,2,2011-05-10 14:22:00,2.95,14587.0,United Kingdom
552659,21212,PACK OF 72 RETROSPOT CAKE CASES,43,2011-05-10 15:03:00,2.08,,United Kingdom
552664,22616,PACK OF 12 LONDON TISSUES ,60,2011-05-10 15:05:00,0.29,14051.0,United Kingdom
552695,84879,ASSORTED COLOUR BIRD ORNAMENT,16,2011-05-10 15:31:00,1.69,16320.0,Unspecified
552702,22616,PACK OF 12 LONDON TISSUES ,1,2011-05-10 16:00:00,0.83,,United Kingdom
552703,85123A,WHITE HANGING HEART T-LIGHT HOLDER,4,2011-05-10 16:00:00,2.95,14462.0,United Kingdom
552708,85123A,WHITE HANGING HEART T-LIGHT HOLDER,12,2011-05-10 16:19:00,2.95,13487.0,United Kingdom
552728,84879,ASSORTED COLOUR BIRD ORNAMENT,160,2011-05-11 10:35:00,1.45,13089.0,United Kingdom
552769,85123A,WHITE HANGING HEART T-LIGHT HOLDER,2,2011-05-11 11:47:00,2.95,16241.0,United Kingdom
552804,84879,ASSORTED COLOUR BIRD ORNAMENT,8,2011-05-11 12:32:00,1.69,15615.0,United Kingdom
552821,85123A,WHITE HANGING HEART T-LIGHT HOLDER,7,2011-05-11 12:58:00,2.95,18118.0,United Kingdom
552824,22616,PACK OF 12 LONDON TISSUES ,12,2011-05-11 13:16:00,0.29,14056.0,United Kingdom
552827,84879,ASSORTED COLOUR BIRD ORNAMENT,160,2011-05-11 13:20:00,1.45,18144.0,United Kingdom
552829,85123A,WHITE HANGING HEART T-LIGHT HOLDER,32,2011-05-11 13:42:00,2.55,12748.0,United Kingdom
552831,85123A,WHITE HANGING HEART T-LIGHT HOLDER,23,2011-05-11 14:12:00,2.95,13052.0,United Kingdom
552835,21212,PACK OF 72 RETROSPOT CAKE CASES,24,2011-05-11 14:17:00,0.55,17664.0,United Kingdom
552843,85123A,WHITE HANGING HEART T-LIGHT HOLDER,32,2011-05-11 14:37:00,2.55,14649.0,United Kingdom
552848,85123A,WHITE HANGING HEART T-LIGHT HOLDER,12,2011-05-11 14:49:00,2.95,14367.0,United Kingdom
552850,85123A,WHITE HANGING HEART T-LIGHT HOLDER,12,2011-05-11 14:54:00,2.95,14367.0,United Kingdom
552851,84879,ASSORTED COLOUR BIRD ORNAMENT,120,2011-05-11 15:07:00,1.69,12731.0,France
552852,21212,PACK OF 72 RETROSPOT CAKE CASES,3,2011-05-11 15:08:00,0.55,16712.0,United Kingdom
552854,21212,PACK OF 72 RETROSPOT CAKE CASES,24,2011-05-11 15:16:00,0.55,14748.0,United Kingdom
552857,21212,PACK OF 72 RETROSPOT CAKE CASES,1,2011-05-11 15:34:00,1.25,,United Kingdom
552865,22616,PACK OF 12 LONDON TISSUES ,12,2011-05-11 17:16:00,0.29,,United Kingdom
552867,85123A,WHITE HANGING HEART T-LIGHT HOLDER,32,2011-05-12 08:36:00,2.55,15513.0,United Kingdom
552869,84879,ASSORTED COLOUR BIRD ORNAMENT,8,2011-05-12 08:41:00,1.69,15106.0,United Kingdom
552872,85123A,WHITE HANGING HEART T-LIGHT HOLDER,32,2011-05-12 09:09:00,2.55,16985.0,United Kingdom
552872,84879,ASSORTED COLOUR BIRD ORNAMENT,40,2011-05-12 09:09:00,1.69,16985.0,United Kingdom
552877,84879,ASSORTED COLOUR BIRD ORNAMENT,16,2011-05-12 09:49:00,1.69,14883.0,United Kingdom
552877,85123A,WHITE HANGING HEART T-LIGHT HOLDER,6,2011-05-12 09:49:00,2.95,14883.0,United Kingdom
552880,85123A,WHITE HANGING HEART T-LIGHT HOLDER,6,2011-05-12 09:59:00,2.95,18245.0,United Kingdom
552883,21212,PACK OF 72 RETROSPOT CAKE CASES,1200,2011-05-12 10:13:00,0.42,14646.0,Netherlands
552883,84879,ASSORTED COLOUR BIRD ORNAMENT,160,2011-05-12 10:13:00,1.45,14646.0,Netherlands
552890,84879,ASSORTED COLOUR BIRD ORNAMENT,40,2011-05-12 10:45:00,1.69,14233.0,United Kingdom
552905,84879,ASSORTED COLOUR BIRD ORNAMENT,8,2011-05-12 11:10:00,1.69,15974.0,United Kingdom
552945,84879,ASSORTED COLOUR BIRD ORNAMENT,8,2011-05-12 11:44:00,1.69,15953.0,United Kingdom
552945,85123A,WHITE HANGING HEART T-LIGHT HOLDER,32,2011-05-12 11:44:00,2.55,15953.0,United Kingdom
552949,85123A,WHITE HANGING HEART T-LIGHT HOLDER,10,2011-05-12 12:01:00,2.95,16033.0,United Kingdom
552950,84879,ASSORTED COLOUR BIRD ORNAMENT,8,2011-05-12 12:01:00,1.69,16116.0,United Kingdom
552954,85123A,WHITE HANGING HEART T-LIGHT HOLDER,32,2011-05-12 12:30:00,2.55,14064.0,United Kingdom
552963,22616,PACK OF 12 LONDON TISSUES ,12,2011-05-12 12:57:00,0.29,16743.0,United Kingdom
552964,85123A,WHITE HANGING HEART T-LIGHT HOLDER,6,2011-05-12 13:05:00,2.95,16057.0,United Kingdom
552969,85123A,WHITE HANGING HEART T-LIGHT HOLDER,6,2011-05-12 13:37:00,2.95,14021.0,United Kingdom
552971,85123A,WHITE HANGING HEART T-LIGHT HOLDER,6,2011-05-12 13:41:00,2.95,14738.0,United Kingdom
552972,85123A,WHITE HANGING HEART T-LIGHT HOLDER,24,2011-05-12 13:43:00,2.95,16043.0,United Kingdom
552973,84879,ASSORTED COLOUR BIRD ORNAMENT,8,2011-05-12 13:53:00,1.69,16186.0,United Kingdom
552977,84879,ASSORTED COLOUR BIRD ORNAMENT,8,2011-05-12 14:13:00,1.69,18221.0,United Kingdom
553002,85123A,WHITE HANGING HEART T-LIGHT HOLDER,3,2011-05-12 15:26:00,2.95,13263.0,United Kingdom
553005,85123A,WHITE HANGING HEART T-LIGHT HOLDER,2,2011-05-12 16:29:00,2.95,14651.0,United Kingdom
553005,84879,ASSORTED COLOUR BIRD ORNAMENT,16,2011-05-12 16:29:00,1.69,14651.0,United Kingdom
553006,21212,PACK OF 72 RETROSPOT CAKE CASES,24,2011-05-12 16:45:00,0.55,15544.0,United Kingdom
553008,84879,ASSORTED COLOUR BIRD ORNAMENT,16,2011-05-12 16:52:00,1.69,17315.0,United Kingdom
553013,85123A,WHITE HANGING HEART T-LIGHT HOLDER,6,2011-05-12 18:19:00,5.79,,United Kingdom
553014,21212,PACK OF 72 RETROSPOT CAKE CASES,6,2011-05-12 18:49:00,0.55,13451.0,United Kingdom
553017,21212,PACK OF 72 RETROSPOT CAKE CASES,2,2011-05-12 19:01:00,0.55,12757.0,Portugal
553021,84879,ASSORTED COLOUR BIRD ORNAMENT,24,2011-05-12 19:22:00,1.69,18172.0,United Kingdom
553021,85123A,WHITE HANGING HEART T-LIGHT HOLDER,24,2011-05-12 19:22:00,2.95,18172.0,United Kingdom
553034,22616,PACK OF 12 LONDON TISSUES ,24,2011-05-12 20:03:00,0.29,17970.0,United Kingdom
553035,21212,PACK OF 72 RETROSPOT CAKE CASES,4,2011-05-12 20:13:00,0.55,17337.0,United Kingdom
553035,22616,PACK OF 12 LONDON TISSUES ,4,2011-05-12 20:13:00,0.29,17337.0,United Kingdom
553042,84879,ASSORTED COLOUR BIRD ORNAMENT,32,2011-05-13 09:01:00,1.69,15845.0,United Kingdom
553058,85123A,WHITE HANGING HEART T-LIGHT HOLDER,10,2011-05-13 10:44:00,2.95,17790.0,United Kingdom
553060,21212,PACK OF 72 RETROSPOT CAKE CASES,24,2011-05-13 10:44:00,0.55,15826.0,United Kingdom
553060,84879,ASSORTED COLOUR BIRD ORNAMENT,24,2011-05-13 10:44:00,1.69,15826.0,United Kingdom
553074,22616,PACK OF 12 LONDON TISSUES ,4,2011-05-13 11:45:00,0.29,15529.0,United Kingdom
553120,84879,ASSORTED COLOUR BIRD ORNAMENT,8,2011-05-13 12:12:00,1.69,17139.0,United Kingdom
553141,84879,ASSORTED COLOUR BIRD ORNAMENT,1,2011-05-13 13:01:00,1.69,15907.0,United Kingdom
553142,21212,PACK OF 72 RETROSPOT CAKE CASES,1,2011-05-13 13:05:00,0.55,14527.0,United Kingdom
553148,21212,PACK OF 72 RETROSPOT CAKE CASES,24,2011-05-13 14:09:00,0.55,,Hong Kong
553151,84879,ASSORTED COLOUR BIRD ORNAMENT,36,2011-05-13 14:53:00,1.69,13089.0,United Kingdom
553156,21212,PACK OF 72 RETROSPOT CAKE CASES,2,2011-05-13 14:58:00,0.55,17841.0,United Kingdom
553158,21212,PACK OF 72 RETROSPOT CAKE CASES,24,2011-05-13 15:24:00,0.55,14194.0,United Kingdom
553158,85123A,WHITE HANGING HEART T-LIGHT HOLDER,6,2011-05-13 15:24:00,2.95,14194.0,United Kingdom
553158,84879,ASSORTED COLOUR BIRD ORNAMENT,8,2011-05-13 15:24:00,1.69,14194.0,United Kingdom
553161,21212,PACK OF 72 RETROSPOT CAKE CASES,24,2011-05-13 15:48:00,0.55,12681.0,France
553162,21212,PACK OF 72 RETROSPOT CAKE CASES,1,2011-05-13 15:53:00,1.25,,United Kingdom
553162,84879,ASSORTED COLOUR BIRD ORNAMENT,8,2011-05-13 15:53:00,3.12,,United Kingdom
553165,85123A,WHITE HANGING HEART T-LIGHT HOLDER,3,2011-05-13 16:12:00,2.95,13623.0,United Kingdom
553166,85123A,WHITE HANGING HEART T-LIGHT HOLDER,6,2011-05-13 16:14:00,2.95,17655.0,United Kingdom
553167,21212,PACK OF 72 RETROSPOT CAKE CASES,28,2011-05-13 16:19:00,2.08,,United Kingdom
553174,85123A,WHITE HANGING HEART T-LIGHT HOLDER,2,2011-05-15 11:04:00,2.95,16206.0,United Kingdom
553176,85123A,WHITE HANGING HEART T-LIGHT HOLDER,3,2011-05-15 11:22:00,2.95,14689.0,United Kingdom
553177,85123A,WHITE HANGING HEART T-LIGHT HOLDER,18,2011-05-15 11:23:00,2.95,13094.0,United Kingdom
553180,85123A,WHITE HANGING HEART T-LIGHT HOLDER,12,2011-05-15 11:35:00,2.95,16466.0,United Kingdom
553182,85123A,WHITE HANGING HEART T-LIGHT HOLDER,64,2011-05-15 12:21:00,2.55,17107.0,United Kingdom
553182,21212,PACK OF 72 RETROSPOT CAKE CASES,1,2011-05-15 12:21:00,0.55,17107.0,United Kingdom
553183,21212,PACK OF 72 RETROSPOT CAKE CASES,24,2011-05-15 12:31:00,0.55,16076.0,United Kingdom
553184,21212,PACK OF 72 RETROSPOT CAKE CASES,2,2011-05-15 12:33:00,0.55,13232.0,United Kingdom
553187,21212,PACK OF 72 RETROSPOT CAKE CASES,2,2011-05-15 12:53:00,0.55,16809.0,United Kingdom
553188,84879,ASSORTED COLOUR BIRD ORNAMENT,24,2011-05-15 12:55:00,1.69,15379.0,United Kingdom
553188,85123A,WHITE HANGING HEART T-LIGHT HOLDER,12,2011-05-15 12:55:00,2.95,15379.0,United Kingdom
553189,84879,ASSORTED COLOUR BIRD ORNAMENT,8,2011-05-15 13:14:00,1.69,15033.0,United Kingdom
553190,84879,ASSORTED COLOUR BIRD ORNAMENT,8,2011-05-15 13:14:00,1.69,15164.0,United Kingdom
553190,84879,ASSORTED COLOUR BIRD ORNAMENT,4,2011-05-15 13:14:00,1.69,15164.0,United Kingdom
553193,85123A,WHITE HANGING HEART T-LIGHT HOLDER,6,2011-05-15 13:31:00,2.95,15081.0,United Kingdom
553197,85123A,WHITE HANGING HEART T-LIGHT HOLDER,2,2011-05-15 14:32:00,2.95,17263.0,United Kingdom
553203,85123A,WHITE HANGING HEART T-LIGHT HOLDER,24,2011-05-15 16:10:00,2.95,14911.0,EIRE
553209,85123A,WHITE HANGING HEART T-LIGHT HOLDER,48,2011-05-16 09:23:00,2.55,13777.0,United Kingdom
553219,85123A,WHITE HANGING HEART T-LIGHT HOLDER,6,2011-05-16 09:57:00,2.95,13769.0,United Kingdom
553220,84879,ASSORTED COLOUR BIRD ORNAMENT,24,2011-05-16 09:57:00,1.69,13319.0,United Kingdom
553220,21212,PACK OF 72 RETROSPOT CAKE CASES,24,2011-05-16 09:57:00,0.55,13319.0,United Kingdom
553224,22616,PACK OF 12 LONDON TISSUES ,24,2011-05-16 10:40:00,0.29,17228.0,United Kingdom
553315,85123A,WHITE HANGING HEART T-LIGHT HOLDER,64,2011-05-16 12:03:00,2.55,16705.0,United Kingdom
553340,21212,PACK OF 72 RETROSPOT CAKE CASES,24,2011-05-16 12:20:00,0.55,15125.0,United Kingdom
553341,84879,ASSORTED COLOUR BIRD ORNAMENT,8,2011-05-16 12:25:00,1.69,16293.0,United Kingdom
553342,85123A,WHITE HANGING HEART T-LIGHT HOLDER,6,2011-05-16 12:26:00,2.95,16293.0,United Kingdom
553345,22616,PACK OF 12 LONDON TISSUES ,24,2011-05-16 12:53:00,0.29,16729.0,United Kingdom
553345,85123A,WHITE HANGING HEART T-LIGHT HOLDER,5,2011-05-16 12:53:00,2.95,16729.0,United Kingdom
553345,84879,ASSORTED COLOUR BIRD ORNAMENT,16,2011-05-16 12:53:00,1.69,16729.0,United Kingdom
553347,21212,PACK OF 72 RETROSPOT CAKE CASES,24,2011-05-16 12:59:00,0.55,14755.0,United Kingdom
553350,85123A,WHITE HANGING HEART T-LIGHT HOLDER,32,2011-05-16 13:32:00,2.55,12871.0,United Kingdom
553351,21212,PACK OF 72 RETROSPOT CAKE CASES,5,2011-05-16 13:35:00,0.55,18118.0,United Kingdom
553351,85123A,WHITE HANGING HEART T-LIGHT HOLDER,4,2011-05-16 13:35:00,2.95,18118.0,United Kingdom
553363,85123A,WHITE HANGING HEART T-LIGHT HOLDER,12,2011-05-16 14:19:00,2.95,13650.0,United Kingdom
553386,84879,ASSORTED COLOUR BIRD ORNAMENT,16,2011-05-16 16:22:00,1.69,13381.0,United Kingdom
553386,21212,PACK OF 72 RETROSPOT CAKE CASES,24,2011-05-16 16:22:00,0.55,13381.0,United Kingdom
553387,21212,PACK OF 72 RETROSPOT CAKE CASES,2,2011-05-16 16:33:00,1.25,,United Kingdom
553387,22616,PACK OF 12 LONDON TISSUES ,1,2011-05-16 16:33:00,0.83,,United Kingdom
553387,85123A,WHITE HANGING HEART T-LIGHT HOLDER,6,2011-05-16 16:33:00,2.95,,United Kingdom
553390,85123A,WHITE HANGING HEART T-LIGHT HOLDER,4,2011-05-16 16:41:00,2.95,17841.0,United Kingdom
553392,21212,PACK OF 72 RETROSPOT CAKE CASES,24,2011-05-16 16:44:00,0.55,16131.0,United Kingdom
553393,21212,PACK OF 72 RETROSPOT CAKE CASES,2,2011-05-16 16:46:00,1.25,,United Kingdom
553393,85123A,WHITE HANGING HEART T-LIGHT HOLDER,14,2011-05-16 16:46:00,2.95,,United Kingdom
553410,85123A,WHITE HANGING HEART T-LIGHT HOLDER,12,2011-05-17 09:24:00,2.95,14320.0,United Kingdom
553411,84879,ASSORTED COLOUR BIRD ORNAMENT,32,2011-05-17 09:28:00,1.69,12714.0,France
553412,85123A,WHITE HANGING HEART T-LIGHT HOLDER,6,2011-05-17 09:40:00,2.95,14344.0,United Kingdom
553419,85123A,WHITE HANGING HEART T-LIGHT HOLDER,12,2011-05-17 10:10:00,2.95,16639.0,United Kingdom
553463,85123A,WHITE HANGING HEART T-LIGHT HOLDER,32,2011-05-17 11:02:00,2.55,13488.0,United Kingdom
553472,84879,ASSORTED COLOUR BIRD ORNAMENT,120,2011-05-17 11:28:00,1.69,15093.0,United Kingdom
553476,85123A,WHITE HANGING HEART T-LIGHT HOLDER,6,2011-05-17 11:41:00,2.95,14221.0,United Kingdom
553477,85123A,WHITE HANGING HEART T-LIGHT HOLDER,6,2011-05-17 11:46:00,2.95,14239.0,United Kingdom
553484,85123A,WHITE HANGING HEART T-LIGHT HOLDER,32,2011-05-17 12:21:00,2.55,14513.0,United Kingdom
553487,85123A,WHITE HANGING HEART T-LIGHT HOLDER,4,2011-05-17 12:38:00,2.95,13246.0,United Kingdom
553491,85123A,WHITE HANGING HEART T-LIGHT HOLDER,6,2011-05-17 12:44:00,2.95,15624.0,United Kingdom
553504,85123A,WHITE HANGING HEART T-LIGHT HOLDER,6,2011-05-17 13:26:00,2.95,13310.0,United Kingdom
553504,84879,ASSORTED COLOUR BIRD ORNAMENT,8,2011-05-17 13:26:00,1.69,13310.0,United Kingdom
553509,22616,PACK OF 12 LONDON TISSUES ,12,2011-05-17 13:44:00,0.29,17220.0,United Kingdom
553523,21212,PACK OF 72 RETROSPOT CAKE CASES,14,2011-05-17 14:46:00,2.08,,United Kingdom
553527,84879,ASSORTED COLOUR BIRD ORNAMENT,8,2011-05-17 14:57:00,1.69,15123.0,United Kingdom
553535,21212,PACK OF 72 RETROSPOT CAKE CASES,24,2011-05-17 15:17:00,0.55,,EIRE
553535,85123A,WHITE HANGING HEART T-LIGHT HOLDER,32,2011-05-17 15:17:00,2.55,,EIRE
553538,22616,PACK OF 12 LONDON TISSUES ,12,2011-05-17 15:26:00,0.29,15855.0,United Kingdom
553549,22616,PACK OF 12 LONDON TISSUES ,3,2011-05-17 16:09:00,0.83,,United Kingdom
553549,85123A,WHITE HANGING HEART T-LIGHT HOLDER,2,2011-05-17 16:09:00,5.79,,United Kingdom
553570,84879,ASSORTED COLOUR BIRD ORNAMENT,16,2011-05-18 09:23:00,1.69,13756.0,United Kingdom
553572,84879,ASSORTED COLOUR BIRD ORNAMENT,16,2011-05-18 09:37:00,1.69,18223.0,United Kingdom
553575,84879,ASSORTED COLOUR BIRD ORNAMENT,40,2011-05-18 10:08:00,1.69,18260.0,United Kingdom
553575,21212,PACK OF 72 RETROSPOT CAKE CASES,24,2011-05-18 10:08:00,0.55,18260.0,United Kingdom
553577,21212,PACK OF 72 RETROSPOT CAKE CASES,24,2011-05-18 10:34:00,0.55,12437.0,France
553654,85123A,WHITE HANGING HEART T-LIGHT HOLDER,18,2011-05-18 11:08:00,2.95,13094.0,United Kingdom
553664,85123A,WHITE HANGING HEART T-LIGHT HOLDER,2,2011-05-18 12:15:00,2.95,16906.0,United Kingdom
553678,21212,PACK OF 72 RETROSPOT CAKE CASES,24,2011-05-18 13:00:00,0.55,14009.0,United Kingdom
553679,85123A,WHITE HANGING HEART T-LIGHT HOLDER,12,2011-05-18 13:09:00,2.95,14565.0,United Kingdom
553680,22616,PACK OF 12 LONDON TISSUES ,12,2011-05-18 13:11:00,0.29,13258.0,United Kingdom
553680,85123A,WHITE HANGING HEART T-LIGHT HOLDER,10,2011-05-18 13:11:00,2.95,13258.0,United Kingdom
553685,84879,ASSORTED COLOUR BIRD ORNAMENT,8,2011-05-18 13:56:00,1.69,18097.0,United Kingdom
553686,21212,PACK OF 72 RETROSPOT CAKE CASES,24,2011-05-18 13:58:00,0.55,14911.0,EIRE
553702,85123A,WHITE HANGING HEART T-LIGHT HOLDER,2,2011-05-18 14:50:00,2.95,13263.0,United Kingdom
553703,84879,ASSORTED COLOUR BIRD ORNAMENT,8,2011-05-18 14:57:00,1.69,13192.0,United Kingdom
553709,84879,ASSORTED COLOUR BIRD ORNAMENT,32,2011-05-18 15:29:00,1.69,13767.0,United Kingdom
553710,85123A,WHITE HANGING HEART T-LIGHT HOLDER,6,2011-05-18 15:35:00,2.95,17338.0,United Kingdom
553713,21212,PACK OF 72 RETROSPOT CAKE CASES,120,2011-05-18 15:47:00,0.42,13798.0,United Kingdom
553718,21212,PACK OF 72 RETROSPOT CAKE CASES,1,2011-05-18 16:14:00,1.25,,United Kingdom
553718,84879,ASSORTED COLOUR BIRD ORNAMENT,8,2011-05-18 16:14:00,3.12,,United Kingdom
553718,85123A,WHITE HANGING HEART T-LIGHT HOLDER,11,2011-05-18 16:14:00,2.95,,United Kingdom
553724,84879,ASSORTED COLOUR BIRD ORNAMENT,8,2011-05-18 16:50:00,1.69,17047.0,United Kingdom
553724,85123A,WHITE HANGING HEART T-LIGHT HOLDER,6,2011-05-18 16:50:00,2.95,17047.0,United Kingdom
553725,85123A,WHITE HANGING HEART T-LIGHT HOLDER,6,2011-05-18 16:51:00,2.95,17047.0,United Kingdom
553726,22616,PACK OF 12 LONDON TISSUES ,96,2011-05-18 16:52:00,0.29,16681.0,United Kingdom
553737,21212,PACK OF 72 RETROSPOT CAKE CASES,24,2011-05-19 08:50:00,0.55,15116.0,United Kingdom
553738,84879,ASSORTED COLOUR BIRD ORNAMENT,24,2011-05-19 08:55:00,1.69,17469.0,United Kingdom
553739,85123A,WHITE HANGING HEART T-LIGHT HOLDER,6,2011-05-19 09:23:00,2.95,14895.0,United Kingdom
553747,84879,ASSORTED COLOUR BIRD ORNAMENT,8,2011-05-19 09:47:00,1.69,13627.0,United Kingdom
553749,85123A,WHITE HANGING HEART T-LIGHT HOLDER,18,2011-05-19 09:59:00,2.95,13468.0,United Kingdom
553781,85123A,WHITE HANGING HEART T-LIGHT HOLDER,10,2011-05-19 10:54:00,2.95,16008.0,United Kingdom
553832,21212,PACK OF 72 RETROSPOT CAKE CASES,24,2011-05-19 11:38:00,0.55,12957.0,United Kingdom
553833,85123A,WHITE HANGING HEART T-LIGHT HOLDER,2,2011-05-19 11:41:00,2.95,17346.0,United Kingdom
553836,22616,PACK OF 12 LONDON TISSUES ,24,2011-05-19 12:08:00,0.29,17017.0,United Kingdom
553842,22616,PACK OF 12 LONDON TISSUES ,48,2011-05-19 12:24:00,0.29,12524.0,Germany
553845,85123A,WHITE HANGING HEART T-LIGHT HOLDER,32,2011-05-19 12:38:00,2.55,17675.0,United Kingdom
553850,85123A,WHITE HANGING HEART T-LIGHT HOLDER,12,2011-05-19 12:59:00,2.95,18075.0,United Kingdom
553852,84879,ASSORTED COLOUR BIRD ORNAMENT,16,2011-05-19 13:05:00,1.69,15599.0,United Kingdom
553853,85123A,WHITE HANGING HEART T-LIGHT HOLDER,6,2011-05-19 13:08:00,2.95,16782.0,United Kingdom
553856,21212,PACK OF 72 RETROSPOT CAKE CASES,1,2011-05-19 13:28:00,0.55,16813.0,United Kingdom
553856,21212,PACK OF 72 RETROSPOT CAKE CASES,1,2011-05-19 13:28:00,0.55,16813.0,United Kingdom
553867,22616,PACK OF 12 LONDON TISSUES ,864,2011-05-19 14:19:00,0.25,17306.0,United Kingdom
553890,85123A,WHITE HANGING HEART T-LIGHT HOLDER,9,2011-05-19 16:32:00,2.95,,United Kingdom
553892,85123A,WHITE HANGING HEART T-LIGHT HOLDER,6,2011-05-19 16:56:00,2.95,14825.0,United Kingdom
553913,85123A,WHITE HANGING HEART T-LIGHT HOLDER,7,2011-05-19 19:47:00,2.95,18109.0,United Kingdom
553918,84879,ASSORTED COLOUR BIRD ORNAMENT,16,2011-05-20 08:39:00,1.69,16146.0,United Kingdom
553923,21212,PACK OF 72 RETROSPOT CAKE CASES,24,2011-05-20 09:30:00,0.55,13266.0,United Kingdom
553935,21212,PACK OF 72 RETROSPOT CAKE CASES,4,2011-05-20 10:32:00,0.55,15856.0,United Kingdom
553935,85123A,WHITE HANGING HEART T-LIGHT HOLDER,32,2011-05-20 10:32:00,2.55,15856.0,United Kingdom
553942,84879,ASSORTED COLOUR BIRD ORNAMENT,32,2011-05-20 10:37:00,1.69,18055.0,United Kingdom
553942,85123A,WHITE HANGING HEART T-LIGHT HOLDER,24,2011-05-20 10:37:00,2.95,18055.0,United Kingdom
553946,85123A,WHITE HANGING HEART T-LIGHT HOLDER,12,2011-05-20 10:48:00,2.95,15601.0,United Kingdom
554016,85123A,WHITE HANGING HEART T-LIGHT HOLDER,3,2011-05-20 13:14:00,2.95,13243.0,United Kingdom
554033,84879,ASSORTED COLOUR BIRD ORNAMENT,16,2011-05-20 14:06:00,1.69,16187.0,United Kingdom
554036,84879,ASSORTED COLOUR BIRD ORNAMENT,32,2011-05-20 14:11:00,1.69,13767.0,United Kingdom
554039,84879,ASSORTED COLOUR BIRD ORNAMENT,8,2011-05-20 14:27:00,1.69,15095.0,United Kingdom
554040,84879,ASSORTED COLOUR BIRD ORNAMENT,16,2011-05-20 14:35:00,1.69,15290.0,United Kingdom
554042,84879,ASSORTED COLOUR BIRD ORNAMENT,8,2011-05-20 14:47:00,1.69,15237.0,United Kingdom
554050,84879,ASSORTED COLOUR BIRD ORNAMENT,8,2011-05-20 14:54:00,1.69,18048.0,United Kingdom
554054,21212,PACK OF 72 RETROSPOT CAKE CASES,1,2011-05-20 15:29:00,1.25,,United Kingdom
554054,85123A,WHITE HANGING HEART T-LIGHT HOLDER,21,2011-05-20 15:29:00,2.95,,United Kingdom
554070,84879,ASSORTED COLOUR BIRD ORNAMENT,16,2011-05-22 11:06:00,1.69,13555.0,United Kingdom
554070,85123A,WHITE HANGING HEART T-LIGHT HOLDER,32,2011-05-22 11:06:00,2.55,13555.0,United Kingdom
554075,85123A,WHITE HANGING HEART T-LIGHT HOLDER,12,2011-05-22 11:29:00,2.95,16038.0,United Kingdom
554079,85123A,WHITE HANGING HEART T-LIGHT HOLDER,12,2011-05-22 11:41:00,2.95,14546.0,United Kingdom
554083,85123A,WHITE HANGING HEART T-LIGHT HOLDER,9,2011-05-22 11:51:00,2.95,18125.0,United Kingdom
554084,21212,PACK OF 72 RETROSPOT CAKE CASES,24,2011-05-22 11:52:00,0.55,12909.0,United Kingdom
554089,84879,ASSORTED COLOUR BIRD ORNAMENT,8,2011-05-22 12:16:00,1.69,13527.0,United Kingdom
554090,85123A,WHITE HANGING HEART T-LIGHT HOLDER,3,2011-05-22 12:22:00,2.95,17315.0,United Kingdom
554092,85123A,WHITE HANGING HEART T-LIGHT HOLDER,32,2011-05-22 12:41:00,2.55,17176.0,United Kingdom
554094,85123A,WHITE HANGING HEART T-LIGHT HOLDER,10,2011-05-22 12:49:00,2.95,15716.0,United Kingdom
554094,84879,ASSORTED COLOUR BIRD ORNAMENT,8,2011-05-22 12:49:00,1.69,15716.0,United Kingdom
554098,21212,PACK OF 72 RETROSPOT CAKE CASES,12,2011-05-22 13:01:00,0.55,14769.0,United Kingdom
554098,84879,ASSORTED COLOUR BIRD ORNAMENT,8,2011-05-22 13:01:00,1.69,14769.0,United Kingdom
554099,21212,PACK OF 72 RETROSPOT CAKE CASES,24,2011-05-22 13:20:00,0.55,16341.0,United Kingdom
554102,21212,PACK OF 72 RETROSPOT CAKE CASES,4,2011-05-22 13:40:00,0.55,14647.0,United Kingdom
554103,84879,ASSORTED COLOUR BIRD ORNAMENT,3,2011-05-22 13:51:00,1.69,15555.0,United Kingdom
554103,85123A,WHITE HANGING HEART T-LIGHT HOLDER,2,2011-05-22 13:51:00,2.95,15555.0,United Kingdom
554112,85123A,WHITE HANGING HEART T-LIGHT HOLDER,3,2011-05-22 14:44:00,2.95,17611.0,United Kingdom
554115,85123A,WHITE HANGING HEART T-LIGHT HOLDER,6,2011-05-22 15:03:00,2.95,15938.0,United Kingdom
554117,21212,PACK OF 72 RETROSPOT CAKE CASES,48,2011-05-22 15:12:00,0.55,13758.0,United Kingdom
554117,85123A,WHITE HANGING HEART T-LIGHT HOLDER,32,2011-05-22 15:12:00,2.55,13758.0,United Kingdom
554118,21212,PACK OF 72 RETROSPOT CAKE CASES,24,2011-05-22 15:26:00,0.55,16592.0,United Kingdom
554129,84879,ASSORTED COLOUR BIRD ORNAMENT,8,2011-05-23 09:39:00,1.69,14189.0,United Kingdom
554129,85123A,WHITE HANGING HEART T-LIGHT HOLDER,6,2011-05-23 09:39:00,2.95,14189.0,United Kingdom
554131,84879,ASSORTED COLOUR BIRD ORNAMENT,16,2011-05-23 09:43:00,1.69,13988.0,United Kingdom
554131,85123A,WHITE HANGING HEART T-LIGHT HOLDER,6,2011-05-23 09:43:00,2.95,13988.0,United Kingdom
554134,21212,PACK OF 72 RETROSPOT CAKE CASES,24,2011-05-23 09:48:00,0.55,12583.0,France
554139,84879,ASSORTED COLOUR BIRD ORNAMENT,24,2011-05-23 10:34:00,1.69,14911.0,EIRE
554156,85123A,WHITE HANGING HEART T-LIGHT HOLDER,64,2011-05-23 11:28:00,2.55,13798.0,United Kingdom
554158,21212,PACK OF 72 RETROSPOT CAKE CASES,6,2011-05-23 11:44:00,0.55,15563.0,United Kingdom
554160,21212,PACK OF 72 RETROSPOT CAKE CASES,1,2011-05-23 11:49:00,0.55,17841.0,United Kingdom
554202,21212,PACK OF 72 RETROSPOT CAKE CASES,6,2011-05-23 12:14:00,0.55,13546.0,United Kingdom
554261,84879,ASSORTED COLOUR BIRD ORNAMENT,4,2011-05-23 12:32:00,1.69,16033.0,United Kingdom
554270,84879,ASSORTED COLOUR BIRD ORNAMENT,40,2011-05-23 13:05:00,1.69,15046.0,United Kingdom
554275,84879,ASSORTED COLOUR BIRD ORNAMENT,8,2011-05-23 13:17:00,1.69,14903.0,United Kingdom
554278,85123A,WHITE HANGING HEART T-LIGHT HOLDER,6,2011-05-23 13:25:00,2.95,13831.0,United Kingdom
554280,85123A,WHITE HANGING HEART T-LIGHT HOLDER,12,2011-05-23 13:35:00,2.95,14817.0,United Kingdom
554310,21212,PACK OF 72 RETROSPOT CAKE CASES,2,2011-05-23 15:25:00,1.25,,United Kingdom
554310,85123A,WHITE HANGING HEART T-LIGHT HOLDER,19,2011-05-23 15:25:00,2.95,,United Kingdom
554323,84879,ASSORTED COLOUR BIRD ORNAMENT,16,2011-05-23 15:33:00,1.69,16729.0,United Kingdom
554323,22616,PACK OF 12 LONDON TISSUES ,12,2011-05-23 15:33:00,0.29,16729.0,United Kingdom
554325,21212,PACK OF 72 RETROSPOT CAKE CASES,24,2011-05-23 15:38:00,0.55,12621.0,Germany
554348,85123A,WHITE HANGING HEART T-LIGHT HOLDER,18,2011-05-24 08:49:00,2.95,13523.0,United Kingdom
554348,21212,PACK OF 72 RETROSPOT CAKE CASES,24,2011-05-24 08:49:00,0.55,13523.0,United Kingdom
554349,21212,PACK OF 72 RETROSPOT CAKE CASES,24,2011-05-24 08:49:00,0.55,14191.0,United Kingdom
554351,21212,PACK OF 72 RETROSPOT CAKE CASES,24,2011-05-24 08:53:00,0.55,15132.0,United Kingdom
554353,85123A,WHITE HANGING HEART T-LIGHT HOLDER,32,2011-05-24 09:10:00,2.55,14258.0,United Kingdom
554362,21212,PACK OF 72 RETROSPOT CAKE CASES,1,2011-05-24 10:17:00,0.55,17811.0,United Kingdom
554371,85123A,WHITE HANGING HEART T-LIGHT HOLDER,6,2011-05-24 10:42:00,2.95,17659.0,United Kingdom
554376,85123A,WHITE HANGING HEART T-LIGHT HOLDER,4,2011-05-24 11:31:00,2.95,15719.0,United Kingdom
554379,85123A,WHITE HANGING HEART T-LIGHT HOLDER,32,2011-05-24 11:35:00,2.55,14047.0,United Kingdom
554380,84879,ASSORTED COLOUR BIRD ORNAMENT,24,2011-05-24 11:45:00,1.69,16709.0,United Kingdom
554392,21212,PACK OF 72 RETROSPOT CAKE CASES,1,2011-05-24 12:04:00,0.55,14534.0,United Kingdom
554415,84879,ASSORTED COLOUR BIRD ORNAMENT,16,2011-05-24 12:10:00,1.69,18202.0,United Kingdom
554483,85123A,WHITE HANGING HEART T-LIGHT HOLDER,18,2011-05-24 12:57:00,2.95,13771.0,United Kingdom
554484,84879,ASSORTED COLOUR BIRD ORNAMENT,8,2011-05-24 13:02:00,1.69,13854.0,United Kingdom
554489,22616,PACK OF 12 LONDON TISSUES ,24,2011-05-24 13:46:00,0.29,17272.0,United Kingdom
554490,84879,ASSORTED COLOUR BIRD ORNAMENT,16,2011-05-24 13:50:00,1.69,17058.0,United Kingdom
554492,85123A,WHITE HANGING HEART T-LIGHT HOLDER,20,2011-05-24 13:56:00,2.95,13168.0,United Kingdom
554494,84879,ASSORTED COLOUR BIRD ORNAMENT,16,2011-05-24 14:00:00,1.69,16327.0,United Kingdom
554505,84879,ASSORTED COLOUR BIRD ORNAMENT,16,2011-05-24 15:14:00,1.69,17521.0,United Kingdom
554507,21212,PACK OF 72 RETROSPOT CAKE CASES,24,2011-05-24 15:29:00,0.55,15513.0,United Kingdom
554511,85123A,WHITE HANGING HEART T-LIGHT HOLDER,9,2011-05-24 15:52:00,2.95,,United Kingdom
554512,85123A,WHITE HANGING HEART T-LIGHT HOLDER,1,2011-05-24 15:54:00,5.79,,United Kingdom
554513,22616,PACK OF 12 LONDON TISSUES ,48,2011-05-24 15:56:00,0.29,14057.0,United Kingdom
554514,85123A,WHITE HANGING HEART T-LIGHT HOLDER,4,2011-05-24 15:58:00,2.95,,United Kingdom
554515,84879,ASSORTED COLOUR BIRD ORNAMENT,4,2011-05-24 16:25:00,1.69,15042.0,United Kingdom
554549,84879,ASSORTED COLOUR BIRD ORNAMENT,16,2011-05-25 09:57:00,1.69,12747.0,United Kingdom
554557,84879,ASSORTED COLOUR BIRD ORNAMENT,8,2011-05-25 10:12:00,1.69,15804.0,United Kingdom
554598,85123A,WHITE HANGING HEART T-LIGHT HOLDER,4,2011-05-25 11:12:00,2.95,13263.0,United Kingdom
554636,21212,PACK OF 72 RETROSPOT CAKE CASES,24,2011-05-25 11:52:00,0.55,16763.0,United Kingdom
554646,85123A,WHITE HANGING HEART T-LIGHT HOLDER,10,2011-05-25 12:39:00,2.95,17790.0,United Kingdom
554656,85123A,WHITE HANGING HEART T-LIGHT HOLDER,6,2011-05-25 13:36:00,2.95,17663.0,United Kingdom
554667,85123A,WHITE HANGING HEART T-LIGHT HOLDER,24,2011-05-25 15:18:00,2.95,15727.0,United Kingdom
554672,85123A,WHITE HANGING HEART T-LIGHT HOLDER,12,2011-05-25 15:54:00,2.95,14415.0,United Kingdom
554682,84879,ASSORTED COLOUR BIRD ORNAMENT,5,2011-05-25 16:08:00,1.69,14085.0,United Kingdom
554684,85123A,WHITE HANGING HEART T-LIGHT HOLDER,12,2011-05-25 16:28:00,2.95,16448.0,United Kingdom
554694,21212,PACK OF 72 RETROSPOT CAKE CASES,3,2011-05-25 17:06:00,1.25,,United Kingdom
554707,84879,ASSORTED COLOUR BIRD ORNAMENT,40,2011-05-26 10:15:00,1.69,14101.0,United Kingdom
554718,84879,ASSORTED COLOUR BIRD ORNAMENT,8,2011-05-26 11:16:00,1.69,12942.0,United Kingdom
554770,85123A,WHITE HANGING HEART T-LIGHT HOLDER,6,2011-05-26 11:40:00,2.95,14911.0,EIRE
554795,85123A,WHITE HANGING HEART T-LIGHT HOLDER,6,2011-05-26 12:46:00,2.95,14210.0,United Kingdom
554808,84879,ASSORTED COLOUR BIRD ORNAMENT,8,2011-05-26 13:01:00,1.69,17059.0,United Kingdom
554809,84879,ASSORTED COLOUR BIRD ORNAMENT,24,2011-05-26 13:13:00,1.69,16838.0,United Kingdom
554812,85123A,WHITE HANGING HEART T-LIGHT HOLDER,2,2011-05-26 13:21:00,2.95,15005.0,United Kingdom
554814,85123A,WHITE HANGING HEART T-LIGHT HOLDER,12,2011-05-26 13:34:00,2.95,16609.0,United Kingdom
554823,85123A,WHITE HANGING HEART T-LIGHT HOLDER,10,2011-05-26 14:20:00,2.95,16624.0,United Kingdom
554827,84879,ASSORTED COLOUR BIRD ORNAMENT,160,2011-05-26 15:19:00,1.45,14646.0,Netherlands
554832,21212,PACK OF 72 RETROSPOT CAKE CASES,24,2011-05-26 15:30:00,0.55,16092.0,United Kingdom
554836,84879,ASSORTED COLOUR BIRD ORNAMENT,16,2011-05-26 16:25:00,1.69,13015.0,United Kingdom
554837,84879,ASSORTED COLOUR BIRD ORNAMENT,8,2011-05-26 16:30:00,1.69,14584.0,United Kingdom
554837,85123A,WHITE HANGING HEART T-LIGHT HOLDER,3,2011-05-26 16:30:00,2.95,14584.0,United Kingdom
554842,85123A,WHITE HANGING HEART T-LIGHT HOLDER,6,2011-05-26 18:17:00,2.95,14740.0,United Kingdom
554845,85123A,WHITE HANGING HEART T-LIGHT HOLDER,608,2011-05-26 19:49:00,3.24,17450.0,United Kingdom
554854,21212,PACK OF 72 RETROSPOT CAKE CASES,24,2011-05-27 09:39:00,0.55,16369.0,United Kingdom
554860,84879,ASSORTED COLOUR BIRD ORNAMENT,8,2011-05-27 10:20:00,1.69,15249.0,United Kingdom
554866,84879,ASSORTED COLOUR BIRD ORNAMENT,8,2011-05-27 10:41:00,1.69,13488.0,United Kingdom
554933,21212,PACK OF 72 RETROSPOT CAKE CASES,10,2011-05-27 13:26:00,0.55,13232.0,United Kingdom
554937,85123A,WHITE HANGING HEART T-LIGHT HOLDER,10,2011-05-27 13:32:00,2.95,15402.0,United Kingdom
554938,21212,PACK OF 72 RETROSPOT CAKE CASES,24,2011-05-27 13:34:00,0.55,12876.0,Belgium
554949,85123A,WHITE HANGING HEART T-LIGHT HOLDER,12,2011-05-27 14:44:00,2.95,14092.0,United Kingdom
554956,21212,PACK OF 72 RETROSPOT CAKE CASES,54,2011-05-27 15:17:00,2.08,,United Kingdom
554963,21212,PACK OF 72 RETROSPOT CAKE CASES,24,2011-05-27 15:32:00,0.55,14625.0,United Kingdom
554976,84879,ASSORTED COLOUR BIRD ORNAMENT,32,2011-05-29 10:57:00,1.69,15046.0,United Kingdom
554979,85123A,WHITE HANGING HEART T-LIGHT HOLDER,6,2011-05-29 11:34:00,2.95,16931.0,United Kingdom
554981,85123A,WHITE HANGING HEART T-LIGHT HOLDER,2,2011-05-29 12:06:00,2.95,17613.0,United Kingdom
554981,84879,ASSORTED COLOUR BIRD ORNAMENT,8,2011-05-29 12:06:00,1.69,17613.0,United Kingdom
554986,85123A,WHITE HANGING HEART T-LIGHT HOLDER,3,2011-05-29 12:35:00,2.95,14451.0,United Kingdom
554991,85123A,WHITE HANGING HEART T-LIGHT HOLDER,1,2011-05-29 14:03:00,2.95,14823.0,United Kingdom
554993,85123A,WHITE HANGING HEART T-LIGHT HOLDER,3,2011-05-29 14:13:00,2.95,17051.0,United Kingdom
554993,21212,PACK OF 72 RETROSPOT CAKE CASES,12,2011-05-29 14:13:00,0.55,17051.0,United Kingdom
554995,85123A,WHITE HANGING HEART T-LIGHT HOLDER,3,2011-05-29 14:23:00,2.95,18109.0,United Kingdom
554996,85123A,WHITE HANGING HEART T-LIGHT HOLDER,2,2011-05-29 14:28:00,2.95,16407.0,United Kingdom
554999,85123A,WHITE HANGING HEART T-LIGHT HOLDER,6,2011-05-29 15:44:00,2.95,15547.0,United Kingdom
555002,84879,ASSORTED COLOUR BIRD ORNAMENT,8,2011-05-31 08:50:00,1.69,17682.0,United Kingdom
555002,85123A,WHITE HANGING HEART T-LIGHT HOLDER,6,2011-05-31 08:50:00,2.95,17682.0,United Kingdom
555012,84879,ASSORTED COLOUR BIRD ORNAMENT,32,2011-05-31 10:43:00,1.69,16814.0,United Kingdom
555075,85123A,WHITE HANGING HEART T-LIGHT HOLDER,150,2011-05-31 12:05:00,2.55,16013.0,United Kingdom
555076,84879,ASSORTED COLOUR BIRD ORNAMENT,8,2011-05-31 12:11:00,1.69,13900.0,United Kingdom
555094,21212,PACK OF 72 RETROSPOT CAKE CASES,24,2011-05-31 13:17:00,0.55,13398.0,United Kingdom
555095,84879,ASSORTED COLOUR BIRD ORNAMENT,40,2011-05-31 13:32:00,1.69,12540.0,Spain
555108,85123A,WHITE HANGING HEART T-LIGHT HOLDER,6,2011-05-31 14:18:00,2.95,18231.0,United Kingdom
555109,21212,PACK OF 72 RETROSPOT CAKE CASES,1,2011-05-31 14:19:00,0.55,16023.0,United Kingdom
555110,22616,PACK OF 12 LONDON TISSUES ,1,2011-05-31 14:34:00,0.29,17841.0,United Kingdom
555110,85123A,WHITE HANGING HEART T-LIGHT HOLDER,2,2011-05-31 14:34:00,2.95,17841.0,United Kingdom
555110,22616,PACK OF 12 LONDON TISSUES ,1,2011-05-31 14:34:00,0.29,17841.0,United Kingdom
555114,85123A,WHITE HANGING HEART T-LIGHT HOLDER,4,2011-05-31 14:55:00,2.95,13571.0,United Kingdom
555115,21212,PACK OF 72 RETROSPOT CAKE CASES,18,2011-05-31 14:58:00,2.08,,United Kingdom
555133,84879,ASSORTED COLOUR BIRD ORNAMENT,16,2011-05-31 15:32:00,1.69,16810.0,United Kingdom
555149,21212,PACK OF 72 RETROSPOT CAKE CASES,4,2011-05-31 15:49:00,1.25,,United Kingdom
555150,22616,PACK OF 12 LONDON TISSUES ,12,2011-05-31 15:53:00,0.83,,United Kingdom
555158,84879,ASSORTED COLOUR BIRD ORNAMENT,8,2011-06-01 08:38:00,1.69,14842.0,United Kingdom
555162,84879,ASSORTED COLOUR BIRD ORNAMENT,16,2011-06-01 10:15:00,1.69,12473.0,Germany
555195,85123A,WHITE HANGING HEART T-LIGHT HOLDER,6,2011-06-01 11:27:00,2.95,15240.0,United Kingdom
555199,85123A,WHITE HANGING HEART T-LIGHT HOLDER,1,2011-06-01 12:05:00,2.95,14606.0,United Kingdom
555201,21212,PACK OF 72 RETROSPOT CAKE CASES,24,2011-06-01 12:10:00,0.55,16969.0,United Kingdom
555203,85123A,WHITE HANGING HEART T-LIGHT HOLDER,6,2011-06-01 12:13:00,2.95,17191.0,United Kingdom
555242,84879,ASSORTED COLOUR BIRD ORNAMENT,24,2011-06-01 13:40:00,1.69,16424.0,United Kingdom
555243,85123A,WHITE HANGING HEART T-LIGHT HOLDER,6,2011-06-01 13:52:00,2.95,13475.0,United Kingdom
555249,85123A,WHITE HANGING HEART T-LIGHT HOLDER,3,2011-06-01 14:57:00,2.95,17472.0,United Kingdom
555257,22616,PACK OF 12 LONDON TISSUES ,2,2011-06-01 15:28:00,0.29,17596.0,United Kingdom
555260,85123A,WHITE HANGING HEART T-LIGHT HOLDER,2,2011-06-01 15:34:00,2.95,13263.0,United Kingdom
555275,85123A,WHITE HANGING HEART T-LIGHT HOLDER,2,2011-06-01 17:18:00,5.79,,United Kingdom
555275,84879,ASSORTED COLOUR BIRD ORNAMENT,16,2011-06-01 17:18:00,1.69,,United Kingdom
555276,21212,PACK OF 72 RETROSPOT CAKE CASES,1,2011-06-01 17:28:00,1.25,,United Kingdom
555276,85123A,WHITE HANGING HEART T-LIGHT HOLDER,1,2011-06-01 17:28:00,5.79,,United Kingdom
555277,22616,PACK OF 12 LONDON TISSUES ,4,2011-06-01 17:30:00,0.83,,United Kingdom
555277,85123A,WHITE HANGING HEART T-LIGHT HOLDER,2,2011-06-01 17:30:00,5.79,,United Kingdom
555280,84879,ASSORTED COLOUR BIRD ORNAMENT,8,2011-06-02 09:02:00,1.69,17162.0,United Kingdom
555282,21212,PACK OF 72 RETROSPOT CAKE CASES,24,2011-06-02 09:04:00,0.55,12709.0,Germany
555289,21212,PACK OF 72 RETROSPOT CAKE CASES,24,2011-06-02 10:00:00,0.55,15078.0,United Kingdom
555340,22616,PACK OF 12 LONDON TISSUES ,12,2011-06-02 11:33:00,0.29,13334.0,United Kingdom
555340,85123A,WHITE HANGING HEART T-LIGHT HOLDER,1,2011-06-02 11:33:00,2.95,13334.0,United Kingdom
555349,84879,ASSORTED COLOUR BIRD ORNAMENT,8,2011-06-02 12:08:00,1.69,16729.0,United Kingdom
555349,85123A,WHITE HANGING HEART T-LIGHT HOLDER,2,2011-06-02 12:08:00,2.95,16729.0,United Kingdom
555350,85123A,WHITE HANGING HEART T-LIGHT HOLDER,6,2011-06-02 12:08:00,2.95,17652.0,United Kingdom
555368,84879,ASSORTED COLOUR BIRD ORNAMENT,8,2011-06-02 14:30:00,1.69,13437.0,United Kingdom
555368,21212,PACK OF 72 RETROSPOT CAKE CASES,24,2011-06-02 14:30:00,0.55,13437.0,United Kingdom
555382,85123A,WHITE HANGING HEART T-LIGHT HOLDER,320,2011-06-02 14:46:00,2.55,17133.0,United Kingdom
555383,21212,PACK OF 72 RETROSPOT CAKE CASES,6,2011-06-02 15:13:00,0.55,12517.0,Germany
555393,84879,ASSORTED COLOUR BIRD ORNAMENT,8,2011-06-02 17:00:00,1.69,14221.0,United Kingdom
555396,85123A,WHITE HANGING HEART T-LIGHT HOLDER,10,2011-06-02 17:23:00,2.95,16529.0,United Kingdom
555397,85123A,WHITE HANGING HEART T-LIGHT HOLDER,2,2011-06-02 17:26:00,5.79,,United Kingdom
555405,85123A,WHITE HANGING HEART T-LIGHT HOLDER,12,2011-06-02 19:17:00,2.95,17531.0,United Kingdom
555406,84879,ASSORTED COLOUR BIRD ORNAMENT,16,2011-06-02 19:50:00,1.69,17231.0,United Kingdom
555406,84879,ASSORTED COLOUR BIRD ORNAMENT,8,2011-06-02 19:50:00,1.69,17231.0,United Kingdom
555408,84879,ASSORTED COLOUR BIRD ORNAMENT,16,2011-06-03 08:54:00,1.69,13294.0,United Kingdom
555414,85123A,WHITE HANGING HEART T-LIGHT HOLDER,12,2011-06-03 10:06:00,2.95,16230.0,United Kingdom
555418,85123A,WHITE HANGING HEART T-LIGHT HOLDER,12,2011-06-03 10:19:00,2.95,15498.0,United Kingdom
555471,85123A,WHITE HANGING HEART T-LIGHT HOLDER,5,2011-06-03 11:42:00,2.95,16117.0,United Kingdom
555493,84879,ASSORTED COLOUR BIRD ORNAMENT,32,2011-06-03 14:26:00,1.69,13695.0,United Kingdom
555499,84879,ASSORTED COLOUR BIRD ORNAMENT,8,2011-06-03 15:31:00,1.69,15812.0,United Kingdom
555507,84879,ASSORTED COLOUR BIRD ORNAMENT,8,2011-06-03 16:39:00,1.69,16186.0,United Kingdom
555510,21212,PACK OF 72 RETROSPOT CAKE CASES,3,2011-06-03 17:09:00,1.25,,United Kingdom
555514,85123A,WHITE HANGING HEART T-LIGHT HOLDER,6,2011-06-05 10:41:00,2.95,17071.0,United Kingdom
555515,84879,ASSORTED COLOUR BIRD ORNAMENT,16,2011-06-05 10:47:00,1.69,17690.0,United Kingdom
555516,85123A,WHITE HANGING HEART T-LIGHT HOLDER,4,2011-06-05 10:50:00,2.95,17706.0,United Kingdom
555518,22616,PACK OF 12 LONDON TISSUES ,48,2011-06-05 10:58:00,0.29,14891.0,United Kingdom
555522,85123A,WHITE HANGING HEART T-LIGHT HOLDER,6,2011-06-05 11:29:00,2.95,15796.0,United Kingdom
555524,85123A,WHITE HANGING HEART T-LIGHT HOLDER,2,2011-06-05 11:37:00,2.95,16923.0,United Kingdom
555537,85123A,WHITE HANGING HEART T-LIGHT HOLDER,2,2011-06-05 12:37:00,2.95,15453.0,United Kingdom
555539,84879,ASSORTED COLOUR BIRD ORNAMENT,8,2011-06-05 12:44:00,1.69,14472.0,United Kingdom
555543,84879,ASSORTED COLOUR BIRD ORNAMENT,40,2011-06-05 12:59:00,1.69,13089.0,United Kingdom
555545,21212,PACK OF 72 RETROSPOT CAKE CASES,24,2011-06-05 13:08:00,0.55,17735.0,United Kingdom
555549,85123A,WHITE HANGING HEART T-LIGHT HOLDER,8,2011-06-05 13:24:00,2.95,13637.0,United Kingdom
555556,85123A,WHITE HANGING HEART T-LIGHT HOLDER,18,2011-06-05 14:04:00,2.95,15704.0,United Kingdom
555556,84879,ASSORTED COLOUR BIRD ORNAMENT,32,2011-06-05 14:04:00,1.69,15704.0,United Kingdom
555558,21212,PACK OF 72 RETROSPOT CAKE CASES,1,2011-06-05 14:06:00,0.55,14159.0,United Kingdom
555558,85123A,WHITE HANGING HEART T-LIGHT HOLDER,2,2011-06-05 14:06:00,2.95,14159.0,United Kingdom
555568,21212,PACK OF 72 RETROSPOT CAKE CASES,3,2011-06-05 15:25:00,0.55,17589.0,United Kingdom
555570,21212,PACK OF 72 RETROSPOT CAKE CASES,24,2011-06-05 15:36:00,0.55,15152.0,United Kingdom
555573,85123A,WHITE HANGING HEART T-LIGHT HOLDER,1,2011-06-05 15:46:00,2.95,15349.0,United Kingdom
555575,21212,PACK OF 72 RETROSPOT CAKE CASES,24,2011-06-05 15:47:00,0.55,14466.0,United Kingdom
555581,84879,ASSORTED COLOUR BIRD ORNAMENT,8,2011-06-06 08:04:00,1.69,13865.0,United Kingdom
555588,85123A,WHITE HANGING HEART T-LIGHT HOLDER,6,2011-06-06 09:16:00,2.95,16849.0,United Kingdom
555602,84879,ASSORTED COLOUR BIRD ORNAMENT,8,2011-06-06 11:26:00,1.69,16235.0,United Kingdom
555604,85123A,WHITE HANGING HEART T-LIGHT HOLDER,6,2011-06-06 11:37:00,2.95,16612.0,United Kingdom
555626,85123A,WHITE HANGING HEART T-LIGHT HOLDER,12,2011-06-06 11:55:00,2.95,16103.0,United Kingdom
555628,85123A,WHITE HANGING HEART T-LIGHT HOLDER,12,2011-06-06 11:59:00,2.95,15260.0,United Kingdom
555632,85123A,WHITE HANGING HEART T-LIGHT HOLDER,32,2011-06-06 12:16:00,2.55,13798.0,United Kingdom
555634,84879,ASSORTED COLOUR BIRD ORNAMENT,24,2011-06-06 12:29:00,1.69,13319.0,United Kingdom
555640,85123A,WHITE HANGING HEART T-LIGHT HOLDER,6,2011-06-06 13:06:00,2.95,14475.0,United Kingdom
555642,85123A,WHITE HANGING HEART T-LIGHT HOLDER,6,2011-06-06 13:18:00,2.95,18248.0,United Kingdom
555642,21212,PACK OF 72 RETROSPOT CAKE CASES,24,2011-06-06 13:18:00,0.55,18248.0,United Kingdom
555644,84879,ASSORTED COLOUR BIRD ORNAMENT,16,2011-06-06 13:24:00,1.69,16520.0,United Kingdom
555702,84879,ASSORTED COLOUR BIRD ORNAMENT,8,2011-06-06 14:35:00,1.69,14201.0,United Kingdom
555704,85123A,WHITE HANGING HEART T-LIGHT HOLDER,24,2011-06-06 15:06:00,2.95,14944.0,United Kingdom
555704,21212,PACK OF 72 RETROSPOT CAKE CASES,24,2011-06-06 15:06:00,0.55,14944.0,United Kingdom
555705,85123A,WHITE HANGING HEART T-LIGHT HOLDER,4,2011-06-06 15:24:00,2.95,14713.0,United Kingdom
555743,84879,ASSORTED COLOUR BIRD ORNAMENT,8,2011-06-07 10:42:00,1.69,12868.0,United Kingdom
555745,85123A,WHITE HANGING HEART T-LIGHT HOLDER,6,2011-06-07 10:46:00,2.95,14462.0,United Kingdom
555798,21212,PACK OF 72 RETROSPOT CAKE CASES,120,2011-06-07 11:32:00,0.42,16422.0,United Kingdom
555808,84879,ASSORTED COLOUR BIRD ORNAMENT,8,2011-06-07 11:39:00,1.69,14867.0,United Kingdom
555845,84879,ASSORTED COLOUR BIRD ORNAMENT,4,2011-06-07 13:19:00,1.69,17015.0,United Kingdom
555845,21212,PACK OF 72 RETROSPOT CAKE CASES,2,2011-06-07 13:19:00,0.55,17015.0,United Kingdom
555848,84879,ASSORTED COLOUR BIRD ORNAMENT,16,2011-06-07 13:31:00,1.69,16081.0,United Kingdom
555848,85123A,WHITE HANGING HEART T-LIGHT HOLDER,12,2011-06-07 13:31:00,2.95,16081.0,United Kingdom
555851,84879,ASSORTED COLOUR BIRD ORNAMENT,8,2011-06-07 13:37:00,1.69,13050.0,United Kingdom
555858,21212,PACK OF 72 RETROSPOT CAKE CASES,24,2011-06-07 14:12:00,0.55,14911.0,EIRE
555865,85123A,WHITE HANGING HEART T-LIGHT HOLDER,5,2011-06-07 14:30:00,2.95,14530.0,United Kingdom
555876,21212,PACK OF 72 RETROSPOT CAKE CASES,24,2011-06-07 15:28:00,0.55,15799.0,United Kingdom
555896,85123A,WHITE HANGING HEART T-LIGHT HOLDER,32,2011-06-07 16:04:00,2.55,15640.0,United Kingdom
555923,21212,PACK OF 72 RETROSPOT CAKE CASES,1,2011-06-07 17:09:00,1.25,,United Kingdom
555923,22616,PACK OF 12 LONDON TISSUES ,14,2011-06-07 17:09:00,0.83,,United Kingdom
555924,85123A,WHITE HANGING HEART T-LIGHT HOLDER,1,2011-06-07 17:12:00,5.79,,United Kingdom
555924,21212,PACK OF 72 RETROSPOT CAKE CASES,1,2011-06-07 17:12:00,1.25,,United Kingdom
555925,21212,PACK OF 72 RETROSPOT CAKE CASES,1,2011-06-07 17:13:00,1.25,,United Kingdom
555929,85123A,WHITE HANGING HEART T-LIGHT HOLDER,32,2011-06-08 08:12:00,2.55,16525.0,United Kingdom
555931,85123A,WHITE HANGING HEART T-LIGHT HOLDER,6,2011-06-08 08:31:00,2.95,17828.0,Malta
555947,85123A,WHITE HANGING HEART T-LIGHT HOLDER,32,2011-06-08 10:45:00,2.55,14911.0,EIRE
555949,21212,PACK OF 72 RETROSPOT CAKE CASES,24,2011-06-08 10:50:00,0.55,16626.0,United Kingdom
556017,21212,PACK OF 72 RETROSPOT CAKE CASES,24,2011-06-08 11:56:00,0.55,15382.0,United Kingdom
556042,85123A,WHITE HANGING HEART T-LIGHT HOLDER,32,2011-06-08 12:44:00,2.55,14367.0,United Kingdom
556063,21212,PACK OF 72 RETROSPOT CAKE CASES,1,2011-06-08 14:09:00,0.55,14587.0,United Kingdom
556071,84879,ASSORTED COLOUR BIRD ORNAMENT,16,2011-06-08 14:52:00,1.69,15974.0,United Kingdom
556080,21212,PACK OF 72 RETROSPOT CAKE CASES,51,2011-06-08 15:21:00,2.08,,United Kingdom
556100,84879,ASSORTED COLOUR BIRD ORNAMENT,80,2011-06-08 16:00:00,1.69,15238.0,United Kingdom
556104,21212,PACK OF 72 RETROSPOT CAKE CASES,24,2011-06-08 16:34:00,0.55,13875.0,United Kingdom
556106,22616,PACK OF 12 LONDON TISSUES ,6,2011-06-08 16:54:00,0.29,14056.0,United Kingdom
556107,85123A,WHITE HANGING HEART T-LIGHT HOLDER,2,2011-06-08 17:09:00,2.95,17360.0,United Kingdom
556107,85123A,WHITE HANGING HEART T-LIGHT HOLDER,4,2011-06-08 17:09:00,2.95,17360.0,United Kingdom
556107,84879,ASSORTED COLOUR BIRD ORNAMENT,8,2011-06-08 17:09:00,1.69,17360.0,United Kingdom
556108,22616,PACK OF 12 LONDON TISSUES ,1,2011-06-08 17:59:00,0.83,,United Kingdom
556108,85123A,WHITE HANGING HEART T-LIGHT HOLDER,1,2011-06-08 17:59:00,2.95,,United Kingdom
556139,84879,ASSORTED COLOUR BIRD ORNAMENT,8,2011-06-09 11:05:00,1.69,14231.0,United Kingdom
556188,21212,PACK OF 72 RETROSPOT CAKE CASES,2,2011-06-09 11:49:00,0.55,,United Kingdom
556191,84879,ASSORTED COLOUR BIRD ORNAMENT,16,2011-06-09 12:02:00,1.69,14501.0,United Kingdom
556204,85123A,WHITE HANGING HEART T-LIGHT HOLDER,6,2011-06-09 13:16:00,2.95,17169.0,United Kingdom
556214,21212,PACK OF 72 RETROSPOT CAKE CASES,24,2011-06-09 14:14:00,0.55,14913.0,United Kingdom
556231,85123A,?,4000,2011-06-09 15:04:00,0.0,,United Kingdom
556235,21212,PACK OF 72 RETROSPOT CAKE CASES,24,2011-06-09 15:29:00,0.55,12778.0,Netherlands
556237,21212,PACK OF 72 RETROSPOT CAKE CASES,1,2011-06-09 15:34:00,1.25,,United Kingdom
556241,21212,PACK OF 72 RETROSPOT CAKE CASES,24,2011-06-09 16:04:00,0.55,12597.0,Spain
556243,22616,PACK OF 12 LONDON TISSUES ,1,2011-06-09 16:07:00,0.83,,United Kingdom
556243,85123A,WHITE HANGING HEART T-LIGHT HOLDER,1,2011-06-09 16:07:00,5.79,,United Kingdom
556246,21212,PACK OF 72 RETROSPOT CAKE CASES,1,2011-06-09 16:16:00,0.55,16113.0,United Kingdom
556257,21212,PACK OF 72 RETROSPOT CAKE CASES,2,2011-06-09 17:47:00,0.55,17576.0,United Kingdom
556271,85123A,WHITE HANGING HEART T-LIGHT HOLDER,6,2011-06-09 19:40:00,2.95,17483.0,United Kingdom
556280,85123A,WHITE HANGING HEART T-LIGHT HOLDER,2,2011-06-09 20:03:00,2.95,14584.0,United Kingdom
556280,84879,ASSORTED COLOUR BIRD ORNAMENT,8,2011-06-09 20:03:00,1.69,14584.0,United Kingdom
556283,85123A,WHITE HANGING HEART T-LIGHT HOLDER,12,2011-06-10 08:50:00,2.95,15628.0,United Kingdom
556284,85123A,WHITE HANGING HEART T-LIGHT HOLDER,12,2011-06-10 08:54:00,2.95,17115.0,United Kingdom
556290,84879,ASSORTED COLOUR BIRD ORNAMENT,8,2011-06-10 09:23:00,1.69,17088.0,United Kingdom
556296,21212,PACK OF 72 RETROSPOT CAKE CASES,24,2011-06-10 09:44:00,0.55,15114.0,United Kingdom
556330,85123A,WHITE HANGING HEART T-LIGHT HOLDER,6,2011-06-10 11:29:00,2.95,17797.0,United Kingdom
556365,21212,PACK OF 72 RETROSPOT CAKE CASES,4,2011-06-10 11:44:00,0.55,16370.0,United Kingdom
556365,85123A,WHITE HANGING HEART T-LIGHT HOLDER,2,2011-06-10 11:44:00,2.95,16370.0,United Kingdom
556415,21212,PACK OF 72 RETROSPOT CAKE CASES,120,2011-06-10 12:19:00,0.42,12409.0,Switzerland
556426,84879,ASSORTED COLOUR BIRD ORNAMENT,8,2011-06-10 13:18:00,1.69,16729.0,United Kingdom
556426,85123A,WHITE HANGING HEART T-LIGHT HOLDER,3,2011-06-10 13:18:00,2.95,16729.0,United Kingdom
556432,84879,ASSORTED COLOUR BIRD ORNAMENT,24,2011-06-10 13:59:00,1.69,16184.0,United Kingdom
556433,21212,PACK OF 72 RETROSPOT CAKE CASES,12,2011-06-10 14:01:00,2.08,,United Kingdom
556455,85123A,WHITE HANGING HEART T-LIGHT HOLDER,32,2011-06-10 16:46:00,2.55,15856.0,United Kingdom
556459,85123A,WHITE HANGING HEART T-LIGHT HOLDER,1,2011-06-10 17:25:00,5.79,,United Kingdom
556460,21212,PACK OF 72 RETROSPOT CAKE CASES,24,2011-06-12 09:56:00,0.55,14276.0,United Kingdom
556470,84879,ASSORTED COLOUR BIRD ORNAMENT,8,2011-06-12 11:41:00,1.69,15291.0,United Kingdom
556471,85123A,WHITE HANGING HEART T-LIGHT HOLDER,6,2011-06-12 11:47:00,2.95,16466.0,United Kingdom
556473,22616,PACK OF 12 LONDON TISSUES ,12,2011-06-12 12:00:00,0.29,17265.0,United Kingdom
556473,85123A,WHITE HANGING HEART T-LIGHT HOLDER,2,2011-06-12 12:00:00,2.95,17265.0,United Kingdom
556473,85123A,WHITE HANGING HEART T-LIGHT HOLDER,1,2011-06-12 12:00:00,2.95,17265.0,United Kingdom
556474,21212,PACK OF 72 RETROSPOT CAKE CASES,1,2011-06-12 12:01:00,0.55,16007.0,United Kingdom
556475,85123A,WHITE HANGING HEART T-LIGHT HOLDER,3,2011-06-12 12:03:00,2.95,18109.0,United Kingdom
556484,85123A,WHITE HANGING HEART T-LIGHT HOLDER,10,2011-06-12 13:17:00,2.95,16938.0,United Kingdom
556484,21212,PACK OF 72 RETROSPOT CAKE CASES,5,2011-06-12 13:17:00,0.55,16938.0,United Kingdom
556487,85123A,WHITE HANGING HEART T-LIGHT HOLDER,5,2011-06-12 13:51:00,2.95,17289.0,United Kingdom
556494,21212,PACK OF 72 RETROSPOT CAKE CASES,6,2011-06-12 14:57:00,0.55,17802.0,United Kingdom
556494,22616,PACK OF 12 LONDON TISSUES ,12,2011-06-12 14:57:00,0.29,17802.0,United Kingdom
556495,85123A,WHITE HANGING HEART T-LIGHT HOLDER,6,2011-06-12 15:14:00,2.95,18069.0,United Kingdom
556503,85123A,WHITE HANGING HEART T-LIGHT HOLDER,12,2011-06-13 08:44:00,2.95,13517.0,United Kingdom
556505,22616,PACK OF 12 LONDON TISSUES ,504,2011-06-13 09:43:00,0.29,17381.0,United Kingdom
556507,84879,ASSORTED COLOUR BIRD ORNAMENT,16,2011-06-13 09:55:00,1.69,12567.0,France
556520,85123A,WHITE HANGING HEART T-LIGHT HOLDER,2,2011-06-13 11:10:00,2.95,14177.0,United Kingdom
556632,85123A,WHITE HANGING HEART T-LIGHT HOLDER,2,2011-06-13 15:09:00,2.95,16987.0,United Kingdom
556636,85123A,WHITE HANGING HEART T-LIGHT HOLDER,1,2011-06-13 15:30:00,5.79,,United Kingdom
556671,21212,PACK OF 72 RETROSPOT CAKE CASES,1,2011-06-13 16:33:00,0.55,17841.0,United Kingdom
556727,85123A,WHITE HANGING HEART T-LIGHT HOLDER,32,2011-06-14 11:33:00,2.55,17675.0,United Kingdom
556731,85123A,WHITE HANGING HEART T-LIGHT HOLDER,6,2011-06-14 11:41:00,2.95,18283.0,United Kingdom
556732,21212,PACK OF 72 RETROSPOT CAKE CASES,1,2011-06-14 11:47:00,0.55,15039.0,United Kingdom
556734,21212,PACK OF 72 RETROSPOT CAKE CASES,24,2011-06-14 12:00:00,0.55,13476.0,United Kingdom
556768,85123A,WHITE HANGING HEART T-LIGHT HOLDER,8,2011-06-14 12:21:00,2.95,17243.0,United Kingdom
556780,85123A,WHITE HANGING HEART T-LIGHT HOLDER,3,2011-06-14 12:46:00,2.95,14524.0,United Kingdom
556781,84879,ASSORTED COLOUR BIRD ORNAMENT,36,2011-06-14 12:47:00,1.69,13384.0,United Kingdom
556784,84879,ASSORTED COLOUR BIRD ORNAMENT,16,2011-06-14 13:15:00,1.69,14461.0,United Kingdom
556803,21212,PACK OF 72 RETROSPOT CAKE CASES,10,2011-06-14 14:57:00,2.08,,United Kingdom
556812,21212,PACK OF 72 RETROSPOT CAKE CASES,2,2011-06-14 17:25:00,1.25,,United Kingdom
556813,85123A,WHITE HANGING HEART T-LIGHT HOLDER,1,2011-06-14 17:28:00,5.79,,United Kingdom
556813,21212,PACK OF 72 RETROSPOT CAKE CASES,1,2011-06-14 17:28:00,1.25,,United Kingdom
556815,85123A,WHITE HANGING HEART T-LIGHT HOLDER,12,2011-06-15 08:36:00,2.95,14852.0,United Kingdom
556815,84879,ASSORTED COLOUR BIRD ORNAMENT,24,2011-06-15 08:36:00,1.69,14852.0,United Kingdom
556822,21212,PACK OF 72 RETROSPOT CAKE CASES,24,2011-06-15 10:22:00,0.55,17155.0,United Kingdom
556828,22616,PACK OF 12 LONDON TISSUES ,24,2011-06-15 10:39:00,0.29,17284.0,United Kingdom
556845,21212,PACK OF 72 RETROSPOT CAKE CASES,120,2011-06-15 11:30:00,0.42,17511.0,United Kingdom
556845,85123A,WHITE HANGING HEART T-LIGHT HOLDER,64,2011-06-15 11:30:00,2.55,17511.0,United Kingdom
556876,85123A,WHITE HANGING HEART T-LIGHT HOLDER,2,2011-06-15 11:56:00,2.95,16241.0,United Kingdom
556876,21212,PACK OF 72 RETROSPOT CAKE CASES,1,2011-06-15 11:56:00,0.55,16241.0,United Kingdom
556886,21212,PACK OF 72 RETROSPOT CAKE CASES,24,2011-06-15 12:34:00,0.55,12624.0,France
556910,85123A,WHITE HANGING HEART T-LIGHT HOLDER,4,2011-06-15 13:25:00,2.95,12748.0,United Kingdom
556916,85123A,WHITE HANGING HEART T-LIGHT HOLDER,2,2011-06-15 13:35:00,2.95,16898.0,United Kingdom
556917,21212,PACK OF 72 RETROSPOT CAKE CASES,240,2011-06-15 13:37:00,0.42,12415.0,Australia
556926,85123A,WHITE HANGING HEART T-LIGHT HOLDER,1,2011-06-15 14:26:00,2.95,16324.0,United Kingdom
556932,84879,ASSORTED COLOUR BIRD ORNAMENT,8,2011-06-15 15:41:00,3.12,,United Kingdom
556932,85123A,WHITE HANGING HEART T-LIGHT HOLDER,1,2011-06-15 15:41:00,5.79,,United Kingdom
556937,85123A,WHITE HANGING HEART T-LIGHT HOLDER,32,2011-06-15 16:05:00,2.55,17716.0,United Kingdom
556942,84879,ASSORTED COLOUR BIRD ORNAMENT,16,2011-06-15 16:42:00,1.69,14222.0,United Kingdom
556958,21212,PACK OF 72 RETROSPOT CAKE CASES,24,2011-06-16 09:15:00,0.55,17490.0,United Kingdom
556964,85123A,WHITE HANGING HEART T-LIGHT HOLDER,6,2011-06-16 09:46:00,2.95,16145.0,United Kingdom
556977,21212,PACK OF 72 RETROSPOT CAKE CASES,24,2011-06-16 10:42:00,0.55,17446.0,United Kingdom
557008,84879,ASSORTED COLOUR BIRD ORNAMENT,8,2011-06-16 11:38:00,1.69,16729.0,United Kingdom
557009,84879,ASSORTED COLOUR BIRD ORNAMENT,8,2011-06-16 11:38:00,1.69,14321.0,United Kingdom
557017,22616,PACK OF 12 LONDON TISSUES ,48,2011-06-16 12:29:00,0.29,13199.0,United Kingdom
557018,85123A,WHITE HANGING HEART T-LIGHT HOLDER,2,2011-06-16 12:36:00,2.95,14285.0,United Kingdom
557019,84879,ASSORTED COLOUR BIRD ORNAMENT,1,2011-06-16 12:45:00,1.69,15907.0,United Kingdom
557021,21212,PACK OF 72 RETROSPOT CAKE CASES,24,2011-06-16 12:55:00,0.55,17642.0,United Kingdom
557033,21212,PACK OF 72 RETROSPOT CAKE CASES,24,2011-06-16 13:48:00,0.55,13826.0,United Kingdom
557064,85123A,WHITE HANGING HEART T-LIGHT HOLDER,2,2011-06-16 15:07:00,2.95,13263.0,United Kingdom
557066,84879,ASSORTED COLOUR BIRD ORNAMENT,8,2011-06-16 15:10:00,1.69,17463.0,United Kingdom
557067,85123A,WHITE HANGING HEART T-LIGHT HOLDER,32,2011-06-16 15:12:00,2.55,13098.0,United Kingdom
557070,84879,ASSORTED COLOUR BIRD ORNAMENT,8,2011-06-16 15:28:00,1.69,14755.0,United Kingdom
557112,21212,PACK OF 72 RETROSPOT CAKE CASES,2,2011-06-16 16:31:00,1.25,,United Kingdom
557117,21212,PACK OF 72 RETROSPOT CAKE CASES,24,2011-06-16 17:04:00,0.55,14849.0,United Kingdom
557117,84879,ASSORTED COLOUR BIRD ORNAMENT,24,2011-06-16 17:04:00,1.69,14849.0,United Kingdom
557132,21212,PACK OF 72 RETROSPOT CAKE CASES,24,2011-06-17 08:57:00,0.55,13107.0,United Kingdom
557135,22616,PACK OF 12 LONDON TISSUES ,864,2011-06-17 09:12:00,0.25,17306.0,United Kingdom
557136,21212,PACK OF 72 RETROSPOT CAKE CASES,24,2011-06-17 09:23:00,0.55,14911.0,EIRE
557141,21212,PACK OF 72 RETROSPOT CAKE CASES,24,2011-06-17 09:54:00,0.55,16779.0,United Kingdom
557143,84879,ASSORTED COLOUR BIRD ORNAMENT,16,2011-06-17 10:12:00,1.69,13090.0,United Kingdom
557145,84879,ASSORTED COLOUR BIRD ORNAMENT,16,2011-06-17 10:43:00,1.69,17139.0,United Kingdom
557208,84879,ASSORTED COLOUR BIRD ORNAMENT,8,2011-06-17 11:38:00,1.69,16172.0,United Kingdom
557210,85123A,WHITE HANGING HEART T-LIGHT HOLDER,8,2011-06-17 11:49:00,2.95,18118.0,United Kingdom
557213,85123A,WHITE HANGING HEART T-LIGHT HOLDER,2,2011-06-17 12:16:00,2.95,15021.0,United Kingdom
557217,84879,ASSORTED COLOUR BIRD ORNAMENT,32,2011-06-17 12:30:00,1.69,17426.0,United Kingdom
557217,21212,PACK OF 72 RETROSPOT CAKE CASES,24,2011-06-17 12:30:00,0.55,17426.0,United Kingdom
557221,85123A,WHITE HANGING HEART T-LIGHT HOLDER,5,2011-06-17 13:01:00,2.95,16869.0,United Kingdom
557222,21212,PACK OF 72 RETROSPOT CAKE CASES,24,2011-06-17 13:14:00,0.55,14936.0,Channel Islands
557231,21212,PACK OF 72 RETROSPOT CAKE CASES,19,2011-06-17 14:09:00,2.08,,United Kingdom
557233,22616,PACK OF 12 LONDON TISSUES ,12,2011-06-17 14:44:00,0.29,15356.0,United Kingdom
557247,84879,ASSORTED COLOUR BIRD ORNAMENT,160,2011-06-17 15:09:00,1.45,12731.0,France
557250,84879,ASSORTED COLOUR BIRD ORNAMENT,1,2011-06-17 15:59:00,1.69,12748.0,United Kingdom
557255,85123A,WHITE HANGING HEART T-LIGHT HOLDER,64,2011-06-19 10:11:00,2.55,17616.0,United Kingdom
557257,22616,PACK OF 12 LONDON TISSUES ,24,2011-06-19 10:34:00,0.29,14051.0,United Kingdom
557263,21212,PACK OF 72 RETROSPOT CAKE CASES,120,2011-06-19 11:08:00,0.42,14646.0,Netherlands
557264,84879,ASSORTED COLOUR BIRD ORNAMENT,8,2011-06-19 11:09:00,1.69,13618.0,United Kingdom
557271,85123A,WHITE HANGING HEART T-LIGHT HOLDER,6,2011-06-19 11:41:00,2.95,17769.0,United Kingdom
557271,22616,PACK OF 12 LONDON TISSUES ,12,2011-06-19 11:41:00,0.29,17769.0,United Kingdom
557271,84879,ASSORTED COLOUR BIRD ORNAMENT,32,2011-06-19 11:41:00,1.69,17769.0,United Kingdom
557276,85123A,WHITE HANGING HEART T-LIGHT HOLDER,6,2011-06-19 12:05:00,2.95,16931.0,United Kingdom
557278,85123A,WHITE HANGING HEART T-LIGHT HOLDER,12,2011-06-19 12:08:00,2.95,13089.0,United Kingdom
557284,85123A,WHITE HANGING HEART T-LIGHT HOLDER,3,2011-06-19 12:29:00,2.95,17377.0,United Kingdom
557285,85123A,WHITE HANGING HEART T-LIGHT HOLDER,32,2011-06-19 12:31:00,2.55,15046.0,United Kingdom
557287,21212,PACK OF 72 RETROSPOT CAKE CASES,1,2011-06-19 12:47:00,0.55,18109.0,United Kingdom
557296,21212,PACK OF 72 RETROSPOT CAKE CASES,2,2011-06-19 13:51:00,0.55,15334.0,United Kingdom
557299,85123A,WHITE HANGING HEART T-LIGHT HOLDER,12,2011-06-19 13:56:00,2.95,13047.0,United Kingdom
557302,22616,PACK OF 12 LONDON TISSUES ,24,2011-06-19 14:15:00,0.29,13102.0,United Kingdom
557309,21212,PACK OF 72 RETROSPOT CAKE CASES,24,2011-06-19 15:15:00,0.55,16493.0,United Kingdom
557313,85123A,WHITE HANGING HEART T-LIGHT HOLDER,12,2011-06-19 15:56:00,2.95,13524.0,United Kingdom
557319,21212,PACK OF 72 RETROSPOT CAKE CASES,24,2011-06-20 08:23:00,0.55,15076.0,United Kingdom
557319,84879,ASSORTED COLOUR BIRD ORNAMENT,8,2011-06-20 08:23:00,1.69,15076.0,United Kingdom
557324,22616,PACK OF 12 LONDON TISSUES ,1,2011-06-20 09:41:00,0.83,,United Kingdom
557349,85123A,WHITE HANGING HEART T-LIGHT HOLDER,6,2011-06-20 10:34:00,2.95,16717.0,United Kingdom
557466,21212,PACK OF 72 RETROSPOT CAKE CASES,24,2011-06-20 13:08:00,0.55,13815.0,Germany
557468,21212,PACK OF 72 RETROSPOT CAKE CASES,3,2011-06-20 13:14:00,0.55,16713.0,United Kingdom
557484,21212,PACK OF 72 RETROSPOT CAKE CASES,2,2011-06-20 14:36:00,0.55,14796.0,United Kingdom
557484,22616,PACK OF 12 LONDON TISSUES ,24,2011-06-20 14:36:00,0.29,14796.0,United Kingdom
557500,21212,PACK OF 72 RETROSPOT CAKE CASES,1,2011-06-20 15:27:00,1.25,,United Kingdom
557502,21212,PACK OF 72 RETROSPOT CAKE CASES,3,2011-06-20 15:32:00,1.25,,United Kingdom
557502,85123A,WHITE HANGING HEART T-LIGHT HOLDER,23,2011-06-20 15:32:00,5.79,,United Kingdom
557514,84879,ASSORTED COLOUR BIRD ORNAMENT,16,2011-06-20 16:58:00,1.69,14667.0,United Kingdom
557524,22616,PACK OF 12 LONDON TISSUES ,12,2011-06-21 09:18:00,0.29,12748.0,United Kingdom
557525,85123A,WHITE HANGING HEART T-LIGHT HOLDER,6,2011-06-21 09:26:00,2.95,12759.0,Netherlands
557528,84879,ASSORTED COLOUR BIRD ORNAMENT,16,2011-06-21 09:49:00,1.69,17159.0,United Kingdom
557528,21212,PACK OF 72 RETROSPOT CAKE CASES,24,2011-06-21 09:49:00,0.55,17159.0,United Kingdom
557570,84879,ASSORTED COLOUR BIRD ORNAMENT,6,2011-06-21 10:48:00,1.69,15998.0,United Kingdom
557570,85123A,WHITE HANGING HEART T-LIGHT HOLDER,2,2011-06-21 10:48:00,2.95,15998.0,United Kingdom
557595,84879,ASSORTED COLOUR BIRD ORNAMENT,16,2011-06-21 11:19:00,1.69,15507.0,United Kingdom
557598,84879,ASSORTED COLOUR BIRD ORNAMENT,20,2011-06-21 11:33:00,1.69,14667.0,United Kingdom
557616,84879,ASSORTED COLOUR BIRD ORNAMENT,16,2011-06-21 13:25:00,1.69,12930.0,United Kingdom
557621,84879,ASSORTED COLOUR BIRD ORNAMENT,8,2011-06-21 14:00:00,1.69,12444.0,Norway
557634,85123A,WHITE HANGING HEART T-LIGHT HOLDER,2,2011-06-21 15:24:00,2.95,15412.0,United Kingdom
557640,21212,PACK OF 72 RETROSPOT CAKE CASES,11,2011-06-21 16:24:00,2.08,,United Kingdom
557644,85123A,WHITE HANGING HEART T-LIGHT HOLDER,3,2011-06-21 17:06:00,5.79,,United Kingdom
557644,21212,PACK OF 72 RETROSPOT CAKE CASES,1,2011-06-21 17:06:00,1.25,,United Kingdom
557644,22616,PACK OF 12 LONDON TISSUES ,1,2011-06-21 17:06:00,0.83,,United Kingdom
557645,22616,PACK OF 12 LONDON TISSUES ,1,2011-06-21 17:08:00,0.83,,United Kingdom
557747,84879,ASSORTED COLOUR BIRD ORNAMENT,16,2011-06-22 12:25:00,1.69,13611.0,United Kingdom
557763,85123A,WHITE HANGING HEART T-LIGHT HOLDER,6,2011-06-22 14:10:00,2.95,17669.0,United Kingdom
557764,84879,ASSORTED COLOUR BIRD ORNAMENT,36,2011-06-22 14:21:00,1.69,13089.0,United Kingdom
557771,85123A,WHITE HANGING HEART T-LIGHT HOLDER,6,2011-06-22 14:43:00,2.95,15601.0,United Kingdom
557774,84879,ASSORTED COLOUR BIRD ORNAMENT,8,2011-06-22 15:00:00,1.69,13695.0,United Kingdom
557776,85123A,WHITE HANGING HEART T-LIGHT HOLDER,6,2011-06-22 15:07:00,2.95,14422.0,United Kingdom
557789,21212,PACK OF 72 RETROSPOT CAKE CASES,24,2011-06-22 16:32:00,0.55,12379.0,Belgium
557793,21212,PACK OF 72 RETROSPOT CAKE CASES,2,2011-06-22 17:30:00,0.55,14998.0,United Kingdom
557798,84879,ASSORTED COLOUR BIRD ORNAMENT,32,2011-06-23 09:38:00,1.69,16187.0,United Kingdom
557849,85123A,WHITE HANGING HEART T-LIGHT HOLDER,12,2011-06-23 10:52:00,2.95,17613.0,United Kingdom
557858,21212,PACK OF 72 RETROSPOT CAKE CASES,1,2011-06-23 11:51:00,0.55,14159.0,United Kingdom
557858,85123A,WHITE HANGING HEART T-LIGHT HOLDER,4,2011-06-23 11:51:00,2.95,14159.0,United Kingdom
557861,84879,ASSORTED COLOUR BIRD ORNAMENT,16,2011-06-23 12:13:00,1.69,13437.0,United Kingdom
557864,21212,PACK OF 72 RETROSPOT CAKE CASES,24,2011-06-23 12:19:00,0.55,15253.0,United Kingdom
557878,85123A,WHITE HANGING HEART T-LIGHT HOLDER,4,2011-06-23 13:13:00,2.95,16940.0,United Kingdom
557885,21212,PACK OF 72 RETROSPOT CAKE CASES,24,2011-06-23 13:37:00,0.55,12465.0,Belgium
557886,85123A,WHITE HANGING HEART T-LIGHT HOLDER,6,2011-06-23 13:39:00,2.95,17799.0,United Kingdom
557891,85123A,WHITE HANGING HEART T-LIGHT HOLDER,12,2011-06-23 14:05:00,2.95,17652.0,United Kingdom
557892,21212,PACK OF 72 RETROSPOT CAKE CASES,1,2011-06-23 14:11:00,0.55,14534.0,United Kingdom
557896,21212,PACK OF 72 RETROSPOT CAKE CASES,4,2011-06-23 14:22:00,0.55,17611.0,United Kingdom
557898,22616,PACK OF 12 LONDON TISSUES ,192,2011-06-23 14:35:00,0.29,17314.0,United Kingdom
557935,85123A,WHITE HANGING HEART T-LIGHT HOLDER,6,2011-06-23 15:26:00,2.95,13929.0,United Kingdom
557937,21212,PACK OF 72 RETROSPOT CAKE CASES,1,2011-06-23 15:30:00,1.25,,United Kingdom
557938,22616,PACK OF 12 LONDON TISSUES ,1,2011-06-23 15:35:00,0.83,,United Kingdom
557938,85123A,WHITE HANGING HEART T-LIGHT HOLDER,5,2011-06-23 15:35:00,2.95,,United Kingdom
557938,21212,PACK OF 72 RETROSPOT CAKE CASES,1,2011-06-23 15:35:00,1.25,,United Kingdom
557949,22616,PACK OF 12 LONDON TISSUES ,24,2011-06-23 17:20:00,0.29,15530.0,United Kingdom
557949,85123A,WHITE HANGING HEART T-LIGHT HOLDER,12,2011-06-23 17:20:00,2.95,15530.0,United Kingdom
557954,85123A,WHITE HANGING HEART T-LIGHT HOLDER,32,2011-06-23 18:44:00,2.55,15023.0,United Kingdom
557955,85123A,WHITE HANGING HEART T-LIGHT HOLDER,12,2011-06-23 18:59:00,2.95,16175.0,United Kingdom
557956,85123A,WHITE HANGING HEART T-LIGHT HOLDER,1,2011-06-23 19:20:00,2.95,18283.0,United Kingdom
557956,21212,PACK OF 72 RETROSPOT CAKE CASES,3,2011-06-23 19:20:00,0.55,18283.0,United Kingdom
557973,84879,ASSORTED COLOUR BIRD ORNAMENT,16,2011-06-24 10:26:00,1.69,12955.0,United Kingdom
558030,84879,ASSORTED COLOUR BIRD ORNAMENT,16,2011-06-24 12:00:00,1.69,16419.0,United Kingdom
558038,84879,ASSORTED COLOUR BIRD ORNAMENT,8,2011-06-24 12:43:00,1.69,18219.0,United Kingdom
558043,85123A,WHITE HANGING HEART T-LIGHT HOLDER,12,2011-06-24 13:28:00,2.95,13425.0,United Kingdom
558046,85123A,WHITE HANGING HEART T-LIGHT HOLDER,6,2011-06-24 13:47:00,2.95,,EIRE
558056,85123A,WHITE HANGING HEART T-LIGHT HOLDER,12,2011-06-24 14:54:00,2.95,15186.0,United Kingdom
558057,85123A,WHITE HANGING HEART T-LIGHT HOLDER,8,2011-06-24 14:57:00,2.95,15665.0,United Kingdom
558058,84879,ASSORTED COLOUR BIRD ORNAMENT,16,2011-06-24 15:00:00,1.69,14766.0,United Kingdom
558077,85123A,WHITE HANGING HEART T-LIGHT HOLDER,32,2011-06-26 10:59:00,2.55,13408.0,United Kingdom
558098,22616,PACK OF 12 LONDON TISSUES ,24,2011-06-26 13:31:00,0.29,18044.0,United Kingdom
558099,21212,PACK OF 72 RETROSPOT CAKE CASES,1,2011-06-26 13:45:00,0.55,17593.0,United Kingdom
558105,21212,PACK OF 72 RETROSPOT CAKE CASES,2,2011-06-26 14:54:00,0.55,15644.0,United Kingdom
558113,84879,ASSORTED COLOUR BIRD ORNAMENT,8,2011-06-27 08:48:00,1.69,14911.0,EIRE
558118,84879,ASSORTED COLOUR BIRD ORNAMENT,8,2011-06-27 09:11:00,3.12,,United Kingdom
558122,21212,PACK OF 72 RETROSPOT CAKE CASES,36,2011-06-27 09:35:00,0.55,16570.0,United Kingdom
558122,84879,ASSORTED COLOUR BIRD ORNAMENT,36,2011-06-27 09:35:00,1.69,16570.0,United Kingdom
558126,85123A,WHITE HANGING HEART T-LIGHT HOLDER,64,2011-06-27 10:29:00,2.55,15482.0,United Kingdom
558194,85123A,WHITE HANGING HEART T-LIGHT HOLDER,1,2011-06-27 12:28:00,2.95,14583.0,United Kingdom
558237,84879,ASSORTED COLOUR BIRD ORNAMENT,16,2011-06-27 15:04:00,1.69,12867.0,United Kingdom
558240,84879,ASSORTED COLOUR BIRD ORNAMENT,8,2011-06-27 15:27:00,1.69,,United Kingdom
558243,22616,PACK OF 12 LONDON TISSUES ,6,2011-06-27 15:52:00,0.29,,United Kingdom
558247,85123A,WHITE HANGING HEART T-LIGHT HOLDER,1,2011-06-27 16:46:00,2.95,14167.0,United Kingdom
558271,85123A,WHITE HANGING HEART T-LIGHT HOLDER,12,2011-06-28 10:17:00,2.95,13895.0,United Kingdom
558293,84879,ASSORTED COLOUR BIRD ORNAMENT,8,2011-06-28 10:31:00,1.69,13656.0,United Kingdom
558328,84879,ASSORTED COLOUR BIRD ORNAMENT,16,2011-06-28 12:09:00,1.69,15146.0,United Kingdom
558336,21212,PACK OF 72 RETROSPOT CAKE CASES,24,2011-06-28 13:17:00,0.55,14364.0,United Kingdom
558340,85123A,WHITE HANGING HEART T-LIGHT HOLDER,1,2011-06-28 14:01:00,0.0,,United Kingdom
558353,22616,PACK OF 12 LONDON TISSUES ,432,2011-06-28 14:55:00,0.25,17940.0,United Kingdom
558371,21212,PACK OF 72 RETROSPOT CAKE CASES,29,2011-06-28 15:44:00,2.08,,United Kingdom
558372,84879,ASSORTED COLOUR BIRD ORNAMENT,16,2011-06-28 15:47:00,1.69,16200.0,United Kingdom
558383,84879,ASSORTED COLOUR BIRD ORNAMENT,8,2011-06-29 08:58:00,1.69,18075.0,United Kingdom
558388,85123A,WHITE HANGING HEART T-LIGHT HOLDER,6,2011-06-29 10:00:00,2.95,,EIRE
558388,84879,ASSORTED COLOUR BIRD ORNAMENT,8,2011-06-29 10:00:00,1.69,,EIRE
558389,84879,ASSORTED COLOUR BIRD ORNAMENT,8,2011-06-29 10:18:00,1.69,14383.0,United Kingdom
558416,85123A,WHITE HANGING HEART T-LIGHT HOLDER,4,2011-06-29 10:50:00,2.95,16059.0,United Kingdom
558455,85123A,WHITE HANGING HEART T-LIGHT HOLDER,24,2011-06-29 13:58:00,2.95,14327.0,United Kingdom
558458,85123A,WHITE HANGING HEART T-LIGHT HOLDER,1,2011-06-29 14:17:00,2.95,14527.0,United Kingdom
558459,22616,PACK OF 12 LONDON TISSUES ,1,2011-06-29 14:20:00,0.29,15334.0,United Kingdom
558459,21212,PACK OF 72 RETROSPOT CAKE CASES,3,2011-06-29 14:20:00,0.55,15334.0,United Kingdom
558461,85123A,WHITE HANGING HEART T-LIGHT HOLDER,3,2011-06-29 15:03:00,2.95,13263.0,United Kingdom
558462,85123A,WHITE HANGING HEART T-LIGHT HOLDER,32,2011-06-29 15:11:00,2.55,13982.0,United Kingdom
558473,84879,ASSORTED COLOUR BIRD ORNAMENT,80,2011-06-29 15:41:00,1.69,16553.0,United Kingdom
558475,21212,PACK OF 72 RETROSPOT CAKE CASES,1,2011-06-29 15:58:00,0.55,,United Kingdom
558475,21212,PACK OF 72 RETROSPOT CAKE CASES,3,2011-06-29 15:58:00,1.25,,United Kingdom
558478,85123A,WHITE HANGING HEART T-LIGHT HOLDER,3,2011-06-29 16:07:00,2.95,16775.0,United Kingdom
558479,85123A,WHITE HANGING HEART T-LIGHT HOLDER,4,2011-06-29 16:44:00,2.95,17837.0,United Kingdom
558480,85123A,WHITE HANGING HEART T-LIGHT HOLDER,6,2011-06-30 08:17:00,2.95,15271.0,United Kingdom
558481,84879,ASSORTED COLOUR BIRD ORNAMENT,24,2011-06-30 09:02:00,1.69,17675.0,United Kingdom
558483,84879,ASSORTED COLOUR BIRD ORNAMENT,16,2011-06-30 09:59:00,1.69,18171.0,United Kingdom
558484,85123A,WHITE HANGING HEART T-LIGHT HOLDER,6,2011-06-30 10:09:00,2.95,14267.0,United Kingdom
558532,21212,PACK OF 72 RETROSPOT CAKE CASES,2,2011-06-30 11:32:00,0.55,15039.0,United Kingdom
558533,85123A,WHITE HANGING HEART T-LIGHT HOLDER,6,2011-06-30 11:49:00,2.95,16717.0,United Kingdom
558534,85123A,WHITE HANGING HEART T-LIGHT HOLDER,6,2011-06-30 11:54:00,2.95,13988.0,United Kingdom
558534,84879,ASSORTED COLOUR BIRD ORNAMENT,8,2011-06-30 11:54:00,1.69,13988.0,United Kingdom
558539,85123A,WHITE HANGING HEART T-LIGHT HOLDER,6,2011-06-30 12:14:00,2.95,16556.0,United Kingdom
558542,85123A,WHITE HANGING HEART T-LIGHT HOLDER,4,2011-06-30 12:23:00,2.95,13593.0,United Kingdom
558563,85123A,WHITE HANGING HEART T-LIGHT HOLDER,6,2011-06-30 13:43:00,2.95,14561.0,United Kingdom
558564,22616,PACK OF 12 LONDON TISSUES ,36,2011-06-30 13:45:00,0.29,14057.0,United Kingdom
558571,22616,PACK OF 12 LONDON TISSUES ,48,2011-06-30 14:46:00,0.29,17017.0,United Kingdom
558611,85123A,WHITE HANGING HEART T-LIGHT HOLDER,6,2011-06-30 15:35:00,2.95,16475.0,United Kingdom
558614,22616,PACK OF 12 LONDON TISSUES ,2,2011-06-30 15:56:00,0.83,,United Kingdom
558619,84879,ASSORTED COLOUR BIRD ORNAMENT,8,2011-06-30 16:28:00,1.69,14401.0,United Kingdom
558671,85123A,WHITE HANGING HEART T-LIGHT HOLDER,18,2011-07-01 10:47:00,2.95,17123.0,United Kingdom
558703,84879,ASSORTED COLOUR BIRD ORNAMENT,16,2011-07-01 12:47:00,1.69,13730.0,United Kingdom
558707,85123A,WHITE HANGING HEART T-LIGHT HOLDER,1,2011-07-01 12:58:00,2.95,12748.0,United Kingdom
558709,85123A,WHITE HANGING HEART T-LIGHT HOLDER,6,2011-07-01 13:02:00,2.95,17338.0,United Kingdom
558718,85123A,WHITE HANGING HEART T-LIGHT HOLDER,6,2011-07-01 13:31:00,2.95,16589.0,United Kingdom
558729,21212,PACK OF 72 RETROSPOT CAKE CASES,24,2011-07-01 14:51:00,0.55,13450.0,United Kingdom
558746,85123A,WHITE HANGING HEART T-LIGHT HOLDER,8,2011-07-01 17:23:00,2.95,14415.0,United Kingdom
558752,85123A,WHITE HANGING HEART T-LIGHT HOLDER,9,2011-07-03 11:40:00,2.95,16931.0,United Kingdom
558754,22616,PACK OF 12 LONDON TISSUES ,12,2011-07-03 12:10:00,0.29,15518.0,United Kingdom
558760,85123A,WHITE HANGING HEART T-LIGHT HOLDER,6,2011-07-03 12:38:00,2.95,16918.0,United Kingdom
558768,85123A,WHITE HANGING HEART T-LIGHT HOLDER,3,2011-07-03 13:33:00,2.95,15952.0,United Kingdom
558769,21212,PACK OF 72 RETROSPOT CAKE CASES,1,2011-07-03 14:58:00,0.55,17899.0,United Kingdom
558774,22616,PACK OF 12 LONDON TISSUES ,1,2011-07-04 10:17:00,0.83,,United Kingdom
558777,85123A,WHITE HANGING HEART T-LIGHT HOLDER,2,2011-07-04 10:23:00,5.79,,United Kingdom
558777,21212,PACK OF 72 RETROSPOT CAKE CASES,1,2011-07-04 10:23:00,1.25,,United Kingdom
558863,85123A,WHITE HANGING HEART T-LIGHT HOLDER,1,2011-07-04 12:28:00,2.95,17243.0,United Kingdom
558863,85123A,WHITE HANGING HEART T-LIGHT HOLDER,3,2011-07-04 12:28:00,2.95,17243.0,United Kingdom
558864,84879,ASSORTED COLOUR BIRD ORNAMENT,8,2011-07-04 12:38:00,1.69,,EIRE
558868,21212,PACK OF 72 RETROSPOT CAKE CASES,24,2011-07-04 12:47:00,0.55,13266.0,United Kingdom
558873,21212,PACK OF 72 RETROSPOT CAKE CASES,48,2011-07-04 13:28:00,0.55,15290.0,United Kingdom
558879,84879,ASSORTED COLOUR BIRD ORNAMENT,24,2011-07-04 14:07:00,1.69,12921.0,United Kingdom
558887,21212,PACK OF 72 RETROSPOT CAKE CASES,24,2011-07-04 15:26:00,0.55,18265.0,United Kingdom
558888,22616,PACK OF 12 LONDON TISSUES ,12,2011-07-04 15:29:00,0.29,14056.0,United Kingdom
558900,85123A,WHITE HANGING HEART T-LIGHT HOLDER,2,2011-07-04 16:06:00,2.95,15349.0,United Kingdom
558908,21212,PACK OF 72 RETROSPOT CAKE CASES,72,2011-07-05 09:06:00,0.55,13338.0,United Kingdom
558916,85123A,WHITE HANGING HEART T-LIGHT HOLDER,64,2011-07-05 09:33:00,2.55,16985.0,United Kingdom
558916,84879,ASSORTED COLOUR BIRD ORNAMENT,16,2011-07-05 09:33:00,1.69,16985.0,United Kingdom
558926,85123A,WHITE HANGING HEART T-LIGHT HOLDER,6,2011-07-05 10:21:00,2.95,17469.0,United Kingdom
558963,85123A,WHITE HANGING HEART T-LIGHT HOLDER,32,2011-07-05 10:57:00,2.55,14235.0,United Kingdom
558993,22616,PACK OF 12 LONDON TISSUES ,12,2011-07-05 11:49:00,0.29,16729.0,United Kingdom
558993,84879,ASSORTED COLOUR BIRD ORNAMENT,16,2011-07-05 11:49:00,1.69,16729.0,United Kingdom
558994,84879,ASSORTED COLOUR BIRD ORNAMENT,16,2011-07-05 11:58:00,1.69,13854.0,United Kingdom
559006,85123A,WHITE HANGING HEART T-LIGHT HOLDER,32,2011-07-05 12:41:00,2.55,14905.0,United Kingdom
559011,84879,ASSORTED COLOUR BIRD ORNAMENT,8,2011-07-05 12:50:00,1.69,17049.0,United Kingdom
559027,21212,PACK OF 72 RETROSPOT CAKE CASES,24,2011-07-05 14:24:00,0.55,17046.0,United Kingdom
559027,84879,ASSORTED COLOUR BIRD ORNAMENT,36,2011-07-05 14:24:00,1.69,17046.0,United Kingdom
559038,21212,PACK OF 72 RETROSPOT CAKE CASES,36,2011-07-05 15:31:00,2.08,,United Kingdom
559048,21212,PACK OF 72 RETROSPOT CAKE CASES,240,2011-07-05 15:48:00,0.4,13027.0,United Kingdom
559051,21212,PACK OF 72 RETROSPOT CAKE CASES,1,2011-07-05 16:47:00,1.25,,United Kingdom
559052,21212,PACK OF 72 RETROSPOT CAKE CASES,4,2011-07-05 16:53:00,1.25,,United Kingdom
559055,21212,PACK OF 72 RETROSPOT CAKE CASES,1,2011-07-05 17:09:00,1.25,,United Kingdom
559060,21212,PACK OF 72 RETROSPOT CAKE CASES,24,2011-07-06 10:00:00,0.55,15738.0,United Kingdom
559061,21212,PACK OF 72 RETROSPOT CAKE CASES,3,2011-07-06 10:04:00,0.55,17220.0,United Kingdom
559107,21212,PACK OF 72 RETROSPOT CAKE CASES,4,2011-07-06 11:22:00,0.55,15334.0,United Kingdom
559107,21212,PACK OF 72 RETROSPOT CAKE CASES,1,2011-07-06 11:22:00,0.55,15334.0,United Kingdom
559109,85123A,WHITE HANGING HEART T-LIGHT HOLDER,3,2011-07-06 11:52:00,2.95,15021.0,United Kingdom
559131,84879,ASSORTED COLOUR BIRD ORNAMENT,80,2011-07-06 13:04:00,1.69,18144.0,United Kingdom
559160,84879,ASSORTED COLOUR BIRD ORNAMENT,24,2011-07-06 16:15:00,1.69,17293.0,United Kingdom
559162,22616,PACK OF 12 LONDON TISSUES ,1,2011-07-06 16:29:00,0.83,,United Kingdom
559163,84879,ASSORTED COLOUR BIRD ORNAMENT,8,2011-07-06 16:33:00,3.12,,United Kingdom
559163,85123A,WHITE HANGING HEART T-LIGHT HOLDER,2,2011-07-06 16:33:00,5.79,,United Kingdom
559170,84879,ASSORTED COLOUR BIRD ORNAMENT,24,2011-07-06 17:31:00,1.69,16942.0,United Kingdom
559200,84879,ASSORTED COLOUR BIRD ORNAMENT,16,2011-07-07 10:36:00,1.69,13291.0,United Kingdom
559202,21212,PACK OF 72 RETROSPOT CAKE CASES,24,2011-07-07 10:40:00,0.55,13583.0,United Kingdom
559254,84879,ASSORTED COLOUR BIRD ORNAMENT,32,2011-07-07 11:56:00,1.69,16814.0,United Kingdom
559255,21212,PACK OF 72 RETROSPOT CAKE CASES,480,2011-07-07 12:04:00,0.4,13027.0,United Kingdom
559296,22616,PACK OF 12 LONDON TISSUES ,204,2011-07-07 12:35:00,0.0,,United Kingdom
559297,21212,PACK OF 72 RETROSPOT CAKE CASES,12,2011-07-07 12:36:00,0.55,16743.0,United Kingdom
559297,22616,PACK OF 12 LONDON TISSUES ,12,2011-07-07 12:36:00,0.29,16743.0,United Kingdom
559301,84879,ASSORTED COLOUR BIRD ORNAMENT,8,2011-07-07 12:41:00,1.69,13842.0,United Kingdom
559316,21212,PACK OF 72 RETROSPOT CAKE CASES,24,2011-07-07 13:54:00,0.55,12647.0,Germany
559327,85123A,WHITE HANGING HEART T-LIGHT HOLDER,4,2011-07-07 15:21:00,2.95,13681.0,United Kingdom
559329,21212,PACK OF 72 RETROSPOT CAKE CASES,24,2011-07-07 15:41:00,0.55,15241.0,United Kingdom
559337,85123A,WHITE HANGING HEART T-LIGHT HOLDER,2,2011-07-07 16:27:00,5.79,,United Kingdom
559338,22616,PACK OF 12 LONDON TISSUES ,1,2011-07-07 16:30:00,0.83,,United Kingdom
559338,85123A,WHITE HANGING HEART T-LIGHT HOLDER,5,2011-07-07 16:30:00,2.95,,United Kingdom
559342,84879,ASSORTED COLOUR BIRD ORNAMENT,16,2011-07-07 16:59:00,1.69,14493.0,United Kingdom
559346,84879,ASSORTED COLOUR BIRD ORNAMENT,8,2011-07-07 17:19:00,1.69,13486.0,United Kingdom
559350,84879,ASSORTED COLOUR BIRD ORNAMENT,16,2011-07-07 17:35:00,1.69,16842.0,United Kingdom
559352,85123A,WHITE HANGING HEART T-LIGHT HOLDER,4,2011-07-07 17:47:00,2.95,17837.0,United Kingdom
559356,84879,ASSORTED COLOUR BIRD ORNAMENT,24,2011-07-07 18:29:00,1.69,15416.0,United Kingdom
559356,85123A,WHITE HANGING HEART T-LIGHT HOLDER,6,2011-07-07 18:29:00,2.95,15416.0,United Kingdom
559357,85123A,WHITE HANGING HEART T-LIGHT HOLDER,32,2011-07-07 18:56:00,2.55,17107.0,United Kingdom
559358,85123A,WHITE HANGING HEART T-LIGHT HOLDER,6,2011-07-07 19:14:00,2.95,15675.0,United Kingdom
559366,85123A,WHITE HANGING HEART T-LIGHT HOLDER,18,2011-07-08 09:03:00,2.95,13102.0,United Kingdom
559367,84879,ASSORTED COLOUR BIRD ORNAMENT,16,2011-07-08 09:38:00,1.69,13013.0,United Kingdom
559372,84879,ASSORTED COLOUR BIRD ORNAMENT,8,2011-07-08 10:23:00,1.69,12461.0,Switzerland
559420,84879,ASSORTED COLOUR BIRD ORNAMENT,8,2011-07-08 11:52:00,1.69,17663.0,United Kingdom
559424,84879,ASSORTED COLOUR BIRD ORNAMENT,24,2011-07-08 12:14:00,1.69,18121.0,United Kingdom
559457,85123A,WHITE HANGING HEART T-LIGHT HOLDER,12,2011-07-08 12:50:00,2.95,14918.0,United Kingdom
559460,22616,PACK OF 12 LONDON TISSUES ,24,2011-07-08 13:00:00,0.29,13862.0,United Kingdom
559469,84879,ASSORTED COLOUR BIRD ORNAMENT,8,2011-07-08 13:37:00,1.69,15182.0,United Kingdom
559499,21212,PACK OF 72 RETROSPOT CAKE CASES,20,2011-07-08 14:22:00,2.08,,United Kingdom
559506,21212,PACK OF 72 RETROSPOT CAKE CASES,2,2011-07-08 15:17:00,1.25,,United Kingdom
559506,85123A,WHITE HANGING HEART T-LIGHT HOLDER,2,2011-07-08 15:17:00,5.79,,United Kingdom
559521,21212,PACK OF 72 RETROSPOT CAKE CASES,13,2011-07-08 16:26:00,0.55,,Unspecified
559525,21212,PACK OF 72 RETROSPOT CAKE CASES,3,2011-07-10 10:30:00,0.55,16923.0,United Kingdom
559525,85123A,WHITE HANGING HEART T-LIGHT HOLDER,6,2011-07-10 10:30:00,2.95,16923.0,United Kingdom
559525,21212,PACK OF 72 RETROSPOT CAKE CASES,3,2011-07-10 10:30:00,0.55,16923.0,United Kingdom
559528,85123A,WHITE HANGING HEART T-LIGHT HOLDER,9,2011-07-10 11:34:00,2.95,13064.0,United Kingdom
559538,22616,PACK OF 12 LONDON TISSUES ,12,2011-07-10 12:25:00,0.29,16880.0,United Kingdom
559542,85123A,WHITE HANGING HEART T-LIGHT HOLDER,3,2011-07-10 13:32:00,2.95,17126.0,United Kingdom
559542,84879,ASSORTED COLOUR BIRD ORNAMENT,16,2011-07-10 13:32:00,1.69,17126.0,United Kingdom
559549,85123A,WHITE HANGING HEART T-LIGHT HOLDER,2,2011-07-10 15:25:00,2.95,13230.0,United Kingdom
559606,22616,PACK OF 12 LONDON TISSUES ,2,2011-07-11 11:38:00,0.29,14606.0,United Kingdom
559629,84879,ASSORTED COLOUR BIRD ORNAMENT,16,2011-07-11 11:58:00,1.69,14690.0,United Kingdom
559640,85123A,WHITE HANGING HEART T-LIGHT HOLDER,32,2011-07-11 12:30:00,2.55,15812.0,United Kingdom
559652,21212,PACK OF 72 RETROSPOT CAKE CASES,24,2011-07-11 12:47:00,0.55,17164.0,United Kingdom
559653,84879,ASSORTED COLOUR BIRD ORNAMENT,4,2011-07-11 12:49:00,1.69,14552.0,United Kingdom
559653,85123A,WHITE HANGING HEART T-LIGHT HOLDER,3,2011-07-11 12:49:00,2.95,14552.0,United Kingdom
559662,85123A,WHITE HANGING HEART T-LIGHT HOLDER,12,2011-07-11 13:32:00,2.95,16572.0,United Kingdom
559665,85123A,WHITE HANGING HEART T-LIGHT HOLDER,2,2011-07-11 13:35:00,2.95,12556.0,Spain
559672,21212,PACK OF 72 RETROSPOT CAKE CASES,2,2011-07-11 14:04:00,0.55,14796.0,United Kingdom
559672,22616,PACK OF 12 LONDON TISSUES ,12,2011-07-11 14:04:00,0.29,14796.0,United Kingdom
559673,84879,ASSORTED COLOUR BIRD ORNAMENT,32,2011-07-11 14:10:00,1.69,13224.0,United Kingdom
559679,84879,ASSORTED COLOUR BIRD ORNAMENT,24,2011-07-11 14:46:00,1.69,15265.0,United Kingdom
559689,22616,PACK OF 12 LONDON TISSUES ,4,2011-07-11 15:46:00,0.29,,United Kingdom
559691,85123A,WHITE HANGING HEART T-LIGHT HOLDER,32,2011-07-11 15:52:00,2.55,13089.0,United Kingdom
559691,84879,ASSORTED COLOUR BIRD ORNAMENT,40,2011-07-11 15:52:00,1.69,13089.0,United Kingdom
559693,22616,PACK OF 12 LONDON TISSUES ,1,2011-07-11 16:21:00,0.83,,United Kingdom
559697,84879,ASSORTED COLOUR BIRD ORNAMENT,3,2011-07-11 17:03:00,1.69,15577.0,United Kingdom
559697,21212,PACK OF 72 RETROSPOT CAKE CASES,1,2011-07-11 17:03:00,0.55,15577.0,United Kingdom
559700,85123A,WHITE HANGING HEART T-LIGHT HOLDER,128,2011-07-12 09:04:00,3.24,17450.0,United Kingdom
559701,85123A,WHITE HANGING HEART T-LIGHT HOLDER,512,2011-07-12 09:10:00,2.55,16013.0,United Kingdom
559706,85123A,WHITE HANGING HEART T-LIGHT HOLDER,6,2011-07-12 10:02:00,2.95,16609.0,United Kingdom
559733,21212,PACK OF 72 RETROSPOT CAKE CASES,24,2011-07-12 10:54:00,0.55,16145.0,United Kingdom
559745,85123A,WHITE HANGING HEART T-LIGHT HOLDER,2,2011-07-12 11:15:00,2.95,17790.0,United Kingdom
559774,85123A,WHITE HANGING HEART T-LIGHT HOLDER,4,2011-07-12 11:37:00,2.95,18122.0,United Kingdom
559790,85123A,WHITE HANGING HEART T-LIGHT HOLDER,96,2011-07-12 12:19:00,2.55,14548.0,United Kingdom
559791,85123A,WHITE HANGING HEART T-LIGHT HOLDER,32,2011-07-12 12:24:00,2.55,17675.0,United Kingdom
559794,22616,PACK OF 12 LONDON TISSUES ,24,2011-07-12 13:16:00,0.29,16700.0,United Kingdom
559796,21212,PACK OF 72 RETROSPOT CAKE CASES,18,2011-07-12 13:30:00,2.08,,United Kingdom
559797,21212,PACK OF 72 RETROSPOT CAKE CASES,24,2011-07-12 13:31:00,0.55,12720.0,Germany
559807,21212,PACK OF 72 RETROSPOT CAKE CASES,2,2011-07-12 14:48:00,0.55,17841.0,United Kingdom
559809,84879,ASSORTED COLOUR BIRD ORNAMENT,8,2011-07-12 14:57:00,1.69,16409.0,United Kingdom
559809,85123A,WHITE HANGING HEART T-LIGHT HOLDER,1,2011-07-12 14:57:00,2.95,16409.0,United Kingdom
559809,21212,PACK OF 72 RETROSPOT CAKE CASES,4,2011-07-12 14:57:00,0.55,16409.0,United Kingdom
559816,22616,PACK OF 12 LONDON TISSUES ,5,2011-07-12 16:11:00,0.83,,United Kingdom
559816,85123A,WHITE HANGING HEART T-LIGHT HOLDER,2,2011-07-12 16:11:00,5.79,,United Kingdom
559817,21212,PACK OF 72 RETROSPOT CAKE CASES,1,2011-07-12 16:20:00,1.25,,United Kingdom
559824,85123A,WHITE HANGING HEART T-LIGHT HOLDER,3,2011-07-12 17:23:00,2.95,17576.0,United Kingdom
559836,85123A,WHITE HANGING HEART T-LIGHT HOLDER,6,2011-07-13 10:09:00,2.95,13911.0,United Kingdom
559862,21212,PACK OF 72 RETROSPOT CAKE CASES,24,2011-07-13 10:30:00,0.55,12782.0,Portugal
559887,85123A,WHITE HANGING HEART T-LIGHT HOLDER,2,2011-07-13 11:44:00,2.95,13263.0,United Kingdom
559888,85123A,WHITE HANGING HEART T-LIGHT HOLDER,24,2011-07-13 11:47:00,2.95,16450.0,United Kingdom
559888,84879,ASSORTED COLOUR BIRD ORNAMENT,24,2011-07-13 11:47:00,1.69,16450.0,United Kingdom
559893,21212,PACK OF 72 RETROSPOT CAKE CASES,2,2011-07-13 12:06:00,0.55,14498.0,United Kingdom
559894,85123A,WHITE HANGING HEART T-LIGHT HOLDER,7,2011-07-13 12:06:00,2.95,14159.0,United Kingdom
559898,21212,PACK OF 72 RETROSPOT CAKE CASES,1,2011-07-13 12:18:00,0.55,16225.0,United Kingdom
559902,84879,ASSORTED COLOUR BIRD ORNAMENT,10,2011-07-13 13:14:00,1.69,14502.0,United Kingdom
559906,85123A,WHITE HANGING HEART T-LIGHT HOLDER,6,2011-07-13 13:33:00,2.95,18219.0,United Kingdom
559912,84879,ASSORTED COLOUR BIRD ORNAMENT,8,2011-07-13 15:04:00,1.69,14221.0,United Kingdom
559916,84879,ASSORTED COLOUR BIRD ORNAMENT,40,2011-07-13 15:18:00,1.69,14201.0,United Kingdom
559918,85123A,WHITE HANGING HEART T-LIGHT HOLDER,12,2011-07-13 15:29:00,2.95,18225.0,United Kingdom
559921,85123A,WHITE HANGING HEART T-LIGHT HOLDER,1,2011-07-13 15:42:00,2.95,13667.0,United Kingdom
559921,22616,PACK OF 12 LONDON TISSUES ,1,2011-07-13 15:42:00,0.29,13667.0,United Kingdom
559923,21212,PACK OF 72 RETROSPOT CAKE CASES,2,2011-07-13 16:07:00,1.25,,United Kingdom
559930,21212,PACK OF 72 RETROSPOT CAKE CASES,24,2011-07-14 09:22:00,0.55,17738.0,United Kingdom
559930,85123A,WHITE HANGING HEART T-LIGHT HOLDER,6,2011-07-14 09:22:00,2.95,17738.0,United Kingdom
559933,85123A,WHITE HANGING HEART T-LIGHT HOLDER,6,2011-07-14 09:54:00,2.95,16719.0,United Kingdom
559938,85123A,WHITE HANGING HEART T-LIGHT HOLDER,4,2011-07-14 10:15:00,2.95,17315.0,United Kingdom
559951,85123A,WHITE HANGING HEART T-LIGHT HOLDER,18,2011-07-14 10:52:00,2.95,14847.0,United Kingdom
559984,21212,PACK OF 72 RETROSPOT CAKE CASES,1,2011-07-14 11:45:00,0.55,16657.0,United Kingdom
559988,85123A,WHITE HANGING HEART T-LIGHT HOLDER,10,2011-07-14 12:17:00,2.95,15402.0,United Kingdom
560018,21212,PACK OF 72 RETROSPOT CAKE CASES,1,2011-07-14 12:52:00,0.55,15987.0,United Kingdom
560024,85123A,WHITE HANGING HEART T-LIGHT HOLDER,5,2011-07-14 13:00:00,2.95,15005.0,United Kingdom
560025,85123A,WHITE HANGING HEART T-LIGHT HOLDER,1,2011-07-14 13:00:00,2.95,18283.0,United Kingdom
560035,85123A,WHITE HANGING HEART T-LIGHT HOLDER,6,2011-07-14 13:41:00,2.95,17706.0,United Kingdom
560036,85123A,WHITE HANGING HEART T-LIGHT HOLDER,24,2011-07-14 13:51:00,2.95,14911.0,EIRE
560048,85123A,WHITE HANGING HEART T-LIGHT HOLDER,6,2011-07-14 15:02:00,2.95,13515.0,United Kingdom
560078,84879,ASSORTED COLOUR BIRD ORNAMENT,16,2011-07-14 16:12:00,1.69,16040.0,United Kingdom
560087,85123A,WHITE HANGING HEART T-LIGHT HOLDER,128,2011-07-14 16:39:00,2.55,18172.0,United Kingdom
560093,84879,ASSORTED COLOUR BIRD ORNAMENT,40,2011-07-14 17:11:00,1.69,14461.0,United Kingdom
560094,21212,PACK OF 72 RETROSPOT CAKE CASES,1,2011-07-14 17:13:00,0.55,18109.0,United Kingdom
560102,84879,ASSORTED COLOUR BIRD ORNAMENT,8,2011-07-14 18:28:00,1.69,13994.0,United Kingdom
560102,85123A,WHITE HANGING HEART T-LIGHT HOLDER,6,2011-07-14 18:28:00,2.95,13994.0,United Kingdom
560104,85123A,WHITE HANGING HEART T-LIGHT HOLDER,4,2011-07-14 18:56:00,2.95,17921.0,United Kingdom
560107,85123A,WHITE HANGING HEART T-LIGHT HOLDER,6,2011-07-15 08:09:00,2.95,12928.0,United Kingdom
560120,21212,PACK OF 72 RETROSPOT CAKE CASES,24,2011-07-15 10:27:00,0.55,14907.0,United Kingdom
560121,85123A,WHITE HANGING HEART T-LIGHT HOLDER,2,2011-07-15 10:33:00,2.95,,United Kingdom
560125,85123A,WHITE HANGING HEART T-LIGHT HOLDER,2,2011-07-15 10:44:00,2.95,18118.0,United Kingdom
560145,84879,ASSORTED COLOUR BIRD ORNAMENT,16,2011-07-15 11:04:00,1.69,13381.0,United Kingdom
560185,21212,PACK OF 72 RETROSPOT CAKE CASES,48,2011-07-15 11:50:00,0.55,14676.0,United Kingdom
560203,22616,PACK OF 12 LONDON TISSUES ,2,2011-07-15 13:13:00,0.29,15311.0,United Kingdom
560224,85123A,WHITE HANGING HEART T-LIGHT HOLDER,9,2011-07-15 16:06:00,2.95,14572.0,United Kingdom
560225,85123A,WHITE HANGING HEART T-LIGHT HOLDER,4,2011-07-15 16:27:00,5.79,,United Kingdom
560225,21212,PACK OF 72 RETROSPOT CAKE CASES,1,2011-07-15 16:27:00,1.25,,United Kingdom
560225,22616,PACK OF 12 LONDON TISSUES ,3,2011-07-15 16:27:00,0.83,,United Kingdom
560239,21212,PACK OF 72 RETROSPOT CAKE CASES,24,2011-07-17 11:50:00,0.55,13507.0,United Kingdom
560240,85123A,WHITE HANGING HEART T-LIGHT HOLDER,10,2011-07-17 11:59:00,2.95,15716.0,United Kingdom
560240,84879,ASSORTED COLOUR BIRD ORNAMENT,16,2011-07-17 11:59:00,1.69,15716.0,United Kingdom
560245,84879,ASSORTED COLOUR BIRD ORNAMENT,10,2011-07-17 12:15:00,1.69,,Switzerland
560250,84879,ASSORTED COLOUR BIRD ORNAMENT,16,2011-07-17 12:31:00,1.69,14659.0,United Kingdom
560251,85123A,WHITE HANGING HEART T-LIGHT HOLDER,2,2011-07-17 12:32:00,2.95,17774.0,United Kingdom
560251,85123A,WHITE HANGING HEART T-LIGHT HOLDER,3,2011-07-17 12:32:00,2.95,17774.0,United Kingdom
560253,84879,ASSORTED COLOUR BIRD ORNAMENT,16,2011-07-17 12:52:00,1.69,13993.0,United Kingdom
560254,22616,PACK OF 12 LONDON TISSUES ,24,2011-07-17 13:07:00,0.29,16678.0,United Kingdom
560256,84879,ASSORTED COLOUR BIRD ORNAMENT,6,2011-07-17 13:24:00,1.69,14462.0,United Kingdom
560260,85123A,WHITE HANGING HEART T-LIGHT HOLDER,2,2011-07-17 13:32:00,2.95,14044.0,United Kingdom
560264,84879,ASSORTED COLOUR BIRD ORNAMENT,16,2011-07-17 13:46:00,1.69,12833.0,United Kingdom
560270,84879,ASSORTED COLOUR BIRD ORNAMENT,3,2011-07-17 14:42:00,1.69,16744.0,United Kingdom
560271,85123A,WHITE HANGING HEART T-LIGHT HOLDER,1,2011-07-17 14:51:00,2.95,16474.0,United Kingdom
560271,85123A,WHITE HANGING HEART T-LIGHT HOLDER,2,2011-07-17 14:51:00,2.95,16474.0,United Kingdom
560271,85123A,WHITE HANGING HEART T-LIGHT HOLDER,3,2011-07-17 14:51:00,2.95,16474.0,United Kingdom
560283,84879,ASSORTED COLOUR BIRD ORNAMENT,8,2011-07-18 08:32:00,1.69,,EIRE
560284,84879,ASSORTED COLOUR BIRD ORNAMENT,16,2011-07-18 09:15:00,1.69,13705.0,United Kingdom
560285,85123A,WHITE HANGING HEART T-LIGHT HOLDER,24,2011-07-18 09:21:00,2.95,14944.0,United Kingdom
560285,21212,PACK OF 72 RETROSPOT CAKE CASES,24,2011-07-18 09:21:00,0.55,14944.0,United Kingdom
560288,84879,ASSORTED COLOUR BIRD ORNAMENT,48,2011-07-18 10:05:00,1.69,15845.0,United Kingdom
560295,22616,PACK OF 12 LONDON TISSUES ,96,2011-07-18 10:21:00,0.29,16681.0,United Kingdom
560300,21212,PACK OF 72 RETROSPOT CAKE CASES,24,2011-07-18 10:29:00,0.55,14911.0,EIRE
560359,21212,PACK OF 72 RETROSPOT CAKE CASES,2,2011-07-18 11:47:00,0.55,14159.0,United Kingdom
560359,85123A,WHITE HANGING HEART T-LIGHT HOLDER,5,2011-07-18 11:47:00,2.95,14159.0,United Kingdom
560360,85123A,WHITE HANGING HEART T-LIGHT HOLDER,32,2011-07-18 11:55:00,2.55,12744.0,Singapore
560364,85123A,WHITE HANGING HEART T-LIGHT HOLDER,32,2011-07-18 12:15:00,2.55,16705.0,United Kingdom
560368,85123A,WHITE HANGING HEART T-LIGHT HOLDER,1,2011-07-18 12:25:00,2.95,17841.0,United Kingdom
560385,85123A,WHITE HANGING HEART T-LIGHT HOLDER,1,2011-07-18 12:53:00,2.95,14583.0,United Kingdom
560385,85123A,WHITE HANGING HEART T-LIGHT HOLDER,1,2011-07-18 12:53:00,2.95,14583.0,United Kingdom
560387,84879,ASSORTED COLOUR BIRD ORNAMENT,10,2011-07-18 13:00:00,1.69,14667.0,United Kingdom
560397,85123A,WHITE HANGING HEART T-LIGHT HOLDER,6,2011-07-18 14:04:00,2.95,17652.0,United Kingdom
560410,85123A,WHITE HANGING HEART T-LIGHT HOLDER,6,2011-07-18 14:28:00,2.95,17213.0,United Kingdom
560433,85123A,WHITE HANGING HEART T-LIGHT HOLDER,4,2011-07-18 15:49:00,5.79,,United Kingdom
560433,21212,PACK OF 72 RETROSPOT CAKE CASES,9,2011-07-18 15:49:00,0.55,,United Kingdom
560433,21212,PACK OF 72 RETROSPOT CAKE CASES,2,2011-07-18 15:49:00,1.25,,United Kingdom
560434,21212,PACK OF 72 RETROSPOT CAKE CASES,1,2011-07-18 15:56:00,1.25,,United Kingdom
560434,85123A,WHITE HANGING HEART T-LIGHT HOLDER,2,2011-07-18 15:56:00,5.79,,United Kingdom
560444,21212,PACK OF 72 RETROSPOT CAKE CASES,1,2011-07-18 17:15:00,0.55,13764.0,United Kingdom
560444,21212,PACK OF 72 RETROSPOT CAKE CASES,3,2011-07-18 17:15:00,0.55,13764.0,United Kingdom
560447,84879,ASSORTED COLOUR BIRD ORNAMENT,32,2011-07-19 09:24:00,1.69,13756.0,United Kingdom
560483,84879,ASSORTED COLOUR BIRD ORNAMENT,32,2011-07-19 10:49:00,1.69,12955.0,United Kingdom
560503,84879,ASSORTED COLOUR BIRD ORNAMENT,8,2011-07-19 11:40:00,1.69,17682.0,United Kingdom
560504,21212,PACK OF 72 RETROSPOT CAKE CASES,24,2011-07-19 11:47:00,0.55,13081.0,United Kingdom
560504,22616,PACK OF 12 LONDON TISSUES ,48,2011-07-19 11:47:00,0.29,13081.0,United Kingdom
560504,85123A,WHITE HANGING HEART T-LIGHT HOLDER,32,2011-07-19 11:47:00,2.55,13081.0,United Kingdom
560527,21212,PACK OF 72 RETROSPOT CAKE CASES,1,2011-07-19 11:57:00,0.55,15727.0,United Kingdom
560539,21212,PACK OF 72 RETROSPOT CAKE CASES,48,2011-07-19 12:19:00,0.55,16745.0,United Kingdom
560547,84879,ASSORTED COLOUR BIRD ORNAMENT,8,2011-07-19 12:39:00,1.69,17419.0,United Kingdom
560554,84879,ASSORTED COLOUR BIRD ORNAMENT,8,2011-07-19 13:01:00,1.69,16232.0,United Kingdom
560554,85123A,WHITE HANGING HEART T-LIGHT HOLDER,6,2011-07-19 13:01:00,2.95,16232.0,United Kingdom
560555,85123A,WHITE HANGING HEART T-LIGHT HOLDER,1,2011-07-19 13:01:00,2.95,14178.0,United Kingdom
560555,85123A,WHITE HANGING HEART T-LIGHT HOLDER,1,2011-07-19 13:01:00,2.95,14178.0,United Kingdom
560555,85123A,WHITE HANGING HEART T-LIGHT HOLDER,1,2011-07-19 13:01:00,2.95,14178.0,United Kingdom
560562,85123A,WHITE HANGING HEART T-LIGHT HOLDER,18,2011-07-19 13:34:00,2.95,15713.0,United Kingdom
560567,21212,PACK OF 72 RETROSPOT CAKE CASES,39,2011-07-19 13:57:00,2.08,,United Kingdom
560576,84879,ASSORTED COLOUR BIRD ORNAMENT,22,2011-07-19 14:59:00,1.69,17287.0,United Kingdom
560577,84879,ASSORTED COLOUR BIRD ORNAMENT,16,2011-07-19 15:07:00,1.69,18223.0,United Kingdom
560579,84879,ASSORTED COLOUR BIRD ORNAMENT,8,2011-07-19 15:13:00,1.69,15867.0,United Kingdom
560597,85123A,WHITE HANGING HEART T-LIGHT HOLDER,96,2011-07-19 16:54:00,2.55,13798.0,United Kingdom
560601,85123A,WHITE HANGING HEART T-LIGHT HOLDER,2,2011-07-19 17:17:00,2.95,16764.0,United Kingdom
560605,22616,PACK OF 12 LONDON TISSUES ,432,2011-07-20 09:30:00,0.25,17306.0,United Kingdom
560644,21212,PACK OF 72 RETROSPOT CAKE CASES,10,2011-07-20 11:22:00,0.55,16271.0,United Kingdom
560644,85123A,WHITE HANGING HEART T-LIGHT HOLDER,10,2011-07-20 11:22:00,2.95,16271.0,United Kingdom
560650,22616,PACK OF 12 LONDON TISSUES ,5,2011-07-20 11:38:00,0.29,15529.0,United Kingdom
560691,21212,PACK OF 72 RETROSPOT CAKE CASES,24,2011-07-20 12:00:00,0.55,13136.0,United Kingdom
560692,85123A,WHITE HANGING HEART T-LIGHT HOLDER,2,2011-07-20 12:01:00,2.95,14704.0,United Kingdom
560695,22616,PACK OF 12 LONDON TISSUES ,240,2011-07-20 12:08:00,0.25,14101.0,United Kingdom
560701,84879,ASSORTED COLOUR BIRD ORNAMENT,8,2011-07-20 12:45:00,1.69,16729.0,United Kingdom
560716,21212,PACK OF 72 RETROSPOT CAKE CASES,24,2011-07-20 13:26:00,0.55,17675.0,United Kingdom
560723,21212,PACK OF 72 RETROSPOT CAKE CASES,2,2011-07-20 13:53:00,0.55,16464.0,United Kingdom
560724,84879,ASSORTED COLOUR BIRD ORNAMENT,10,2011-07-20 13:55:00,1.69,16186.0,United Kingdom
560727,85123A,WHITE HANGING HEART T-LIGHT HOLDER,2,2011-07-20 14:33:00,2.95,13571.0,United Kingdom
560729,85123A,WHITE HANGING HEART T-LIGHT HOLDER,64,2011-07-20 14:39:00,2.55,17511.0,United Kingdom
560732,22616,PACK OF 12 LONDON TISSUES ,12,2011-07-20 14:55:00,0.29,14056.0,United Kingdom
560736,85123A,WHITE HANGING HEART T-LIGHT HOLDER,18,2011-07-20 15:33:00,2.95,15260.0,United Kingdom
560736,21212,PACK OF 72 RETROSPOT CAKE CASES,24,2011-07-20 15:33:00,0.55,15260.0,United Kingdom
560742,85123A,WHITE HANGING HEART T-LIGHT HOLDER,6,2011-07-20 15:44:00,2.95,14755.0,United Kingdom
560772,21212,PACK OF 72 RETROSPOT CAKE CASES,1,2011-07-20 16:12:00,1.25,,United Kingdom
560772,85123A,WHITE HANGING HEART T-LIGHT HOLDER,1,2011-07-20 16:12:00,5.79,,United Kingdom
560772,21212,PACK OF 72 RETROSPOT CAKE CASES,9,2011-07-20 16:12:00,0.55,,United Kingdom
560773,85123A,WHITE HANGING HEART T-LIGHT HOLDER,1,2011-07-20 16:17:00,5.79,,United Kingdom
560773,21212,PACK OF 72 RETROSPOT CAKE CASES,1,2011-07-20 16:17:00,1.25,,United Kingdom
560820,21212,PACK OF 72 RETROSPOT CAKE CASES,1,2011-07-21 10:59:00,0.55,17811.0,United Kingdom
560841,85123A,WHITE HANGING HEART T-LIGHT HOLDER,24,2011-07-21 12:25:00,2.55,14298.0,United Kingdom
560845,84879,ASSORTED COLOUR BIRD ORNAMENT,8,2011-07-21 12:29:00,1.69,15570.0,United Kingdom
560862,85123A,WHITE HANGING HEART T-LIGHT HOLDER,4,2011-07-21 13:48:00,2.95,14085.0,United Kingdom
560862,84879,ASSORTED COLOUR BIRD ORNAMENT,8,2011-07-21 13:48:00,1.69,14085.0,United Kingdom
560870,22616,PACK OF 12 LONDON TISSUES ,24,2011-07-21 14:34:00,0.29,13157.0,United Kingdom
560875,85123A,WHITE HANGING HEART T-LIGHT HOLDER,18,2011-07-21 15:12:00,2.95,13562.0,United Kingdom
560892,84879,ASSORTED COLOUR BIRD ORNAMENT,96,2011-07-21 17:08:00,1.69,13089.0,United Kingdom
560915,85123A,WHITE HANGING HEART T-LIGHT HOLDER,6,2011-07-21 18:19:00,2.95,13313.0,United Kingdom
560918,84879,ASSORTED COLOUR BIRD ORNAMENT,48,2011-07-21 18:27:00,1.69,14849.0,United Kingdom
560926,85123A,WHITE HANGING HEART T-LIGHT HOLDER,3,2011-07-22 09:20:00,5.79,,United Kingdom
560928,84879,ASSORTED COLOUR BIRD ORNAMENT,24,2011-07-22 10:00:00,1.69,14852.0,United Kingdom
560928,85123A,WHITE HANGING HEART T-LIGHT HOLDER,12,2011-07-22 10:00:00,2.95,14852.0,United Kingdom
560937,22616,PACK OF 12 LONDON TISSUES ,12,2011-07-22 10:52:00,0.29,17920.0,United Kingdom
560938,21212,PACK OF 72 RETROSPOT CAKE CASES,6,2011-07-22 11:16:00,2.08,,United Kingdom
560972,85123A,WHITE HANGING HEART T-LIGHT HOLDER,32,2011-07-22 11:44:00,2.55,14209.0,United Kingdom
560976,21212,PACK OF 72 RETROSPOT CAKE CASES,24,2011-07-22 12:08:00,0.55,18146.0,United Kingdom
560980,85123A,WHITE HANGING HEART T-LIGHT HOLDER,32,2011-07-22 12:41:00,2.55,16107.0,United Kingdom
560988,85123A,WHITE HANGING HEART T-LIGHT HOLDER,6,2011-07-22 13:17:00,2.95,15854.0,United Kingdom
560989,85123A,WHITE HANGING HEART T-LIGHT HOLDER,6,2011-07-22 13:20:00,2.95,15704.0,United Kingdom
560989,84879,ASSORTED COLOUR BIRD ORNAMENT,16,2011-07-22 13:20:00,1.69,15704.0,United Kingdom
560992,85123A,WHITE HANGING HEART T-LIGHT HOLDER,6,2011-07-22 13:31:00,2.95,18161.0,United Kingdom
560992,84879,ASSORTED COLOUR BIRD ORNAMENT,16,2011-07-22 13:31:00,1.69,18161.0,United Kingdom
560996,85123A,WHITE HANGING HEART T-LIGHT HOLDER,3,2011-07-22 13:53:00,2.95,17625.0,United Kingdom
560996,21212,PACK OF 72 RETROSPOT CAKE CASES,3,2011-07-22 13:53:00,0.55,17625.0,United Kingdom
561009,85123A,WHITE HANGING HEART T-LIGHT HOLDER,32,2011-07-22 16:03:00,2.55,15856.0,United Kingdom
561021,84879,ASSORTED COLOUR BIRD ORNAMENT,24,2011-07-24 10:03:00,1.69,15465.0,United Kingdom
561024,85123A,WHITE HANGING HEART T-LIGHT HOLDER,64,2011-07-24 10:35:00,2.55,12916.0,United Kingdom
561025,85123A,WHITE HANGING HEART T-LIGHT HOLDER,2,2011-07-24 10:37:00,2.95,16241.0,United Kingdom
561028,22616,PACK OF 12 LONDON TISSUES ,12,2011-07-24 11:06:00,0.29,17769.0,United Kingdom
561028,84879,ASSORTED COLOUR BIRD ORNAMENT,8,2011-07-24 11:06:00,1.69,17769.0,United Kingdom
561030,85123A,WHITE HANGING HEART T-LIGHT HOLDER,4,2011-07-24 11:25:00,2.95,16407.0,United Kingdom
561033,84879,ASSORTED COLOUR BIRD ORNAMENT,8,2011-07-24 11:40:00,1.69,14443.0,United Kingdom
561034,22616,PACK OF 12 LONDON TISSUES ,4,2011-07-24 11:45:00,0.29,15506.0,United Kingdom
561034,22616,PACK OF 12 LONDON TISSUES ,2,2011-07-24 11:45:00,0.29,15506.0,United Kingdom
561034,22616,PACK OF 12 LONDON TISSUES ,1,2011-07-24 11:45:00,0.29,15506.0,United Kingdom
561036,21212,PACK OF 72 RETROSPOT CAKE CASES,4,2011-07-24 11:54:00,0.55,13137.0,United Kingdom
561043,85123A,WHITE HANGING HEART T-LIGHT HOLDER,20,2011-07-24 12:20:00,2.95,15708.0,United Kingdom
561044,85123A,WHITE HANGING HEART T-LIGHT HOLDER,64,2011-07-24 12:26:00,2.55,13831.0,United Kingdom
561068,85123A,WHITE HANGING HEART T-LIGHT HOLDER,6,2011-07-24 14:33:00,2.95,13116.0,United Kingdom
561071,22616,PACK OF 12 LONDON TISSUES ,48,2011-07-24 15:39:00,0.29,14057.0,United Kingdom
561077,21212,PACK OF 72 RETROSPOT CAKE CASES,24,2011-07-24 15:53:00,0.55,17649.0,United Kingdom
561079,84879,ASSORTED COLOUR BIRD ORNAMENT,29,2011-07-24 16:12:00,1.69,13956.0,United Kingdom
561093,21212,PACK OF 72 RETROSPOT CAKE CASES,24,2011-07-25 10:01:00,0.55,12540.0,Spain
561093,85123A,WHITE HANGING HEART T-LIGHT HOLDER,12,2011-07-25 10:01:00,2.95,12540.0,Spain
561093,84879,ASSORTED COLOUR BIRD ORNAMENT,40,2011-07-25 10:01:00,1.69,12540.0,Spain
561095,84879,ASSORTED COLOUR BIRD ORNAMENT,8,2011-07-25 10:19:00,1.69,17040.0,United Kingdom
561097,21212,PACK OF 72 RETROSPOT CAKE CASES,24,2011-07-25 10:47:00,0.55,15981.0,United Kingdom
561099,85123A,WHITE HANGING HEART T-LIGHT HOLDER,1,2011-07-25 11:01:00,2.95,14100.0,United Kingdom
561106,84879,ASSORTED COLOUR BIRD ORNAMENT,16,2011-07-25 11:37:00,1.69,14246.0,United Kingdom
561132,85123A,WHITE HANGING HEART T-LIGHT HOLDER,6,2011-07-25 13:00:00,2.95,14344.0,United Kingdom
561192,85123A,WHITE HANGING HEART T-LIGHT HOLDER,6,2011-07-25 13:45:00,2.95,16033.0,United Kingdom
561192,21212,PACK OF 72 RETROSPOT CAKE CASES,2,2011-07-25 13:45:00,0.55,16033.0,United Kingdom
561194,21212,PACK OF 72 RETROSPOT CAKE CASES,24,2011-07-25 13:54:00,0.55,13814.0,Germany
561195,85123A,WHITE HANGING HEART T-LIGHT HOLDER,2,2011-07-25 13:57:00,2.95,14796.0,United Kingdom
561196,84879,ASSORTED COLOUR BIRD ORNAMENT,40,2011-07-25 14:35:00,1.69,14342.0,United Kingdom
561204,85123A,WHITE HANGING HEART T-LIGHT HOLDER,2,2011-07-25 15:22:00,2.95,12836.0,United Kingdom
561206,85123A,WHITE HANGING HEART T-LIGHT HOLDER,12,2011-07-25 16:18:00,2.95,13110.0,United Kingdom
561208,21212,PACK OF 72 RETROSPOT CAKE CASES,120,2011-07-25 16:39:00,0.42,15372.0,United Kingdom
561214,22616,PACK OF 12 LONDON TISSUES ,6,2011-07-25 17:00:00,0.83,,United Kingdom
561214,85123A,WHITE HANGING HEART T-LIGHT HOLDER,1,2011-07-25 17:00:00,5.79,,United Kingdom
561217,21212,PACK OF 72 RETROSPOT CAKE CASES,1,2011-07-25 17:09:00,1.25,,United Kingdom
561217,22616,PACK OF 12 LONDON TISSUES ,2,2011-07-25 17:09:00,0.83,,United Kingdom
561217,85123A,WHITE HANGING HEART T-LIGHT HOLDER,1,2011-07-25 17:09:00,5.79,,United Kingdom
561218,22616,PACK OF 12 LONDON TISSUES ,3,2011-07-25 17:11:00,0.83,,United Kingdom
561221,85123A,WHITE HANGING HEART T-LIGHT HOLDER,6,2011-07-26 09:23:00,2.95,15281.0,United Kingdom
561226,84879,ASSORTED COLOUR BIRD ORNAMENT,16,2011-07-26 10:13:00,1.69,15618.0,United Kingdom
561247,21212,PACK OF 72 RETROSPOT CAKE CASES,24,2011-07-26 11:38:00,0.55,16592.0,United Kingdom
561331,21212,PACK OF 72 RETROSPOT CAKE CASES,5,2011-07-26 14:24:00,0.55,16809.0,United Kingdom
561332,21212,PACK OF 72 RETROSPOT CAKE CASES,24,2011-07-26 14:25:00,0.55,13492.0,Switzerland
561360,21212,PACK OF 72 RETROSPOT CAKE CASES,120,2011-07-26 15:37:00,0.42,16133.0,United Kingdom
561367,21212,PACK OF 72 RETROSPOT CAKE CASES,11,2011-07-26 15:46:00,2.08,,United Kingdom
561369,22616,PACK OF 12 LONDON TISSUES ,1,2011-07-26 16:22:00,0.83,,United Kingdom
561371,85123A,WHITE HANGING HEART T-LIGHT HOLDER,2,2011-07-26 16:25:00,5.79,,United Kingdom
561383,84879,ASSORTED COLOUR BIRD ORNAMENT,16,2011-07-27 08:35:00,1.69,13730.0,United Kingdom
561388,22616,PACK OF 12 LONDON TISSUES ,96,2011-07-27 09:32:00,0.29,12753.0,Japan
561393,85123A,WHITE HANGING HEART T-LIGHT HOLDER,6,2011-07-27 10:10:00,2.95,18241.0,United Kingdom
561396,85123A,WHITE HANGING HEART T-LIGHT HOLDER,32,2011-07-27 10:40:00,2.55,13458.0,United Kingdom
561396,84879,ASSORTED COLOUR BIRD ORNAMENT,16,2011-07-27 10:40:00,1.69,13458.0,United Kingdom
561455,84879,ASSORTED COLOUR BIRD ORNAMENT,8,2011-07-27 11:58:00,1.69,15095.0,United Kingdom
561463,85123A,WHITE HANGING HEART T-LIGHT HOLDER,3,2011-07-27 12:38:00,2.95,14527.0,United Kingdom
561471,21212,PACK OF 72 RETROSPOT CAKE CASES,48,2011-07-27 13:14:00,0.55,14911.0,EIRE
561485,85123A,WHITE HANGING HEART T-LIGHT HOLDER,4,2011-07-27 13:42:00,2.95,17841.0,United Kingdom
561502,84879,ASSORTED COLOUR BIRD ORNAMENT,16,2011-07-27 14:14:00,1.69,14305.0,United Kingdom
561502,85123A,WHITE HANGING HEART T-LIGHT HOLDER,6,2011-07-27 14:14:00,2.95,14305.0,United Kingdom
561511,85123A,WHITE HANGING HEART T-LIGHT HOLDER,6,2011-07-27 15:02:00,2.95,15624.0,United Kingdom
561513,85123A,WHITE HANGING HEART T-LIGHT HOLDER,1,2011-07-27 15:12:00,5.79,,United Kingdom
561513,22616,PACK OF 12 LONDON TISSUES ,1,2011-07-27 15:12:00,0.83,,United Kingdom
561515,22616,PACK OF 12 LONDON TISSUES ,2,2011-07-27 15:16:00,0.83,,United Kingdom
561529,21212,PACK OF 72 RETROSPOT CAKE CASES,24,2011-07-28 09:19:00,0.55,13013.0,United Kingdom
561534,84879,ASSORTED COLOUR BIRD ORNAMENT,8,2011-07-28 09:45:00,1.69,14307.0,United Kingdom
561534,85123A,WHITE HANGING HEART T-LIGHT HOLDER,6,2011-07-28 09:45:00,2.95,14307.0,United Kingdom
561600,85123A,WHITE HANGING HEART T-LIGHT HOLDER,3,2011-07-28 11:29:00,2.95,15861.0,United Kingdom
561601,21212,PACK OF 72 RETROSPOT CAKE CASES,24,2011-07-28 11:35:00,0.55,18151.0,United Kingdom
561615,84879,ASSORTED COLOUR BIRD ORNAMENT,16,2011-07-28 12:57:00,1.69,13319.0,United Kingdom
561626,84879,ASSORTED COLOUR BIRD ORNAMENT,8,2011-07-28 14:03:00,1.69,14898.0,United Kingdom
561626,84879,ASSORTED COLOUR BIRD ORNAMENT,8,2011-07-28 14:03:00,1.69,14898.0,United Kingdom
561648,22616,PACK OF 12 LONDON TISSUES ,12,2011-07-28 15:21:00,0.29,15746.0,United Kingdom
561651,85123A,WHITE HANGING HEART T-LIGHT HOLDER,1,2011-07-28 15:36:00,5.79,,United Kingdom
561651,84879,ASSORTED COLOUR BIRD ORNAMENT,16,2011-07-28 15:36:00,1.69,,United Kingdom
561651,21212,PACK OF 72 RETROSPOT CAKE CASES,1,2011-07-28 15:36:00,1.25,,United Kingdom
561654,84879,ASSORTED COLOUR BIRD ORNAMENT,8,2011-07-28 15:58:00,1.69,14973.0,United Kingdom
561658,84879,ASSORTED COLOUR BIRD ORNAMENT,3,2011-07-28 16:06:00,1.69,12743.0,Unspecified
561659,85123A,WHITE HANGING HEART T-LIGHT HOLDER,480,2011-07-28 16:11:00,3.24,17450.0,United Kingdom
561661,84879,ASSORTED COLOUR BIRD ORNAMENT,3,2011-07-28 16:21:00,1.69,12743.0,Unspecified
561667,84879,ASSORTED COLOUR BIRD ORNAMENT,16,2011-07-28 17:00:00,1.69,,EIRE
561678,21212,PACK OF 72 RETROSPOT CAKE CASES,1,2011-07-28 18:33:00,0.55,17931.0,United Kingdom
561686,85123A,WHITE HANGING HEART T-LIGHT HOLDER,6,2011-07-29 08:29:00,2.95,13148.0,United Kingdom
561694,85123A,WHITE HANGING HEART T-LIGHT HOLDER,6,2011-07-29 09:57:00,2.95,16147.0,United Kingdom
561697,85123A,WHITE HANGING HEART T-LIGHT HOLDER,6,2011-07-29 10:06:00,2.95,18127.0,United Kingdom
561698,84879,ASSORTED COLOUR BIRD ORNAMENT,8,2011-07-29 10:21:00,1.69,15974.0,United Kingdom
561701,22616,PACK OF 12 LONDON TISSUES ,24,2011-07-29 10:41:00,0.29,13102.0,United Kingdom
561702,85123A,WHITE HANGING HEART T-LIGHT HOLDER,6,2011-07-29 10:58:00,2.95,15149.0,United Kingdom
561712,85123A,WHITE HANGING HEART T-LIGHT HOLDER,6,2011-07-29 11:49:00,2.95,14499.0,United Kingdom
561715,22616,PACK OF 12 LONDON TISSUES ,24,2011-07-29 12:03:00,0.29,13102.0,United Kingdom
561715,85123A,WHITE HANGING HEART T-LIGHT HOLDER,12,2011-07-29 12:03:00,2.95,13102.0,United Kingdom
561732,84879,ASSORTED COLOUR BIRD ORNAMENT,16,2011-07-29 12:13:00,1.69,14511.0,United Kingdom
561743,84879,ASSORTED COLOUR BIRD ORNAMENT,24,2011-07-29 12:16:00,1.69,13089.0,United Kingdom
561774,84879,ASSORTED COLOUR BIRD ORNAMENT,8,2011-07-29 12:41:00,1.69,16729.0,United Kingdom
561783,21212,PACK OF 72 RETROSPOT CAKE CASES,24,2011-07-29 12:50:00,0.55,16062.0,United Kingdom
561794,84879,ASSORTED COLOUR BIRD ORNAMENT,24,2011-07-29 13:11:00,1.69,12921.0,United Kingdom
561795,21212,PACK OF 72 RETROSPOT CAKE CASES,24,2011-07-29 13:28:00,0.55,12716.0,France
561798,21212,PACK OF 72 RETROSPOT CAKE CASES,24,2011-07-29 13:39:00,0.55,14911.0,EIRE
561798,85123A,WHITE HANGING HEART T-LIGHT HOLDER,12,2011-07-29 13:39:00,2.95,14911.0,EIRE
561799,84879,ASSORTED COLOUR BIRD ORNAMENT,8,2011-07-29 13:46:00,1.69,15776.0,United Kingdom
561816,84879,ASSORTED COLOUR BIRD ORNAMENT,32,2011-07-29 15:46:00,1.69,16184.0,United Kingdom
561817,84879,ASSORTED COLOUR BIRD ORNAMENT,24,2011-07-29 15:51:00,1.69,12921.0,United Kingdom
561818,85123A,WHITE HANGING HEART T-LIGHT HOLDER,2,2011-07-29 15:51:00,2.95,16775.0,United Kingdom
561819,85123A,WHITE HANGING HEART T-LIGHT HOLDER,12,2011-07-29 15:59:00,2.95,13928.0,United Kingdom
561820,84879,ASSORTED COLOUR BIRD ORNAMENT,8,2011-07-29 16:00:00,1.69,,United Kingdom
561857,85123A,WHITE HANGING HEART T-LIGHT HOLDER,6,2011-07-29 16:24:00,2.95,13004.0,United Kingdom
561862,85123A,WHITE HANGING HEART T-LIGHT HOLDER,32,2011-07-31 10:38:00,2.55,15569.0,United Kingdom
561865,85123A,WHITE HANGING HEART T-LIGHT HOLDER,32,2011-07-31 10:47:00,2.55,15569.0,United Kingdom
561869,85123A,WHITE HANGING HEART T-LIGHT HOLDER,4,2011-07-31 11:38:00,2.95,16764.0,United Kingdom
561870,84879,ASSORTED COLOUR BIRD ORNAMENT,8,2011-07-31 11:45:00,1.69,14911.0,EIRE
561870,21212,PACK OF 72 RETROSPOT CAKE CASES,24,2011-07-31 11:45:00,0.55,14911.0,EIRE
561875,21212,PACK OF 72 RETROSPOT CAKE CASES,120,2011-07-31 12:05:00,0.42,14885.0,United Kingdom
561876,85123A,WHITE HANGING HEART T-LIGHT HOLDER,2,2011-07-31 12:08:00,2.95,14472.0,United Kingdom
561876,84879,ASSORTED COLOUR BIRD ORNAMENT,16,2011-07-31 12:08:00,1.69,14472.0,United Kingdom
561879,21212,PACK OF 72 RETROSPOT CAKE CASES,24,2011-07-31 12:43:00,0.55,13722.0,United Kingdom
561882,85123A,WHITE HANGING HEART T-LIGHT HOLDER,18,2011-07-31 12:52:00,2.95,13388.0,United Kingdom
561882,84879,ASSORTED COLOUR BIRD ORNAMENT,8,2011-07-31 12:52:00,1.69,13388.0,United Kingdom
561888,85123A,WHITE HANGING HEART T-LIGHT HOLDER,6,2011-07-31 13:36:00,2.95,14092.0,United Kingdom
561889,84879,ASSORTED COLOUR BIRD ORNAMENT,16,2011-07-31 13:37:00,1.69,15804.0,United Kingdom
561894,84879,ASSORTED COLOUR BIRD ORNAMENT,8,2011-07-31 15:00:00,1.69,14456.0,United Kingdom
561894,22616,PACK OF 12 LONDON TISSUES ,1,2011-07-31 15:00:00,0.29,14456.0,United Kingdom
561894,85123A,WHITE HANGING HEART T-LIGHT HOLDER,1,2011-07-31 15:00:00,2.95,14456.0,United Kingdom
561898,84879,ASSORTED COLOUR BIRD ORNAMENT,8,2011-07-31 15:25:00,1.69,12456.0,Switzerland
561899,85123A,WHITE HANGING HEART T-LIGHT HOLDER,12,2011-07-31 15:26:00,2.95,17173.0,United Kingdom
561900,21212,PACK OF 72 RETROSPOT CAKE CASES,6,2011-07-31 15:31:00,0.55,16655.0,United Kingdom
561901,21212,PACK OF 72 RETROSPOT CAKE CASES,360,2011-07-31 15:42:00,0.55,14156.0,EIRE
561906,21212,PACK OF 72 RETROSPOT CAKE CASES,24,2011-08-01 10:03:00,0.55,12921.0,United Kingdom
561910,85123A,WHITE HANGING HEART T-LIGHT HOLDER,12,2011-08-01 10:23:00,2.95,17053.0,United Kingdom
561911,84879,ASSORTED COLOUR BIRD ORNAMENT,8,2011-08-01 10:26:00,1.69,12534.0,Germany
561914,85123A,WHITE HANGING HEART T-LIGHT HOLDER,6,2011-08-01 11:13:00,2.95,17676.0,United Kingdom
561915,84879,ASSORTED COLOUR BIRD ORNAMENT,16,2011-08-01 11:23:00,1.69,14408.0,United Kingdom
561923,85123A,WHITE HANGING HEART T-LIGHT HOLDER,6,2011-08-01 12:16:00,2.95,14112.0,United Kingdom
561926,84879,ASSORTED COLOUR BIRD ORNAMENT,8,2011-08-01 12:48:00,1.69,12749.0,United Kingdom
561933,85123A,WHITE HANGING HEART T-LIGHT HOLDER,12,2011-08-01 12:56:00,2.95,12949.0,United Kingdom
561933,84879,ASSORTED COLOUR BIRD ORNAMENT,16,2011-08-01 12:56:00,1.69,12949.0,United Kingdom
562002,85123A,WHITE HANGING HEART T-LIGHT HOLDER,12,2011-08-01 13:48:00,2.95,14567.0,United Kingdom
562017,85123A,WHITE HANGING HEART T-LIGHT HOLDER,12,2011-08-01 14:16:00,2.95,14937.0,Channel Islands
562024,22616,PACK OF 12 LONDON TISSUES ,1,2011-08-01 16:07:00,0.83,,United Kingdom
562024,85123A,WHITE HANGING HEART T-LIGHT HOLDER,1,2011-08-01 16:07:00,5.79,,United Kingdom
562024,84879,ASSORTED COLOUR BIRD ORNAMENT,8,2011-08-01 16:07:00,1.69,,United Kingdom
562031,84879,ASSORTED COLOUR BIRD ORNAMENT,32,2011-08-01 17:37:00,1.69,16984.0,United Kingdom
562046,21212,PACK OF 72 RETROSPOT CAKE CASES,24,2011-08-02 10:34:00,0.55,12378.0,Switzerland
562093,85123A,WHITE HANGING HEART T-LIGHT HOLDER,32,2011-08-02 12:59:00,2.55,13777.0,United Kingdom
562104,21212,PACK OF 72 RETROSPOT CAKE CASES,16,2011-08-02 14:31:00,2.08,,United Kingdom
562113,84879,ASSORTED COLOUR BIRD ORNAMENT,16,2011-08-02 16:11:00,1.69,,United Kingdom
562120,84879,ASSORTED COLOUR BIRD ORNAMENT,8,2011-08-02 17:04:00,1.69,13756.0,United Kingdom
562129,85123A,WHITE HANGING HEART T-LIGHT HOLDER,6,2011-08-03 09:09:00,2.95,13186.0,United Kingdom
562133,84879,ASSORTED COLOUR BIRD ORNAMENT,2,2011-08-03 09:47:00,1.69,16419.0,United Kingdom
562146,84879,ASSORTED COLOUR BIRD ORNAMENT,32,2011-08-03 10:45:00,1.69,17675.0,United Kingdom
562152,85123A,WHITE HANGING HEART T-LIGHT HOLDER,32,2011-08-03 10:56:00,2.55,16168.0,United Kingdom
562155,22616,PACK OF 12 LONDON TISSUES ,216,2011-08-03 11:24:00,0.25,17940.0,United Kingdom
562163,85123A,WHITE HANGING HEART T-LIGHT HOLDER,12,2011-08-03 12:06:00,2.95,15628.0,United Kingdom
562173,85123A,WHITE HANGING HEART T-LIGHT HOLDER,5,2011-08-03 12:12:00,2.95,14530.0,United Kingdom
562202,84879,ASSORTED COLOUR BIRD ORNAMENT,8,2011-08-03 12:33:00,1.69,15290.0,United Kingdom
562204,85123A,WHITE HANGING HEART T-LIGHT HOLDER,3,2011-08-03 12:54:00,2.95,16324.0,United Kingdom
562204,85123A,WHITE HANGING HEART T-LIGHT HOLDER,1,2011-08-03 12:54:00,2.95,16324.0,United Kingdom
562205,84879,ASSORTED COLOUR BIRD ORNAMENT,16,2011-08-03 12:55:00,1.69,18055.0,United Kingdom
562207,21212,PACK OF 72 RETROSPOT CAKE CASES,120,2011-08-03 12:56:00,0.42,12643.0,France
562210,85123A,WHITE HANGING HEART T-LIGHT HOLDER,6,2011-08-03 13:10:00,2.95,13486.0,United Kingdom
562213,21212,PACK OF 72 RETROSPOT CAKE CASES,6,2011-08-03 13:39:00,0.55,13975.0,United Kingdom
562214,84879,ASSORTED COLOUR BIRD ORNAMENT,16,2011-08-03 13:39:00,1.69,17731.0,United Kingdom
562218,85123A,WHITE HANGING HEART T-LIGHT HOLDER,12,2011-08-03 14:07:00,2.95,13851.0,United Kingdom
562219,85123A,WHITE HANGING HEART T-LIGHT HOLDER,12,2011-08-03 14:14:00,2.95,15089.0,United Kingdom
562220,84879,ASSORTED COLOUR BIRD ORNAMENT,8,2011-08-03 14:19:00,1.69,15150.0,United Kingdom
562224,22616,PACK OF 12 LONDON TISSUES ,432,2011-08-03 14:35:00,0.25,17306.0,United Kingdom
562263,85123A,WHITE HANGING HEART T-LIGHT HOLDER,2,2011-08-03 15:45:00,2.95,17514.0,United Kingdom
562264,21212,PACK OF 72 RETROSPOT CAKE CASES,1,2011-08-03 16:14:00,1.25,,United Kingdom
562276,21212,PACK OF 72 RETROSPOT CAKE CASES,24,2011-08-04 10:23:00,0.55,17735.0,United Kingdom
562341,85123A,WHITE HANGING HEART T-LIGHT HOLDER,3,2011-08-04 12:13:00,2.95,15005.0,United Kingdom
562343,22616,PACK OF 12 LONDON TISSUES ,1008,2011-08-04 12:13:00,0.29,17381.0,United Kingdom
562345,21212,PACK OF 72 RETROSPOT CAKE CASES,120,2011-08-04 12:14:00,0.42,13694.0,United Kingdom
562347,85123A,WHITE HANGING HEART T-LIGHT HOLDER,4,2011-08-04 12:22:00,2.95,13263.0,United Kingdom
562348,85123A,WHITE HANGING HEART T-LIGHT HOLDER,64,2011-08-04 12:36:00,2.55,17511.0,United Kingdom
562348,84879,ASSORTED COLOUR BIRD ORNAMENT,160,2011-08-04 12:36:00,1.45,17511.0,United Kingdom
562365,85123A,WHITE HANGING HEART T-LIGHT HOLDER,4,2011-08-04 13:51:00,2.95,14344.0,United Kingdom
562368,84879,ASSORTED COLOUR BIRD ORNAMENT,48,2011-08-04 14:06:00,1.69,16570.0,United Kingdom
562368,21212,PACK OF 72 RETROSPOT CAKE CASES,24,2011-08-04 14:06:00,0.55,16570.0,United Kingdom
562377,85123A,WHITE HANGING HEART T-LIGHT HOLDER,12,2011-08-04 15:04:00,2.95,14535.0,United Kingdom
562378,84879,ASSORTED COLOUR BIRD ORNAMENT,160,2011-08-04 15:07:00,1.45,15046.0,United Kingdom
562379,85123A,WHITE HANGING HEART T-LIGHT HOLDER,12,2011-08-04 15:17:00,2.95,15134.0,United Kingdom
562381,21212,PACK OF 72 RETROSPOT CAKE CASES,24,2011-08-04 15:33:00,0.55,16873.0,United Kingdom
562388,21212,PACK OF 72 RETROSPOT CAKE CASES,6,2011-08-04 15:52:00,0.55,18099.0,United Kingdom
562388,22616,PACK OF 12 LONDON TISSUES ,12,2011-08-04 15:52:00,0.29,18099.0,United Kingdom
562393,85123A,WHITE HANGING HEART T-LIGHT HOLDER,24,2011-08-04 16:17:00,2.95,18172.0,United Kingdom
562393,84879,ASSORTED COLOUR BIRD ORNAMENT,24,2011-08-04 16:17:00,1.69,18172.0,United Kingdom
562417,84879,ASSORTED COLOUR BIRD ORNAMENT,16,2011-08-04 16:32:00,1.69,,United Kingdom
562420,22616,PACK OF 12 LONDON TISSUES ,1,2011-08-04 16:38:00,0.83,,United Kingdom
562420,85123A,WHITE HANGING HEART T-LIGHT HOLDER,3,2011-08-04 16:38:00,5.79,,United Kingdom
562420,84879,ASSORTED COLOUR BIRD ORNAMENT,8,2011-08-04 16:38:00,1.69,,United Kingdom
562427,84879,ASSORTED COLOUR BIRD ORNAMENT,3,2011-08-04 17:19:00,1.69,17267.0,United Kingdom
562429,84879,ASSORTED COLOUR BIRD ORNAMENT,36,2011-08-04 17:23:00,1.69,13767.0,United Kingdom
562439,84879,ASSORTED COLOUR BIRD ORNAMENT,2880,2011-08-04 18:06:00,1.45,12931.0,United Kingdom
562444,85123A,WHITE HANGING HEART T-LIGHT HOLDER,4,2011-08-04 18:44:00,2.95,14713.0,United Kingdom
562448,84879,ASSORTED COLOUR BIRD ORNAMENT,24,2011-08-04 19:22:00,1.69,17428.0,United Kingdom
562455,84879,ASSORTED COLOUR BIRD ORNAMENT,8,2011-08-05 10:32:00,1.69,18097.0,United Kingdom
562456,84879,ASSORTED COLOUR BIRD ORNAMENT,24,2011-08-05 10:39:00,1.69,15194.0,United Kingdom
562457,21212,PACK OF 72 RETROSPOT CAKE CASES,24,2011-08-05 11:00:00,0.55,18079.0,United Kingdom
562460,85123A,WHITE HANGING HEART T-LIGHT HOLDER,3,2011-08-05 11:19:00,2.95,17841.0,United Kingdom
562460,22616,PACK OF 12 LONDON TISSUES ,14,2011-08-05 11:19:00,0.29,17841.0,United Kingdom
562465,84879,ASSORTED COLOUR BIRD ORNAMENT,8,2011-08-05 11:46:00,1.69,13908.0,United Kingdom
562516,85123A,WHITE HANGING HEART T-LIGHT HOLDER,12,2011-08-05 12:25:00,2.95,15129.0,United Kingdom
562519,85123A,WHITE HANGING HEART T-LIGHT HOLDER,8,2011-08-05 12:37:00,2.95,16764.0,United Kingdom
562526,22616,PACK OF 12 LONDON TISSUES ,24,2011-08-05 13:46:00,0.29,16880.0,United Kingdom
562528,85123A,WHITE HANGING HEART T-LIGHT HOLDER,6,2011-08-05 13:52:00,2.95,12610.0,Italy
562534,84879,ASSORTED COLOUR BIRD ORNAMENT,24,2011-08-05 14:49:00,1.69,14031.0,United Kingdom
562539,84879,ASSORTED COLOUR BIRD ORNAMENT,1,2011-08-05 15:30:00,1.69,17220.0,United Kingdom
562539,84879,ASSORTED COLOUR BIRD ORNAMENT,2,2011-08-05 15:30:00,1.69,17220.0,United Kingdom
562542,85123A,WHITE HANGING HEART T-LIGHT HOLDER,5,2011-08-05 15:40:00,2.95,17377.0,United Kingdom
562551,84879,ASSORTED COLOUR BIRD ORNAMENT,3,2011-08-05 16:19:00,1.69,17231.0,United Kingdom
562553,85123A,WHITE HANGING HEART T-LIGHT HOLDER,4,2011-08-05 16:34:00,5.79,,United Kingdom
562553,84879,ASSORTED COLOUR BIRD ORNAMENT,16,2011-08-05 16:34:00,1.69,,United Kingdom
562558,21212,PACK OF 72 RETROSPOT CAKE CASES,6,2011-08-05 16:43:00,0.55,13451.0,United Kingdom
562558,22616,PACK OF 12 LONDON TISSUES ,3,2011-08-05 16:43:00,0.29,13451.0,United Kingdom
562565,85123A,WHITE HANGING HEART T-LIGHT HOLDER,2,2011-08-07 10:45:00,2.95,16206.0,United Kingdom
562571,85123A,WHITE HANGING HEART T-LIGHT HOLDER,2,2011-08-07 12:21:00,2.95,13782.0,United Kingdom
562574,21212,PACK OF 72 RETROSPOT CAKE CASES,2,2011-08-07 12:42:00,0.55,14903.0,United Kingdom
562574,84879,ASSORTED COLOUR BIRD ORNAMENT,1,2011-08-07 12:42:00,1.69,14903.0,United Kingdom
562575,85123A,WHITE HANGING HEART T-LIGHT HOLDER,6,2011-08-07 12:54:00,2.95,15411.0,United Kingdom
562579,85123A,WHITE HANGING HEART T-LIGHT HOLDER,32,2011-08-07 13:30:00,2.55,16950.0,United Kingdom
562587,21212,PACK OF 72 RETROSPOT CAKE CASES,24,2011-08-07 14:34:00,0.55,15640.0,United Kingdom
562587,85123A,WHITE HANGING HEART T-LIGHT HOLDER,32,2011-08-07 14:34:00,2.55,15640.0,United Kingdom
562587,84879,ASSORTED COLOUR BIRD ORNAMENT,160,2011-08-07 14:34:00,1.45,15640.0,United Kingdom
562593,85123A,WHITE HANGING HEART T-LIGHT HOLDER,9,2011-08-07 15:43:00,2.95,16549.0,United Kingdom
562593,22616,PACK OF 12 LONDON TISSUES ,4,2011-08-07 15:43:00,0.29,16549.0,United Kingdom
562595,85123A,WHITE HANGING HEART T-LIGHT HOLDER,6,2011-08-07 15:52:00,2.95,17602.0,United Kingdom
562599,84879,ASSORTED COLOUR BIRD ORNAMENT,8,2011-08-08 10:01:00,1.69,13013.0,United Kingdom
562604,85123A,WHITE HANGING HEART T-LIGHT HOLDER,6,2011-08-08 10:51:00,2.95,17611.0,United Kingdom
562607,84879,ASSORTED COLOUR BIRD ORNAMENT,8,2011-08-08 11:45:00,1.69,12885.0,United Kingdom
562611,21212,PACK OF 72 RETROSPOT CAKE CASES,24,2011-08-08 11:58:00,0.55,17716.0,United Kingdom
562611,85123A,WHITE HANGING HEART T-LIGHT HOLDER,32,2011-08-08 11:58:00,2.55,17716.0,United Kingdom
562615,85123A,WHITE HANGING HEART T-LIGHT HOLDER,5,2011-08-08 12:20:00,2.95,16458.0,United Kingdom
562652,85123A,WHITE HANGING HEART T-LIGHT HOLDER,6,2011-08-08 13:34:00,2.95,14844.0,United Kingdom
562670,21212,PACK OF 72 RETROSPOT CAKE CASES,24,2011-08-08 13:42:00,0.55,14911.0,EIRE
562688,84879,ASSORTED COLOUR BIRD ORNAMENT,16,2011-08-08 13:53:00,1.69,13869.0,United Kingdom
562688,85123A,WHITE HANGING HEART T-LIGHT HOLDER,9,2011-08-08 13:53:00,2.95,13869.0,United Kingdom
562701,84879,ASSORTED COLOUR BIRD ORNAMENT,48,2011-08-08 13:59:00,1.69,13767.0,United Kingdom
562708,85123A,WHITE HANGING HEART T-LIGHT HOLDER,4,2011-08-08 14:15:00,2.95,17085.0,United Kingdom
562711,85123A,WHITE HANGING HEART T-LIGHT HOLDER,5,2011-08-08 14:53:00,2.95,16788.0,United Kingdom
562715,84879,ASSORTED COLOUR BIRD ORNAMENT,16,2011-08-08 15:34:00,1.69,,United Kingdom
562715,21212,PACK OF 72 RETROSPOT CAKE CASES,2,2011-08-08 15:34:00,1.25,,United Kingdom
562716,84879,ASSORTED COLOUR BIRD ORNAMENT,8,2011-08-08 15:35:00,1.69,14257.0,United Kingdom
562716,85123A,WHITE HANGING HEART T-LIGHT HOLDER,6,2011-08-08 15:35:00,2.95,14257.0,United Kingdom
562717,21212,PACK OF 72 RETROSPOT CAKE CASES,1,2011-08-08 15:42:00,1.25,,United Kingdom
562717,84879,ASSORTED COLOUR BIRD ORNAMENT,24,2011-08-08 15:42:00,1.69,,United Kingdom
562733,84879,ASSORTED COLOUR BIRD ORNAMENT,24,2011-08-09 10:20:00,1.69,14626.0,United Kingdom
562733,85123A,WHITE HANGING HEART T-LIGHT HOLDER,32,2011-08-09 10:20:00,2.55,14626.0,United Kingdom
562767,85123A,WHITE HANGING HEART T-LIGHT HOLDER,6,2011-08-09 10:47:00,2.95,13769.0,United Kingdom
562767,84879,ASSORTED COLOUR BIRD ORNAMENT,8,2011-08-09 10:47:00,1.69,13769.0,United Kingdom
562770,85123A,WHITE HANGING HEART T-LIGHT HOLDER,12,2011-08-09 11:56:00,2.95,17139.0,United Kingdom
562777,85123A,WHITE HANGING HEART T-LIGHT HOLDER,32,2011-08-09 12:52:00,2.55,15247.0,United Kingdom
562784,85123A,WHITE HANGING HEART T-LIGHT HOLDER,2,2011-08-09 13:22:00,2.95,16791.0,United Kingdom
562792,85123A,WHITE HANGING HEART T-LIGHT HOLDER,2,2011-08-09 14:18:00,2.95,17634.0,United Kingdom
562807,21212,PACK OF 72 RETROSPOT CAKE CASES,120,2011-08-09 14:57:00,0.42,16053.0,United Kingdom
562809,85123A,WHITE HANGING HEART T-LIGHT HOLDER,3,2011-08-09 15:12:00,2.95,16775.0,United Kingdom
562839,22616,PACK OF 12 LONDON TISSUES ,12,2011-08-09 16:17:00,0.29,14056.0,United Kingdom
562841,21212,PACK OF 72 RETROSPOT CAKE CASES,24,2011-08-09 16:42:00,0.55,17675.0,United Kingdom
562842,85123A,WHITE HANGING HEART T-LIGHT HOLDER,32,2011-08-09 16:44:00,2.55,17675.0,United Kingdom
562843,84879,ASSORTED COLOUR BIRD ORNAMENT,16,2011-08-09 17:37:00,1.69,,United Kingdom
562844,84879,ASSORTED COLOUR BIRD ORNAMENT,8,2011-08-10 08:41:00,1.69,12444.0,Norway
562846,21212,PACK OF 72 RETROSPOT CAKE CASES,33,2011-08-10 09:29:00,2.08,,United Kingdom
562847,84879,ASSORTED COLOUR BIRD ORNAMENT,8,2011-08-10 09:34:00,1.69,16245.0,United Kingdom
562849,22616,PACK OF 12 LONDON TISSUES ,24,2011-08-10 09:52:00,0.29,16700.0,United Kingdom
562849,84879,ASSORTED COLOUR BIRD ORNAMENT,8,2011-08-10 09:52:00,1.69,16700.0,United Kingdom
562878,85123A,WHITE HANGING HEART T-LIGHT HOLDER,2,2011-08-10 10:45:00,2.95,16241.0,United Kingdom
562893,84879,ASSORTED COLOUR BIRD ORNAMENT,8,2011-08-10 12:25:00,1.69,17442.0,United Kingdom
562907,84879,ASSORTED COLOUR BIRD ORNAMENT,16,2011-08-10 12:44:00,1.69,14116.0,United Kingdom
562918,85123A,WHITE HANGING HEART T-LIGHT HOLDER,32,2011-08-10 13:51:00,2.55,15615.0,United Kingdom
562923,84879,ASSORTED COLOUR BIRD ORNAMENT,40,2011-08-10 14:34:00,1.69,16996.0,United Kingdom
562928,22616,PACK OF 12 LONDON TISSUES ,36,2011-08-10 15:29:00,0.29,15494.0,United Kingdom
562930,85123A,WHITE HANGING HEART T-LIGHT HOLDER,32,2011-08-10 16:01:00,2.55,14209.0,United Kingdom
562933,85123A,WHITE HANGING HEART T-LIGHT HOLDER,2,2011-08-10 16:51:00,5.79,,United Kingdom
562933,84879,ASSORTED COLOUR BIRD ORNAMENT,8,2011-08-10 16:51:00,1.69,,United Kingdom
562934,21212,PACK OF 72 RETROSPOT CAKE CASES,3,2011-08-10 16:56:00,1.25,,United Kingdom
562934,22616,PACK OF 12 LONDON TISSUES ,2,2011-08-10 16:56:00,0.83,,United Kingdom
562935,85123A,WHITE HANGING HEART T-LIGHT HOLDER,64,2011-08-10 17:11:00,2.55,14156.0,EIRE
562939,22616,PACK OF 12 LONDON TISSUES ,24,2011-08-11 08:37:00,0.29,15498.0,United Kingdom
562955,22616,PACK OF 12 LONDON TISSUES ,1,2011-08-11 10:14:00,0.79,,United Kingdom
562964,85123A,WHITE HANGING HEART T-LIGHT HOLDER,12,2011-08-11 10:29:00,2.95,13488.0,United Kingdom
562964,84879,ASSORTED COLOUR BIRD ORNAMENT,8,2011-08-11 10:29:00,1.69,13488.0,United Kingdom
562999,21212,PACK OF 72 RETROSPOT CAKE CASES,24,2011-08-11 11:51:00,0.55,15117.0,United Kingdom
563012,21212,PACK OF 72 RETROSPOT CAKE CASES,3,2011-08-11 12:00:00,0.55,17284.0,United Kingdom
563014,85123A,WHITE HANGING HEART T-LIGHT HOLDER,32,2011-08-11 12:17:00,2.55,13408.0,United Kingdom
563023,84879,ASSORTED COLOUR BIRD ORNAMENT,16,2011-08-11 13:39:00,1.69,14639.0,United Kingdom
563030,84879,ASSORTED COLOUR BIRD ORNAMENT,16,2011-08-11 14:36:00,1.69,14834.0,United Kingdom
563031,85123A,WHITE HANGING HEART T-LIGHT HOLDER,1,2011-08-11 14:38:00,2.95,13263.0,United Kingdom
563035,85123A,WHITE HANGING HEART T-LIGHT HOLDER,3,2011-08-11 14:54:00,2.95,17790.0,United Kingdom
563070,22616,PACK OF 12 LONDON TISSUES ,12,2011-08-11 15:34:00,0.29,14099.0,United Kingdom
563074,84879,ASSORTED COLOUR BIRD ORNAMENT,968,2011-08-11 15:58:00,1.45,12931.0,United Kingdom
563089,85123A,WHITE HANGING HEART T-LIGHT HOLDER,12,2011-08-11 16:54:00,2.95,15469.0,United Kingdom
563098,21212,PACK OF 72 RETROSPOT CAKE CASES,24,2011-08-12 09:14:00,0.55,14911.0,EIRE
563104,85123A,WHITE HANGING HEART T-LIGHT HOLDER,6,2011-08-12 10:13:00,2.95,13888.0,United Kingdom
563110,84879,ASSORTED COLOUR BIRD ORNAMENT,24,2011-08-12 11:07:00,1.69,14849.0,United Kingdom
563110,21212,PACK OF 72 RETROSPOT CAKE CASES,24,2011-08-12 11:07:00,0.55,14849.0,United Kingdom
563169,85123A,WHITE HANGING HEART T-LIGHT HOLDER,12,2011-08-12 12:42:00,2.95,14911.0,EIRE
563169,21212,PACK OF 72 RETROSPOT CAKE CASES,24,2011-08-12 12:42:00,0.55,14911.0,EIRE
563181,85123A,WHITE HANGING HEART T-LIGHT HOLDER,6,2011-08-12 14:32:00,2.95,16612.0,United Kingdom
563182,84879,ASSORTED COLOUR BIRD ORNAMENT,8,2011-08-12 14:33:00,1.69,17122.0,United Kingdom
563184,85123A,WHITE HANGING HEART T-LIGHT HOLDER,4,2011-08-12 14:50:00,2.95,17516.0,United Kingdom
563191,22616,PACK OF 12 LONDON TISSUES ,24,2011-08-12 16:07:00,0.29,16678.0,United Kingdom
563195,21212,PACK OF 72 RETROSPOT CAKE CASES,2,2011-08-12 16:36:00,1.25,,United Kingdom
563195,22616,PACK OF 12 LONDON TISSUES ,2,2011-08-12 16:36:00,0.83,,United Kingdom
563198,85123A,WHITE HANGING HEART T-LIGHT HOLDER,32,2011-08-14 10:38:00,2.55,15270.0,United Kingdom
563200,84879,ASSORTED COLOUR BIRD ORNAMENT,3,2011-08-14 10:49:00,1.69,13838.0,United Kingdom
563206,85123A,WHITE HANGING HEART T-LIGHT HOLDER,10,2011-08-14 12:08:00,2.95,17613.0,United Kingdom
563209,84879,ASSORTED COLOUR BIRD ORNAMENT,8,2011-08-14 12:23:00,1.69,13527.0,United Kingdom
563210,85123A,WHITE HANGING HEART T-LIGHT HOLDER,6,2011-08-14 12:27:00,2.95,16466.0,United Kingdom
563214,21212,PACK OF 72 RETROSPOT CAKE CASES,3,2011-08-14 12:56:00,0.55,16370.0,United Kingdom
563214,85123A,WHITE HANGING HEART T-LIGHT HOLDER,4,2011-08-14 12:56:00,2.95,16370.0,United Kingdom
563216,22616,PACK OF 12 LONDON TISSUES ,1,2011-08-14 13:14:00,0.29,17841.0,United Kingdom
563238,84879,ASSORTED COLOUR BIRD ORNAMENT,64,2011-08-15 09:59:00,1.69,15093.0,United Kingdom
563239,22616,PACK OF 12 LONDON TISSUES ,24,2011-08-15 10:02:00,0.29,15048.0,United Kingdom
563242,85123A,WHITE HANGING HEART T-LIGHT HOLDER,12,2011-08-15 10:28:00,2.95,17173.0,United Kingdom
563248,21212,PACK OF 72 RETROSPOT CAKE CASES,6,2011-08-15 11:30:00,0.55,14702.0,United Kingdom
563250,85123A,WHITE HANGING HEART T-LIGHT HOLDER,12,2011-08-15 11:38:00,2.95,15624.0,United Kingdom
563253,85123A,WHITE HANGING HEART T-LIGHT HOLDER,32,2011-08-15 12:04:00,2.55,15218.0,United Kingdom
563257,85123A,WHITE HANGING HEART T-LIGHT HOLDER,6,2011-08-15 12:07:00,2.95,13799.0,United Kingdom
563345,21212,PACK OF 72 RETROSPOT CAKE CASES,48,2011-08-15 13:22:00,0.55,12619.0,Germany
563352,85123A,WHITE HANGING HEART T-LIGHT HOLDER,6,2011-08-15 14:32:00,2.95,15706.0,United Kingdom
563354,85123A,WHITE HANGING HEART T-LIGHT HOLDER,4,2011-08-15 14:35:00,2.95,15271.0,United Kingdom
563360,85123A,WHITE HANGING HEART T-LIGHT HOLDER,32,2011-08-15 15:06:00,2.55,15023.0,United Kingdom
563362,21212,PACK OF 72 RETROSPOT CAKE CASES,24,2011-08-15 16:13:00,0.55,15114.0,United Kingdom
563377,85123A,WHITE HANGING HEART T-LIGHT HOLDER,12,2011-08-16 10:44:00,2.95,15002.0,United Kingdom
563377,84879,ASSORTED COLOUR BIRD ORNAMENT,16,2011-08-16 10:44:00,1.69,15002.0,United Kingdom
563430,85123A,WHITE HANGING HEART T-LIGHT HOLDER,32,2011-08-16 11:50:00,2.55,14918.0,United Kingdom
563430,21212,PACK OF 72 RETROSPOT CAKE CASES,24,2011-08-16 11:50:00,0.55,14918.0,United Kingdom
563434,22616,PACK OF 12 LONDON TISSUES ,48,2011-08-16 12:21:00,0.29,14057.0,United Kingdom
563435,85123A,WHITE HANGING HEART T-LIGHT HOLDER,32,2011-08-16 12:29:00,2.55,16131.0,United Kingdom
563435,84879,ASSORTED COLOUR BIRD ORNAMENT,24,2011-08-16 12:29:00,1.69,16131.0,United Kingdom
563439,21212,PACK OF 72 RETROSPOT CAKE CASES,26,2011-08-16 13:05:00,2.08,,United Kingdom
563439,21212,PACK OF 72 RETROSPOT CAKE CASES,1,2011-08-16 13:05:00,5.0,,United Kingdom
563441,85123A,WHITE HANGING HEART T-LIGHT HOLDER,5,2011-08-16 13:13:00,2.95,13140.0,United Kingdom
563442,84879,ASSORTED COLOUR BIRD ORNAMENT,8,2011-08-16 13:25:00,1.69,17637.0,United Kingdom
563444,85123A,WHITE HANGING HEART T-LIGHT HOLDER,6,2011-08-16 13:50:00,2.95,16033.0,United Kingdom
563444,84879,ASSORTED COLOUR BIRD ORNAMENT,4,2011-08-16 13:50:00,1.69,16033.0,United Kingdom
563476,84879,ASSORTED COLOUR BIRD ORNAMENT,8,2011-08-16 15:22:00,1.69,17682.0,United Kingdom
563502,85123A,WHITE HANGING HEART T-LIGHT HOLDER,32,2011-08-17 08:50:00,2.55,12722.0,France
563533,85123A,WHITE HANGING HEART T-LIGHT HOLDER,1,2011-08-17 11:14:00,2.95,16241.0,United Kingdom
563538,22616,PACK OF 12 LONDON TISSUES ,16,2011-08-17 11:48:00,0.29,17841.0,United Kingdom
563546,22616,PACK OF 12 LONDON TISSUES ,24,2011-08-17 12:24:00,0.29,16729.0,United Kingdom
563550,84879,ASSORTED COLOUR BIRD ORNAMENT,8,2011-08-17 12:50:00,1.69,14194.0,United Kingdom
563550,21212,PACK OF 72 RETROSPOT CAKE CASES,24,2011-08-17 12:50:00,0.55,14194.0,United Kingdom
563555,85123A,WHITE HANGING HEART T-LIGHT HOLDER,10,2011-08-17 13:21:00,2.95,16755.0,United Kingdom
563557,22616,PACK OF 12 LONDON TISSUES ,24,2011-08-17 13:33:00,0.29,15786.0,United Kingdom
563557,21212,PACK OF 72 RETROSPOT CAKE CASES,24,2011-08-17 13:33:00,0.55,15786.0,United Kingdom
563557,85123A,WHITE HANGING HEART T-LIGHT HOLDER,12,2011-08-17 13:33:00,2.95,15786.0,United Kingdom
563557,84879,ASSORTED COLOUR BIRD ORNAMENT,16,2011-08-17 13:33:00,1.69,15786.0,United Kingdom
563560,21212,PACK OF 72 RETROSPOT CAKE CASES,24,2011-08-17 14:00:00,0.55,12971.0,United Kingdom
563565,85123A,WHITE HANGING HEART T-LIGHT HOLDER,8,2011-08-17 14:22:00,2.95,17338.0,United Kingdom
563569,85123A,WHITE HANGING HEART T-LIGHT HOLDER,6,2011-08-17 14:47:00,2.95,18257.0,United Kingdom
563580,84879,ASSORTED COLOUR BIRD ORNAMENT,8,2011-08-17 15:53:00,1.69,16706.0,United Kingdom
563613,21212,PACK OF 72 RETROSPOT CAKE CASES,24,2011-08-18 08:49:00,0.55,12688.0,Israel
563616,21212,PACK OF 72 RETROSPOT CAKE CASES,1200,2011-08-18 09:39:00,0.4,13027.0,United Kingdom
563626,21212,PACK OF 72 RETROSPOT CAKE CASES,24,2011-08-18 10:31:00,0.55,16187.0,United Kingdom
563680,21212,PACK OF 72 RETROSPOT CAKE CASES,24,2011-08-18 12:06:00,0.55,18272.0,United Kingdom
563698,84879,ASSORTED COLOUR BIRD ORNAMENT,15,2011-08-18 13:46:00,1.69,14667.0,United Kingdom
563699,84879,ASSORTED COLOUR BIRD ORNAMENT,16,2011-08-18 13:47:00,1.69,13381.0,United Kingdom
563699,21212,PACK OF 72 RETROSPOT CAKE CASES,24,2011-08-18 13:47:00,0.55,13381.0,United Kingdom
563706,84879,ASSORTED COLOUR BIRD ORNAMENT,8,2011-08-18 14:48:00,1.69,14189.0,United Kingdom
563706,85123A,WHITE HANGING HEART T-LIGHT HOLDER,6,2011-08-18 14:48:00,2.95,14189.0,United Kingdom
563709,84879,ASSORTED COLOUR BIRD ORNAMENT,8,2011-08-18 15:17:00,1.69,15472.0,United Kingdom
563710,84879,ASSORTED COLOUR BIRD ORNAMENT,16,2011-08-18 15:28:00,1.69,17742.0,United Kingdom
563721,21212,PACK OF 72 RETROSPOT CAKE CASES,24,2011-08-18 16:27:00,0.55,15232.0,United Kingdom
563722,84879,ASSORTED COLOUR BIRD ORNAMENT,16,2011-08-18 16:32:00,1.69,17720.0,United Kingdom
563723,84879,ASSORTED COLOUR BIRD ORNAMENT,16,2011-08-18 16:43:00,1.69,13319.0,United Kingdom
563728,21212,PACK OF 72 RETROSPOT CAKE CASES,1,2011-08-18 17:09:00,0.55,17045.0,United Kingdom
563730,85123A,WHITE HANGING HEART T-LIGHT HOLDER,6,2011-08-18 17:43:00,2.95,14221.0,United Kingdom
563732,21212,PACK OF 72 RETROSPOT CAKE CASES,24,2011-08-18 17:50:00,0.55,15125.0,United Kingdom
563733,21212,PACK OF 72 RETROSPOT CAKE CASES,24,2011-08-18 17:57:00,0.55,18225.0,United Kingdom
563735,22616,PACK OF 12 LONDON TISSUES ,12,2011-08-18 18:15:00,0.29,16743.0,United Kingdom
563738,85123A,WHITE HANGING HEART T-LIGHT HOLDER,3,2011-08-18 19:13:00,2.95,15024.0,United Kingdom
563745,21212,PACK OF 72 RETROSPOT CAKE CASES,24,2011-08-19 09:38:00,0.55,15159.0,United Kingdom
563747,84879,ASSORTED COLOUR BIRD ORNAMENT,160,2011-08-19 10:05:00,1.45,13089.0,United Kingdom
563822,84879,ASSORTED COLOUR BIRD ORNAMENT,32,2011-08-19 12:13:00,1.69,16184.0,United Kingdom
563832,84879,ASSORTED COLOUR BIRD ORNAMENT,8,2011-08-19 12:33:00,1.69,16419.0,United Kingdom
563832,84879,ASSORTED COLOUR BIRD ORNAMENT,8,2011-08-19 12:33:00,1.69,16419.0,United Kingdom
563834,84879,ASSORTED COLOUR BIRD ORNAMENT,16,2011-08-19 12:50:00,1.69,14401.0,United Kingdom
563845,21212,PACK OF 72 RETROSPOT CAKE CASES,24,2011-08-19 14:39:00,0.55,12991.0,United Kingdom
563854,21212,PACK OF 72 RETROSPOT CAKE CASES,24,2011-08-19 15:24:00,0.55,12364.0,Belgium
563858,85123A,WHITE HANGING HEART T-LIGHT HOLDER,6,2011-08-19 16:04:00,2.95,18170.0,United Kingdom
563903,21212,PACK OF 72 RETROSPOT CAKE CASES,4,2011-08-21 11:15:00,0.55,17068.0,United Kingdom
563905,84879,ASSORTED COLOUR BIRD ORNAMENT,8,2011-08-21 11:43:00,1.69,13267.0,United Kingdom
563912,84879,ASSORTED COLOUR BIRD ORNAMENT,48,2011-08-21 12:58:00,1.69,17675.0,United Kingdom
563920,85123A,WHITE HANGING HEART T-LIGHT HOLDER,6,2011-08-21 14:00:00,2.95,16407.0,United Kingdom
563922,22616,PACK OF 12 LONDON TISSUES ,1,2011-08-21 14:10:00,0.29,14529.0,United Kingdom
563922,85123A,WHITE HANGING HEART T-LIGHT HOLDER,2,2011-08-21 14:10:00,2.95,14529.0,United Kingdom
563922,84879,ASSORTED COLOUR BIRD ORNAMENT,1,2011-08-21 14:10:00,1.69,14529.0,United Kingdom
563924,21212,PACK OF 72 RETROSPOT CAKE CASES,3,2011-08-21 14:32:00,0.55,15984.0,United Kingdom
563924,84879,ASSORTED COLOUR BIRD ORNAMENT,8,2011-08-21 14:32:00,1.69,15984.0,United Kingdom
563928,21212,PACK OF 72 RETROSPOT CAKE CASES,1,2011-08-21 15:17:00,0.55,17059.0,United Kingdom
563928,84879,ASSORTED COLOUR BIRD ORNAMENT,16,2011-08-21 15:17:00,1.69,17059.0,United Kingdom
563930,85123A,WHITE HANGING HEART T-LIGHT HOLDER,1,2011-08-21 15:43:00,2.95,,United Kingdom
563931,85123A,WHITE HANGING HEART T-LIGHT HOLDER,6,2011-08-21 15:49:00,2.95,14895.0,United Kingdom
563938,84879,ASSORTED COLOUR BIRD ORNAMENT,160,2011-08-22 09:21:00,1.45,18144.0,United Kingdom
563939,84879,ASSORTED COLOUR BIRD ORNAMENT,8,2011-08-22 09:28:00,1.69,14959.0,United Kingdom
563952,84879,ASSORTED COLOUR BIRD ORNAMENT,32,2011-08-22 10:44:00,1.69,15572.0,United Kingdom
564017,22616,PACK OF 12 LONDON TISSUES ,48,2011-08-22 11:44:00,0.29,14057.0,United Kingdom
564034,21212,PACK OF 72 RETROSPOT CAKE CASES,24,2011-08-22 12:22:00,0.55,12935.0,United Kingdom
564039,21212,PACK OF 72 RETROSPOT CAKE CASES,24,2011-08-22 12:40:00,0.55,12645.0,Germany
564046,85123A,WHITE HANGING HEART T-LIGHT HOLDER,400,2011-08-22 12:59:00,2.55,16013.0,United Kingdom
564048,85123A,WHITE HANGING HEART T-LIGHT HOLDER,16,2011-08-22 13:20:00,2.55,16013.0,United Kingdom
564049,22616,PACK OF 12 LONDON TISSUES ,1,2011-08-22 13:30:00,0.29,17585.0,United Kingdom
564049,22616,PACK OF 12 LONDON TISSUES ,2,2011-08-22 13:30:00,0.29,17585.0,United Kingdom
564050,21212,PACK OF 72 RETROSPOT CAKE CASES,24,2011-08-22 13:32:00,0.55,17160.0,United Kingdom
564052,84879,ASSORTED COLOUR BIRD ORNAMENT,6,2011-08-22 13:40:00,1.69,15033.0,United Kingdom
564061,85123A,WHITE HANGING HEART T-LIGHT HOLDER,4,2011-08-22 14:38:00,2.95,14505.0,United Kingdom
564090,21212,PACK OF 72 RETROSPOT CAKE CASES,24,2011-08-23 09:53:00,0.55,17041.0,United Kingdom
564090,85123A,WHITE HANGING HEART T-LIGHT HOLDER,6,2011-08-23 09:53:00,2.95,17041.0,United Kingdom
564092,84879,ASSORTED COLOUR BIRD ORNAMENT,32,2011-08-23 10:24:00,1.69,13767.0,United Kingdom
564135,21212,PACK OF 72 RETROSPOT CAKE CASES,12,2011-08-23 11:12:00,0.55,16550.0,United Kingdom
564139,85123A,WHITE HANGING HEART T-LIGHT HOLDER,1,2011-08-23 11:41:00,2.95,16904.0,United Kingdom
564145,84879,ASSORTED COLOUR BIRD ORNAMENT,16,2011-08-23 12:18:00,1.69,14329.0,United Kingdom
564147,21212,PACK OF 72 RETROSPOT CAKE CASES,24,2011-08-23 12:21:00,0.55,14004.0,United Kingdom
564160,85123A,WHITE HANGING HEART T-LIGHT HOLDER,96,2011-08-23 12:47:00,2.55,15569.0,United Kingdom
564164,22616,PACK OF 12 LONDON TISSUES ,300,2011-08-23 13:30:00,0.25,17940.0,United Kingdom
564165,85123A,WHITE HANGING HEART T-LIGHT HOLDER,6,2011-08-23 13:35:00,2.95,13593.0,United Kingdom
564184,21212,PACK OF 72 RETROSPOT CAKE CASES,48,2011-08-23 15:11:00,0.55,,EIRE
564185,85123A,WHITE HANGING HEART T-LIGHT HOLDER,1,2011-08-23 15:14:00,2.95,,United Kingdom
564187,85123A,WHITE HANGING HEART T-LIGHT HOLDER,4,2011-08-23 15:24:00,2.95,15005.0,United Kingdom
564197,85123A,WHITE HANGING HEART T-LIGHT HOLDER,6,2011-08-23 17:13:00,2.95,13425.0,United Kingdom
564197,21212,PACK OF 72 RETROSPOT CAKE CASES,24,2011-08-23 17:13:00,0.55,13425.0,United Kingdom
564199,85123A,WHITE HANGING HEART T-LIGHT HOLDER,2,2011-08-23 17:31:00,2.95,13263.0,United Kingdom
564201,84879,ASSORTED COLOUR BIRD ORNAMENT,40,2011-08-24 08:09:00,1.69,12540.0,Spain
564221,22616,PACK OF 12 LONDON TISSUES ,1,2011-08-24 09:36:00,0.79,,United Kingdom
564230,21212,PACK OF 72 RETROSPOT CAKE CASES,24,2011-08-24 10:22:00,2.08,,United Kingdom
564231,84879,ASSORTED COLOUR BIRD ORNAMENT,8,2011-08-24 10:22:00,1.69,13468.0,United Kingdom
564248,85123A,WHITE HANGING HEART T-LIGHT HOLDER,32,2011-08-24 10:37:00,2.55,13798.0,United Kingdom
564256,21212,PACK OF 72 RETROSPOT CAKE CASES,4,2011-08-24 10:45:00,0.55,14796.0,United Kingdom
564301,85123A,WHITE HANGING HEART T-LIGHT HOLDER,12,2011-08-24 11:54:00,2.95,14299.0,United Kingdom
564305,21212,PACK OF 72 RETROSPOT CAKE CASES,24,2011-08-24 12:20:00,0.55,14875.0,United Kingdom
564313,21212,PACK OF 72 RETROSPOT CAKE CASES,24,2011-08-24 12:54:00,0.55,13728.0,United Kingdom
564318,84879,ASSORTED COLOUR BIRD ORNAMENT,24,2011-08-24 13:15:00,1.69,14035.0,United Kingdom
564330,85123A,WHITE HANGING HEART T-LIGHT HOLDER,6,2011-08-24 13:57:00,2.95,13411.0,United Kingdom
564333,22616,PACK OF 12 LONDON TISSUES ,24,2011-08-24 14:14:00,0.29,13199.0,United Kingdom
564335,22616,PACK OF 12 LONDON TISSUES ,1,2011-08-24 14:23:00,0.29,15800.0,United Kingdom
564335,85123A,WHITE HANGING HEART T-LIGHT HOLDER,2,2011-08-24 14:23:00,2.95,15800.0,United Kingdom
564342,21212,PACK OF 72 RETROSPOT CAKE CASES,1,2011-08-24 14:53:00,0.55,16340.0,United Kingdom
564342,21212,PACK OF 72 RETROSPOT CAKE CASES,1,2011-08-24 14:53:00,0.55,16340.0,United Kingdom
564355,85123A,WHITE HANGING HEART T-LIGHT HOLDER,6,2011-08-24 15:12:00,2.95,13507.0,United Kingdom
564357,84879,ASSORTED COLOUR BIRD ORNAMENT,24,2011-08-24 15:51:00,1.69,14973.0,United Kingdom
564366,84879,ASSORTED COLOUR BIRD ORNAMENT,24,2011-08-25 08:58:00,1.69,13236.0,United Kingdom
564374,85123A,WHITE HANGING HEART T-LIGHT HOLDER,6,2011-08-25 10:00:00,2.95,16589.0,United Kingdom
564375,84879,ASSORTED COLOUR BIRD ORNAMENT,160,2011-08-25 10:16:00,1.45,13078.0,United Kingdom
564376,85123A,WHITE HANGING HEART T-LIGHT HOLDER,64,2011-08-25 10:25:00,2.55,14196.0,United Kingdom
564398,85123A,WHITE HANGING HEART T-LIGHT HOLDER,6,2011-08-25 10:55:00,2.95,18241.0,United Kingdom
564476,21212,PACK OF 72 RETROSPOT CAKE CASES,24,2011-08-25 12:57:00,0.55,12610.0,Italy
564476,85123A,WHITE HANGING HEART T-LIGHT HOLDER,12,2011-08-25 12:57:00,2.95,12610.0,Italy
564477,84879,ASSORTED COLOUR BIRD ORNAMENT,8,2011-08-25 12:59:00,1.69,13854.0,United Kingdom
564484,84879,ASSORTED COLOUR BIRD ORNAMENT,8,2011-08-25 13:46:00,1.69,13634.0,United Kingdom
564503,84879,ASSORTED COLOUR BIRD ORNAMENT,24,2011-08-25 14:23:00,1.69,13971.0,United Kingdom
564526,22616,PACK OF 12 LONDON TISSUES ,24,2011-08-25 14:50:00,0.29,15805.0,United Kingdom
564530,85123A,WHITE HANGING HEART T-LIGHT HOLDER,1,2011-08-25 14:57:00,0.0,,United Kingdom
564532,84879,ASSORTED COLOUR BIRD ORNAMENT,8,2011-08-25 15:04:00,1.69,14055.0,United Kingdom
564535,85123A,WHITE HANGING HEART T-LIGHT HOLDER,6,2011-08-25 15:10:00,2.95,18075.0,United Kingdom
564538,84879,ASSORTED COLOUR BIRD ORNAMENT,160,2011-08-25 15:21:00,1.45,13408.0,United Kingdom
564541,84879,ASSORTED COLOUR BIRD ORNAMENT,8,2011-08-25 15:35:00,1.69,16309.0,United Kingdom
564542,85123A,WHITE HANGING HEART T-LIGHT HOLDER,6,2011-08-25 15:47:00,2.95,16458.0,United Kingdom
564552,85123A,WHITE HANGING HEART T-LIGHT HOLDER,6,2011-08-25 17:22:00,2.95,16670.0,United Kingdom
564559,84879,ASSORTED COLOUR BIRD ORNAMENT,8,2011-08-26 09:37:00,1.69,15811.0,United Kingdom
564565,21212,PACK OF 72 RETROSPOT CAKE CASES,48,2011-08-26 10:50:00,0.55,14911.0,EIRE
564572,21212,PACK OF 72 RETROSPOT CAKE CASES,24,2011-08-26 11:18:00,0.55,15078.0,United Kingdom
564614,84879,ASSORTED COLOUR BIRD ORNAMENT,16,2011-08-26 11:35:00,1.69,13994.0,United Kingdom
564626,85123A,WHITE HANGING HEART T-LIGHT HOLDER,12,2011-08-26 11:40:00,2.95,18167.0,United Kingdom
564632,84879,ASSORTED COLOUR BIRD ORNAMENT,16,2011-08-26 11:58:00,1.69,16556.0,United Kingdom
564632,85123A,WHITE HANGING HEART T-LIGHT HOLDER,12,2011-08-26 11:58:00,2.95,16556.0,United Kingdom
564646,21212,PACK OF 72 RETROSPOT CAKE CASES,5,2011-08-26 13:39:00,2.08,,United Kingdom
564647,22616,PACK OF 12 LONDON TISSUES ,12,2011-08-26 13:56:00,0.29,17920.0,United Kingdom
564650,21212,PACK OF 72 RETROSPOT CAKE CASES,120,2011-08-26 14:17:00,0.42,14646.0,Netherlands
564713,85123A,WHITE HANGING HEART T-LIGHT HOLDER,2,2011-08-28 10:43:00,2.95,16768.0,United Kingdom
564713,85123A,WHITE HANGING HEART T-LIGHT HOLDER,3,2011-08-28 10:43:00,2.95,16768.0,United Kingdom
564715,84879,ASSORTED COLOUR BIRD ORNAMENT,8,2011-08-28 11:01:00,1.69,14472.0,United Kingdom
564715,85123A,WHITE HANGING HEART T-LIGHT HOLDER,2,2011-08-28 11:01:00,2.95,14472.0,United Kingdom
564719,84879,ASSORTED COLOUR BIRD ORNAMENT,4,2011-08-28 11:55:00,1.69,15325.0,United Kingdom
564721,84879,ASSORTED COLOUR BIRD ORNAMENT,32,2011-08-28 12:01:00,1.69,15095.0,United Kingdom
564722,85123A,WHITE HANGING HEART T-LIGHT HOLDER,5,2011-08-28 12:06:00,2.95,16456.0,United Kingdom
564724,85123A,WHITE HANGING HEART T-LIGHT HOLDER,2,2011-08-28 12:16:00,2.95,15555.0,United Kingdom
564725,21212,PACK OF 72 RETROSPOT CAKE CASES,1,2011-08-28 12:28:00,0.55,18041.0,United Kingdom
564729,21212,PACK OF 72 RETROSPOT CAKE CASES,4,2011-08-28 12:44:00,0.55,13137.0,United Kingdom
564731,84879,ASSORTED COLOUR BIRD ORNAMENT,8,2011-08-28 12:57:00,1.69,16186.0,United Kingdom
564732,85123A,WHITE HANGING HEART T-LIGHT HOLDER,8,2011-08-28 13:08:00,2.95,16466.0,United Kingdom
564732,85123A,WHITE HANGING HEART T-LIGHT HOLDER,6,2011-08-28 13:08:00,2.95,16466.0,United Kingdom
564735,84879,ASSORTED COLOUR BIRD ORNAMENT,8,2011-08-28 13:35:00,1.69,15856.0,United Kingdom
564737,85123A,WHITE HANGING HEART T-LIGHT HOLDER,12,2011-08-28 14:00:00,2.95,15312.0,United Kingdom
564740,85123A,WHITE HANGING HEART T-LIGHT HOLDER,2,2011-08-28 14:39:00,2.95,14044.0,United Kingdom
564750,21212,PACK OF 72 RETROSPOT CAKE CASES,24,2011-08-30 09:36:00,0.55,17690.0,United Kingdom
564755,21212,PACK OF 72 RETROSPOT CAKE CASES,2,2011-08-30 10:31:00,1.25,,United Kingdom
564756,22616,PACK OF 12 LONDON TISSUES ,1,2011-08-30 10:33:00,0.83,,United Kingdom
564756,85123A,WHITE HANGING HEART T-LIGHT HOLDER,1,2011-08-30 10:33:00,5.79,,United Kingdom
564757,21212,PACK OF 72 RETROSPOT CAKE CASES,3,2011-08-30 10:36:00,1.25,,United Kingdom
564758,21212,PACK OF 72 RETROSPOT CAKE CASES,1,2011-08-30 10:39:00,1.25,,United Kingdom
564758,85123A,WHITE HANGING HEART T-LIGHT HOLDER,2,2011-08-30 10:39:00,2.95,,United Kingdom
564760,21212,PACK OF 72 RETROSPOT CAKE CASES,1,2011-08-30 10:47:00,1.25,,United Kingdom
564760,22616,PACK OF 12 LONDON TISSUES ,14,2011-08-30 10:47:00,0.83,,United Kingdom
564817,21212,PACK OF 72 RETROSPOT CAKE CASES,1,2011-08-30 12:02:00,1.25,,United Kingdom
564818,85123A,WHITE HANGING HEART T-LIGHT HOLDER,6,2011-08-30 12:10:00,2.95,,United Kingdom
564820,21212,PACK OF 72 RETROSPOT CAKE CASES,1,2011-08-30 12:16:00,1.25,,United Kingdom
564835,22616,PACK OF 12 LONDON TISSUES ,1,2011-08-30 12:31:00,0.83,,United Kingdom
564835,85123A,WHITE HANGING HEART T-LIGHT HOLDER,2,2011-08-30 12:31:00,2.95,,United Kingdom
564835,21212,PACK OF 72 RETROSPOT CAKE CASES,1,2011-08-30 12:31:00,1.25,,United Kingdom
564837,21212,PACK OF 72 RETROSPOT CAKE CASES,1,2011-08-30 12:40:00,1.25,,United Kingdom
564838,85123A,WHITE HANGING HEART T-LIGHT HOLDER,1,2011-08-30 12:43:00,5.79,,United Kingdom
564840,85123A,WHITE HANGING HEART T-LIGHT HOLDER,1,2011-08-30 12:49:00,5.79,,United Kingdom
564840,85123A,WHITE HANGING HEART T-LIGHT HOLDER,3,2011-08-30 12:49:00,2.95,,United Kingdom
564841,21212,PACK OF 72 RETROSPOT CAKE CASES,4,2011-08-30 13:42:00,2.08,,United Kingdom
564846,85123A,WHITE HANGING HEART T-LIGHT HOLDER,15,2011-08-30 15:16:00,2.95,14507.0,United Kingdom
564846,84879,ASSORTED COLOUR BIRD ORNAMENT,8,2011-08-30 15:16:00,1.69,14507.0,United Kingdom
564849,85123A,WHITE HANGING HEART T-LIGHT HOLDER,32,2011-08-30 15:42:00,2.55,17675.0,United Kingdom
564868,84879,ASSORTED COLOUR BIRD ORNAMENT,16,2011-08-31 10:42:00,1.69,16842.0,United Kingdom
564961,85123A,WHITE HANGING HEART T-LIGHT HOLDER,32,2011-08-31 14:28:00,2.55,14525.0,United Kingdom
564972,21212,PACK OF 72 RETROSPOT CAKE CASES,24,2011-08-31 15:30:00,0.55,12621.0,Germany
564974,22616,PACK OF 12 LONDON TISSUES ,1,2011-08-31 15:32:00,0.83,,United Kingdom
564974,85123A,WHITE HANGING HEART T-LIGHT HOLDER,1,2011-08-31 15:32:00,2.95,,United Kingdom
564975,85123A,WHITE HANGING HEART T-LIGHT HOLDER,2,2011-08-31 15:35:00,2.95,17097.0,Spain
564976,21212,PACK OF 72 RETROSPOT CAKE CASES,13,2011-08-31 15:49:00,0.55,17315.0,United Kingdom
564995,85123A,WHITE HANGING HEART T-LIGHT HOLDER,2,2011-08-31 16:09:00,2.95,16780.0,United Kingdom
565067,22616,PACK OF 12 LONDON TISSUES ,12,2011-08-31 17:16:00,0.29,15856.0,United Kingdom
565084,22616,PACK OF 12 LONDON TISSUES ,432,2011-09-01 09:39:00,0.25,17306.0,United Kingdom
565088,85123A,WHITE HANGING HEART T-LIGHT HOLDER,6,2011-09-01 10:11:00,2.95,16145.0,United Kingdom
565092,85123A,WHITE HANGING HEART T-LIGHT HOLDER,12,2011-09-01 10:36:00,2.95,14092.0,United Kingdom
565092,21212,PACK OF 72 RETROSPOT CAKE CASES,24,2011-09-01 10:36:00,0.55,14092.0,United Kingdom
565117,85123A,WHITE HANGING HEART T-LIGHT HOLDER,32,2011-09-01 11:33:00,2.55,13089.0,United Kingdom
565117,84879,ASSORTED COLOUR BIRD ORNAMENT,40,2011-09-01 11:33:00,1.69,13089.0,United Kingdom
565121,85123A,WHITE HANGING HEART T-LIGHT HOLDER,6,2011-09-01 11:43:00,2.95,14239.0,United Kingdom
565129,21212,PACK OF 72 RETROSPOT CAKE CASES,3,2011-09-01 12:41:00,0.55,15719.0,United Kingdom
565129,85123A,WHITE HANGING HEART T-LIGHT HOLDER,5,2011-09-01 12:41:00,2.95,15719.0,United Kingdom
565133,85123A,WHITE HANGING HEART T-LIGHT HOLDER,12,2011-09-01 12:46:00,2.95,13458.0,United Kingdom
565150,85123A,WHITE HANGING HEART T-LIGHT HOLDER,24,2011-09-01 14:26:00,2.55,14298.0,United Kingdom
565153,21212,PACK OF 72 RETROSPOT CAKE CASES,24,2011-09-01 14:47:00,0.55,18241.0,United Kingdom
565198,84879,ASSORTED COLOUR BIRD ORNAMENT,8,2011-09-01 16:18:00,1.69,16729.0,United Kingdom
565198,22616,PACK OF 12 LONDON TISSUES ,24,2011-09-01 16:18:00,0.39,16729.0,United Kingdom
565199,84879,ASSORTED COLOUR BIRD ORNAMENT,48,2011-09-01 16:30:00,1.69,18171.0,United Kingdom
565201,21212,PACK OF 72 RETROSPOT CAKE CASES,24,2011-09-01 16:41:00,0.55,14907.0,United Kingdom
565207,85123A,WHITE HANGING HEART T-LIGHT HOLDER,3,2011-09-01 16:46:00,2.95,16764.0,United Kingdom
565208,85123A,WHITE HANGING HEART T-LIGHT HOLDER,12,2011-09-01 16:50:00,2.95,18172.0,United Kingdom
565226,21212,PACK OF 72 RETROSPOT CAKE CASES,48,2011-09-02 08:50:00,0.55,16992.0,United Kingdom
565230,85123A,WHITE HANGING HEART T-LIGHT HOLDER,96,2011-09-02 09:24:00,2.55,16705.0,United Kingdom
565231,85123A,WHITE HANGING HEART T-LIGHT HOLDER,4,2011-09-02 09:26:00,2.95,,United Kingdom
565232,21212,PACK OF 72 RETROSPOT CAKE CASES,1,2011-09-02 09:30:00,1.25,,United Kingdom
565232,84879,ASSORTED COLOUR BIRD ORNAMENT,8,2011-09-02 09:30:00,3.12,,United Kingdom
565232,85123A,WHITE HANGING HEART T-LIGHT HOLDER,1,2011-09-02 09:30:00,5.79,,United Kingdom
565234,85123A,WHITE HANGING HEART T-LIGHT HOLDER,1,2011-09-02 09:38:00,5.79,,United Kingdom
565235,21212,PACK OF 72 RETROSPOT CAKE CASES,24,2011-09-02 09:43:00,0.55,13418.0,United Kingdom
565243,85123A,WHITE HANGING HEART T-LIGHT HOLDER,18,2011-09-02 10:20:00,2.95,16735.0,United Kingdom
565316,85123A,WHITE HANGING HEART T-LIGHT HOLDER,12,2011-09-02 12:52:00,2.95,15628.0,United Kingdom
565320,21212,PACK OF 72 RETROSPOT CAKE CASES,120,2011-09-02 13:10:00,0.42,16745.0,United Kingdom
565332,84879,ASSORTED COLOUR BIRD ORNAMENT,8,2011-09-02 14:09:00,1.69,13695.0,United Kingdom
565338,21212,PACK OF 72 RETROSPOT CAKE CASES,24,2011-09-02 14:39:00,0.55,14948.0,United Kingdom
565378,21212,PACK OF 72 RETROSPOT CAKE CASES,11,2011-09-02 15:16:00,2.08,,United Kingdom
565396,21212,PACK OF 72 RETROSPOT CAKE CASES,1,2011-09-02 16:39:00,1.25,,United Kingdom
565396,85123A,WHITE HANGING HEART T-LIGHT HOLDER,2,2011-09-02 16:39:00,5.79,,United Kingdom
565398,85123A,WHITE HANGING HEART T-LIGHT HOLDER,32,2011-09-02 16:50:00,2.55,15856.0,United Kingdom
565416,21212,PACK OF 72 RETROSPOT CAKE CASES,24,2011-09-04 12:00:00,0.55,12710.0,Germany
565419,84879,ASSORTED COLOUR BIRD ORNAMENT,8,2011-09-04 12:07:00,1.69,13808.0,United Kingdom
565421,21212,PACK OF 72 RETROSPOT CAKE CASES,1,2011-09-04 12:10:00,0.55,16744.0,United Kingdom
565421,21212,PACK OF 72 RETROSPOT CAKE CASES,1,2011-09-04 12:10:00,0.55,16744.0,United Kingdom
565427,85123A,WHITE HANGING HEART T-LIGHT HOLDER,2,2011-09-04 12:49:00,2.95,17774.0,United Kingdom
565432,85123A,WHITE HANGING HEART T-LIGHT HOLDER,2,2011-09-04 13:16:00,2.95,16241.0,United Kingdom
565434,21212,PACK OF 72 RETROSPOT CAKE CASES,3,2011-09-04 13:35:00,0.55,12867.0,United Kingdom
565434,21212,PACK OF 72 RETROSPOT CAKE CASES,2,2011-09-04 13:35:00,0.55,12867.0,United Kingdom
565434,84879,ASSORTED COLOUR BIRD ORNAMENT,16,2011-09-04 13:35:00,1.69,12867.0,United Kingdom
565439,84879,ASSORTED COLOUR BIRD ORNAMENT,24,2011-09-04 13:56:00,1.69,14852.0,United Kingdom
565439,85123A,WHITE HANGING HEART T-LIGHT HOLDER,12,2011-09-04 13:56:00,2.95,14852.0,United Kingdom
565443,84879,ASSORTED COLOUR BIRD ORNAMENT,16,2011-09-04 14:22:00,1.69,12567.0,France
565447,21212,PACK OF 72 RETROSPOT CAKE CASES,24,2011-09-04 15:20:00,0.55,14107.0,United Kingdom
565451,84879,ASSORTED COLOUR BIRD ORNAMENT,16,2011-09-04 15:37:00,1.69,15365.0,United Kingdom
565453,21212,PACK OF 72 RETROSPOT CAKE CASES,24,2011-09-04 16:05:00,0.55,15136.0,United Kingdom
565457,85123A,WHITE HANGING HEART T-LIGHT HOLDER,12,2011-09-05 09:07:00,2.95,14565.0,United Kingdom
565465,84879,ASSORTED COLOUR BIRD ORNAMENT,24,2011-09-05 09:46:00,1.69,15364.0,United Kingdom
565471,21212,PACK OF 72 RETROSPOT CAKE CASES,24,2011-09-05 10:12:00,0.55,13931.0,United Kingdom
565475,21212,PACK OF 72 RETROSPOT CAKE CASES,120,2011-09-05 10:47:00,0.42,14156.0,EIRE
565541,21212,PACK OF 72 RETROSPOT CAKE CASES,2,2011-09-05 12:00:00,0.55,14159.0,United Kingdom
565541,85123A,WHITE HANGING HEART T-LIGHT HOLDER,4,2011-09-05 12:00:00,2.95,14159.0,United Kingdom
565579,21212,PACK OF 72 RETROSPOT CAKE CASES,1,2011-09-05 12:35:00,0.55,18283.0,United Kingdom
565585,84879,ASSORTED COLOUR BIRD ORNAMENT,8,2011-09-05 13:22:00,1.69,16172.0,United Kingdom
565588,85123A,WHITE HANGING HEART T-LIGHT HOLDER,6,2011-09-05 13:50:00,2.95,16918.0,United Kingdom
565595,84879,ASSORTED COLOUR BIRD ORNAMENT,8,2011-09-05 14:13:00,1.69,13192.0,United Kingdom
565596,21212,PACK OF 72 RETROSPOT CAKE CASES,1,2011-09-05 14:27:00,0.55,16444.0,United Kingdom
565596,85123A,WHITE HANGING HEART T-LIGHT HOLDER,8,2011-09-05 14:27:00,2.95,16444.0,United Kingdom
565617,22616,PACK OF 12 LONDON TISSUES ,2,2011-09-05 15:30:00,0.83,,United Kingdom
565617,85123A,WHITE HANGING HEART T-LIGHT HOLDER,1,2011-09-05 15:30:00,5.79,,United Kingdom
565617,84879,ASSORTED COLOUR BIRD ORNAMENT,8,2011-09-05 15:30:00,1.69,,United Kingdom
565643,85123A,WHITE HANGING HEART T-LIGHT HOLDER,64,2011-09-05 15:56:00,2.55,13468.0,United Kingdom
565664,21212,PACK OF 72 RETROSPOT CAKE CASES,8,2011-09-05 17:36:00,0.55,13211.0,United Kingdom
565670,85123A,WHITE HANGING HEART T-LIGHT HOLDER,12,2011-09-06 09:23:00,2.95,14944.0,United Kingdom
565672,84879,ASSORTED COLOUR BIRD ORNAMENT,8,2011-09-06 09:34:00,1.69,17700.0,United Kingdom
565672,85123A,WHITE HANGING HEART T-LIGHT HOLDER,32,2011-09-06 09:34:00,2.55,17700.0,United Kingdom
565675,85123A,WHITE HANGING HEART T-LIGHT HOLDER,32,2011-09-06 09:51:00,2.55,15513.0,United Kingdom
565682,85123A,WHITE HANGING HEART T-LIGHT HOLDER,2,2011-09-06 10:42:00,2.95,14796.0,United Kingdom
565725,84879,ASSORTED COLOUR BIRD ORNAMENT,8,2011-09-06 11:55:00,1.69,13949.0,United Kingdom
565726,84879,ASSORTED COLOUR BIRD ORNAMENT,8,2011-09-06 11:58:00,1.69,14360.0,United Kingdom
565728,85123A,WHITE HANGING HEART T-LIGHT HOLDER,32,2011-09-06 12:00:00,2.55,17716.0,United Kingdom
565748,84879,ASSORTED COLOUR BIRD ORNAMENT,48,2011-09-06 12:38:00,1.69,14156.0,EIRE
565748,85123A,WHITE HANGING HEART T-LIGHT HOLDER,24,2011-09-06 12:38:00,2.95,14156.0,EIRE
565750,84879,ASSORTED COLOUR BIRD ORNAMENT,8,2011-09-06 12:48:00,1.69,14208.0,United Kingdom
565750,21212,PACK OF 72 RETROSPOT CAKE CASES,24,2011-09-06 12:48:00,0.55,14208.0,United Kingdom
565767,21212,PACK OF 72 RETROSPOT CAKE CASES,13,2011-09-06 14:28:00,2.08,,United Kingdom
565769,85123A,WHITE HANGING HEART T-LIGHT HOLDER,6,2011-09-06 14:32:00,2.95,16175.0,United Kingdom
565778,85123A,WHITE HANGING HEART T-LIGHT HOLDER,12,2011-09-06 15:04:00,2.95,17460.0,United Kingdom
565779,84879,ASSORTED COLOUR BIRD ORNAMENT,8,2011-09-06 15:14:00,1.69,15804.0,United Kingdom
565781,85123A,WHITE HANGING HEART T-LIGHT HOLDER,32,2011-09-06 15:34:00,2.55,13098.0,United Kingdom
565796,21212,PACK OF 72 RETROSPOT CAKE CASES,24,2011-09-07 10:07:00,0.55,14916.0,United Kingdom
565800,85123A,WHITE HANGING HEART T-LIGHT HOLDER,6,2011-09-07 10:23:00,2.95,14911.0,EIRE
565802,84879,ASSORTED COLOUR BIRD ORNAMENT,8,2011-09-07 10:36:00,1.69,17573.0,United Kingdom
565836,22616,PACK OF 12 LONDON TISSUES ,24,2011-09-07 11:41:00,0.39,17511.0,United Kingdom
565840,21212,PACK OF 72 RETROSPOT CAKE CASES,2,2011-09-07 12:02:00,1.25,,United Kingdom
565840,85123A,WHITE HANGING HEART T-LIGHT HOLDER,4,2011-09-07 12:02:00,5.79,,United Kingdom
565851,84879,ASSORTED COLOUR BIRD ORNAMENT,32,2011-09-07 13:06:00,1.69,14911.0,EIRE
565857,21212,PACK OF 72 RETROSPOT CAKE CASES,24,2011-09-07 14:13:00,0.55,14911.0,EIRE
565857,85123A,WHITE HANGING HEART T-LIGHT HOLDER,6,2011-09-07 14:13:00,2.95,14911.0,EIRE
565857,84879,ASSORTED COLOUR BIRD ORNAMENT,16,2011-09-07 14:13:00,1.69,14911.0,EIRE
565863,84879,ASSORTED COLOUR BIRD ORNAMENT,16,2011-09-07 15:00:00,1.69,17422.0,United Kingdom
565922,84879,ASSORTED COLOUR BIRD ORNAMENT,32,2011-09-08 09:51:00,1.69,14116.0,United Kingdom
565928,85123A,WHITE HANGING HEART T-LIGHT HOLDER,6,2011-09-08 10:09:00,2.95,,EIRE
565928,84879,ASSORTED COLOUR BIRD ORNAMENT,8,2011-09-08 10:09:00,1.69,,EIRE
565934,84879,ASSORTED COLOUR BIRD ORNAMENT,24,2011-09-08 10:45:00,1.69,18222.0,United Kingdom
565934,21212,PACK OF 72 RETROSPOT CAKE CASES,24,2011-09-08 10:45:00,0.55,18222.0,United Kingdom
565934,85123A,WHITE HANGING HEART T-LIGHT HOLDER,12,2011-09-08 10:45:00,2.95,18222.0,United Kingdom
565967,21212,PACK OF 72 RETROSPOT CAKE CASES,24,2011-09-08 11:27:00,0.55,14646.0,Netherlands
565995,85123A,WHITE HANGING HEART T-LIGHT HOLDER,2,2011-09-08 11:48:00,2.95,16076.0,United Kingdom
566016,22616,PACK OF 12 LONDON TISSUES ,24,2011-09-08 12:20:00,0.29,15144.0,United Kingdom
566016,21212,PACK OF 72 RETROSPOT CAKE CASES,24,2011-09-08 12:20:00,0.55,15144.0,United Kingdom
566023,84879,ASSORTED COLOUR BIRD ORNAMENT,48,2011-09-08 12:48:00,1.69,12955.0,United Kingdom
566027,84879,ASSORTED COLOUR BIRD ORNAMENT,8,2011-09-08 12:57:00,1.69,15618.0,United Kingdom
566041,21212,PACK OF 72 RETROSPOT CAKE CASES,48,2011-09-08 13:48:00,0.55,13814.0,Germany
566043,85123A,WHITE HANGING HEART T-LIGHT HOLDER,6,2011-09-08 13:54:00,2.95,13769.0,United Kingdom
566050,84879,ASSORTED COLOUR BIRD ORNAMENT,16,2011-09-08 14:35:00,1.69,13854.0,United Kingdom
566053,21212,PACK OF 72 RETROSPOT CAKE CASES,2,2011-09-08 14:57:00,0.55,14410.0,United Kingdom
566060,85123A,WHITE HANGING HEART T-LIGHT HOLDER,1,2011-09-08 15:27:00,5.79,,United Kingdom
566087,84879,ASSORTED COLOUR BIRD ORNAMENT,16,2011-09-09 10:24:00,1.69,13319.0,United Kingdom
566092,84879,ASSORTED COLOUR BIRD ORNAMENT,8,2011-09-09 10:42:00,1.69,13823.0,United Kingdom
566124,84879,ASSORTED COLOUR BIRD ORNAMENT,8,2011-09-09 11:15:00,1.69,16515.0,United Kingdom
566164,21212,PACK OF 72 RETROSPOT CAKE CASES,10,2011-09-09 11:56:00,2.08,,United Kingdom
566171,85123A,WHITE HANGING HEART T-LIGHT HOLDER,2,2011-09-09 12:22:00,2.95,18118.0,United Kingdom
566190,22616,PACK OF 12 LONDON TISSUES ,12,2011-09-09 13:20:00,0.39,12748.0,United Kingdom
566193,21212,PACK OF 72 RETROSPOT CAKE CASES,24,2011-09-09 13:37:00,0.55,14961.0,United Kingdom
566194,21212,PACK OF 72 RETROSPOT CAKE CASES,1,2011-09-09 13:42:00,0.55,14711.0,United Kingdom
566194,84879,ASSORTED COLOUR BIRD ORNAMENT,8,2011-09-09 13:42:00,1.69,14711.0,United Kingdom
566194,85123A,WHITE HANGING HEART T-LIGHT HOLDER,2,2011-09-09 13:42:00,2.95,14711.0,United Kingdom
566195,21212,PACK OF 72 RETROSPOT CAKE CASES,120,2011-09-09 13:44:00,0.42,12433.0,Norway
566200,85123A,WHITE HANGING HEART T-LIGHT HOLDER,1,2011-09-09 14:14:00,2.95,16910.0,United Kingdom
566204,85123A,WHITE HANGING HEART T-LIGHT HOLDER,24,2011-09-09 14:58:00,2.95,14628.0,United Kingdom
566219,21212,PACK OF 72 RETROSPOT CAKE CASES,24,2011-09-09 15:51:00,0.55,17426.0,United Kingdom
566230,21212,PACK OF 72 RETROSPOT CAKE CASES,24,2011-09-11 10:57:00,0.55,15159.0,United Kingdom
566234,85123A,WHITE HANGING HEART T-LIGHT HOLDER,12,2011-09-11 11:08:00,2.95,15035.0,United Kingdom
566235,85123A,WHITE HANGING HEART T-LIGHT HOLDER,18,2011-09-11 11:17:00,2.95,15636.0,United Kingdom
566238,85123A,WHITE HANGING HEART T-LIGHT HOLDER,4,2011-09-11 11:24:00,2.95,17377.0,United Kingdom
566247,85123A,WHITE HANGING HEART T-LIGHT HOLDER,32,2011-09-11 12:03:00,2.55,16107.0,United Kingdom
566249,84879,ASSORTED COLOUR BIRD ORNAMENT,8,2011-09-11 12:09:00,1.69,13527.0,United Kingdom
566258,84879,ASSORTED COLOUR BIRD ORNAMENT,40,2011-09-11 12:45:00,1.69,13124.0,United Kingdom
566260,21212,PACK OF 72 RETROSPOT CAKE CASES,120,2011-09-11 12:45:00,0.42,14212.0,United Kingdom
566265,85123A,WHITE HANGING HEART T-LIGHT HOLDER,6,2011-09-11 13:16:00,2.95,18255.0,United Kingdom
566266,84879,ASSORTED COLOUR BIRD ORNAMENT,40,2011-09-11 13:22:00,1.69,17299.0,United Kingdom
566267,21212,PACK OF 72 RETROSPOT CAKE CASES,24,2011-09-11 13:32:00,0.55,12647.0,Germany
566269,22616,PACK OF 12 LONDON TISSUES ,12,2011-09-11 13:39:00,0.39,17864.0,United Kingdom
566274,85123A,WHITE HANGING HEART T-LIGHT HOLDER,5,2011-09-11 13:58:00,2.95,13884.0,United Kingdom
566275,85123A,WHITE HANGING HEART T-LIGHT HOLDER,5,2011-09-11 13:58:00,2.95,16549.0,United Kingdom
566279,85123A,WHITE HANGING HEART T-LIGHT HOLDER,6,2011-09-11 14:09:00,2.95,14432.0,United Kingdom
566290,85123A,WHITE HANGING HEART T-LIGHT HOLDER,1,2011-09-11 15:24:00,2.95,14456.0,United Kingdom
566291,22616,PACK OF 12 LONDON TISSUES ,2,2011-09-11 15:31:00,0.39,12965.0,United Kingdom
566292,84879,ASSORTED COLOUR BIRD ORNAMENT,16,2011-09-11 15:35:00,1.69,13381.0,United Kingdom
566312,84879,ASSORTED COLOUR BIRD ORNAMENT,8,2011-09-12 09:43:00,1.69,16150.0,United Kingdom
566317,84879,ASSORTED COLOUR BIRD ORNAMENT,8,2011-09-12 10:19:00,1.69,13375.0,United Kingdom
566361,85123A,WHITE HANGING HEART T-LIGHT HOLDER,12,2011-09-12 12:32:00,2.95,15253.0,United Kingdom
566394,85123A,WHITE HANGING HEART T-LIGHT HOLDER,12,2011-09-12 12:45:00,2.95,13650.0,United Kingdom
566399,85123A,WHITE HANGING HEART T-LIGHT HOLDER,12,2011-09-12 13:11:00,2.95,16141.0,United Kingdom
566403,85123A,WHITE HANGING HEART T-LIGHT HOLDER,64,2011-09-12 13:38:00,2.55,16985.0,United Kingdom
566405,22616,PACK OF 12 LONDON TISSUES ,72,2011-09-12 13:41:00,0.39,17919.0,United Kingdom
566425,85123A,WHITE HANGING HEART T-LIGHT HOLDER,6,2011-09-12 14:22:00,2.95,16458.0,United Kingdom
566427,22616,PACK OF 12 LONDON TISSUES ,12,2011-09-12 14:24:00,0.39,17433.0,United Kingdom
566428,84879,ASSORTED COLOUR BIRD ORNAMENT,24,2011-09-12 14:24:00,1.69,15932.0,United Kingdom
566440,85123A,WHITE HANGING HEART T-LIGHT HOLDER,6,2011-09-12 15:19:00,2.95,15755.0,United Kingdom
566446,84879,ASSORTED COLOUR BIRD ORNAMENT,8,2011-09-12 15:40:00,3.12,,United Kingdom
566446,85123A,WHITE HANGING HEART T-LIGHT HOLDER,1,2011-09-12 15:40:00,5.79,,United Kingdom
566451,85123A,WHITE HANGING HEART T-LIGHT HOLDER,4,2011-09-12 16:14:00,2.95,18069.0,United Kingdom
566479,85123A,WHITE HANGING HEART T-LIGHT HOLDER,32,2011-09-13 09:07:00,2.55,13831.0,United Kingdom
566482,85123A,WHITE HANGING HEART T-LIGHT HOLDER,12,2011-09-13 09:43:00,2.95,16609.0,United Kingdom
566484,21212,PACK OF 72 RETROSPOT CAKE CASES,24,2011-09-13 09:48:00,0.55,13880.0,United Kingdom
566487,21212,PACK OF 72 RETROSPOT CAKE CASES,120,2011-09-13 10:03:00,0.42,16422.0,United Kingdom
566488,84879,ASSORTED COLOUR BIRD ORNAMENT,8,2011-09-13 10:16:00,1.69,12940.0,United Kingdom
566488,85123A,WHITE HANGING HEART T-LIGHT HOLDER,6,2011-09-13 10:16:00,2.95,12940.0,United Kingdom
566489,84879,ASSORTED COLOUR BIRD ORNAMENT,32,2011-09-13 10:17:00,1.69,16814.0,United Kingdom
566495,21212,PACK OF 72 RETROSPOT CAKE CASES,3,2011-09-13 11:14:00,0.55,15529.0,United Kingdom
566495,22616,PACK OF 12 LONDON TISSUES ,6,2011-09-13 11:14:00,0.39,15529.0,United Kingdom
566518,85123A,WHITE HANGING HEART T-LIGHT HOLDER,1,2011-09-13 11:24:00,2.95,17779.0,United Kingdom
566534,21212,PACK OF 72 RETROSPOT CAKE CASES,10,2011-09-13 11:32:00,2.08,,United Kingdom
566534,21212,PACK OF 72 RETROSPOT CAKE CASES,1,2011-09-13 11:32:00,5.0,,United Kingdom
566539,22616,PACK OF 12 LONDON TISSUES ,24,2011-09-13 11:34:00,0.39,17228.0,United Kingdom
566561,21212,PACK OF 72 RETROSPOT CAKE CASES,24,2011-09-13 12:13:00,0.55,18145.0,United Kingdom
566564,22616,PACK OF 12 LONDON TISSUES ,24,2011-09-13 12:26:00,0.39,15522.0,United Kingdom
566564,85123A,WHITE HANGING HEART T-LIGHT HOLDER,4,2011-09-13 12:26:00,2.95,15522.0,United Kingdom
566571,84879,ASSORTED COLOUR BIRD ORNAMENT,16,2011-09-13 12:49:00,1.69,17037.0,United Kingdom
566572,85123A,WHITE HANGING HEART T-LIGHT HOLDER,6,2011-09-13 12:52:00,2.95,13488.0,United Kingdom
566572,84879,ASSORTED COLOUR BIRD ORNAMENT,8,2011-09-13 12:52:00,1.69,13488.0,United Kingdom
566576,85123A,WHITE HANGING HEART T-LIGHT HOLDER,32,2011-09-13 13:21:00,2.55,13098.0,United Kingdom
566577,22616,PACK OF 12 LONDON TISSUES ,1,2011-09-13 13:29:00,0.79,,United Kingdom
566581,84879,ASSORTED COLOUR BIRD ORNAMENT,40,2011-09-13 13:47:00,1.69,16081.0,United Kingdom
566581,85123A,WHITE HANGING HEART T-LIGHT HOLDER,32,2011-09-13 13:47:00,2.55,16081.0,United Kingdom
566582,84879,ASSORTED COLOUR BIRD ORNAMENT,160,2011-09-13 13:49:00,1.45,13384.0,United Kingdom
566585,84879,ASSORTED COLOUR BIRD ORNAMENT,16,2011-09-13 14:06:00,1.69,16409.0,United Kingdom
566595,21212,PACK OF 72 RETROSPOT CAKE CASES,600,2011-09-13 15:03:00,0.42,18251.0,United Kingdom
566599,85123A,WHITE HANGING HEART T-LIGHT HOLDER,2,2011-09-13 15:37:00,2.95,15998.0,United Kingdom
566600,21212,PACK OF 72 RETROSPOT CAKE CASES,24,2011-09-13 15:41:00,0.55,13704.0,United Kingdom
566602,21212,PACK OF 72 RETROSPOT CAKE CASES,4,2011-09-13 16:05:00,0.55,,United Kingdom
566604,84879,ASSORTED COLOUR BIRD ORNAMENT,16,2011-09-13 16:26:00,1.69,16279.0,United Kingdom
566605,85123A,WHITE HANGING HEART T-LIGHT HOLDER,4,2011-09-13 16:27:00,2.95,13263.0,United Kingdom
566616,21212,PACK OF 72 RETROSPOT CAKE CASES,24,2011-09-14 08:35:00,0.55,12895.0,United Kingdom
566618,85123A,WHITE HANGING HEART T-LIGHT HOLDER,64,2011-09-14 09:13:00,2.55,17640.0,United Kingdom
566621,84879,ASSORTED COLOUR BIRD ORNAMENT,16,2011-09-14 09:22:00,1.69,15845.0,United Kingdom
566625,85123A,WHITE HANGING HEART T-LIGHT HOLDER,6,2011-09-14 09:38:00,2.95,14911.0,EIRE
566625,84879,ASSORTED COLOUR BIRD ORNAMENT,8,2011-09-14 09:38:00,1.69,14911.0,EIRE
566647,21212,PACK OF 72 RETROSPOT CAKE CASES,1,2011-09-14 11:21:00,0.55,18001.0,United Kingdom
566673,84879,ASSORTED COLOUR BIRD ORNAMENT,8,2011-09-14 11:39:00,1.69,17728.0,United Kingdom
566713,85123A,WHITE HANGING HEART T-LIGHT HOLDER,6,2011-09-14 12:05:00,2.95,15933.0,United Kingdom
566719,85123A,WHITE HANGING HEART T-LIGHT HOLDER,6,2011-09-14 12:29:00,2.95,15081.0,United Kingdom
566720,85123A,WHITE HANGING HEART T-LIGHT HOLDER,3,2011-09-14 12:42:00,2.95,13634.0,United Kingdom
566734,21212,PACK OF 72 RETROSPOT CAKE CASES,1,2011-09-14 14:09:00,0.55,16910.0,United Kingdom
566735,21212,PACK OF 72 RETROSPOT CAKE CASES,4,2011-09-14 14:19:00,0.55,15707.0,United Kingdom
566746,84879,ASSORTED COLOUR BIRD ORNAMENT,16,2011-09-14 15:18:00,1.69,13321.0,United Kingdom
566757,21212,PACK OF 72 RETROSPOT CAKE CASES,6,2011-09-14 15:54:00,0.55,,United Kingdom
566771,84879,ASSORTED COLOUR BIRD ORNAMENT,24,2011-09-15 09:34:00,1.69,15322.0,United Kingdom
566786,84879,ASSORTED COLOUR BIRD ORNAMENT,16,2011-09-15 10:29:00,1.69,13518.0,United Kingdom
566816,84879,ASSORTED COLOUR BIRD ORNAMENT,160,2011-09-15 10:53:00,1.45,12731.0,France
566817,84879,ASSORTED COLOUR BIRD ORNAMENT,160,2011-09-15 10:53:00,1.45,16160.0,United Kingdom
566847,85123A,WHITE HANGING HEART T-LIGHT HOLDER,4,2011-09-15 11:57:00,2.95,15005.0,United Kingdom
566848,85123A,WHITE HANGING HEART T-LIGHT HOLDER,128,2011-09-15 12:02:00,2.55,18172.0,United Kingdom
566864,85123A,WHITE HANGING HEART T-LIGHT HOLDER,2,2011-09-15 12:51:00,2.95,17786.0,United Kingdom
566872,84879,ASSORTED COLOUR BIRD ORNAMENT,8,2011-09-15 13:28:00,1.69,16729.0,United Kingdom
566872,22616,PACK OF 12 LONDON TISSUES ,12,2011-09-15 13:28:00,0.39,16729.0,United Kingdom
566873,21212,PACK OF 72 RETROSPOT CAKE CASES,24,2011-09-15 13:31:00,0.55,12682.0,France
566912,21212,PACK OF 72 RETROSPOT CAKE CASES,24,2011-09-15 14:05:00,0.55,14367.0,United Kingdom
566913,85123A,WHITE HANGING HEART T-LIGHT HOLDER,6,2011-09-15 14:07:00,2.95,17602.0,United Kingdom
566913,21212,PACK OF 72 RETROSPOT CAKE CASES,3,2011-09-15 14:07:00,0.55,17602.0,United Kingdom
566914,21212,PACK OF 72 RETROSPOT CAKE CASES,6,2011-09-15 14:08:00,0.55,15466.0,United Kingdom
566923,85123A,WHITE HANGING HEART T-LIGHT HOLDER,2,2011-09-15 15:05:00,2.95,15511.0,United Kingdom
566932,85123A,WHITE HANGING HEART T-LIGHT HOLDER,1,2011-09-15 15:29:00,2.95,17576.0,United Kingdom
566949,21212,PACK OF 72 RETROSPOT CAKE CASES,7,2011-09-15 16:32:00,0.55,,United Kingdom
566951,84879,ASSORTED COLOUR BIRD ORNAMENT,32,2011-09-15 16:36:00,1.69,17293.0,United Kingdom
566952,21212,PACK OF 72 RETROSPOT CAKE CASES,1,2011-09-15 16:37:00,1.25,,United Kingdom
566952,85123A,WHITE HANGING HEART T-LIGHT HOLDER,1,2011-09-15 16:37:00,5.79,,United Kingdom
566975,84879,ASSORTED COLOUR BIRD ORNAMENT,16,2011-09-16 09:24:00,1.69,13599.0,United Kingdom
566979,85123A,WHITE HANGING HEART T-LIGHT HOLDER,18,2011-09-16 09:54:00,2.95,13141.0,United Kingdom
567024,21212,PACK OF 72 RETROSPOT CAKE CASES,17,2011-09-16 11:23:00,2.08,,United Kingdom
567096,85123A,WHITE HANGING HEART T-LIGHT HOLDER,6,2011-09-16 13:13:00,2.95,15099.0,United Kingdom
567128,84879,ASSORTED COLOUR BIRD ORNAMENT,24,2011-09-16 14:04:00,1.69,18055.0,United Kingdom
567138,85123A,WHITE HANGING HEART T-LIGHT HOLDER,12,2011-09-16 14:39:00,2.95,17652.0,United Kingdom
567144,85123A,WHITE HANGING HEART T-LIGHT HOLDER,64,2011-09-16 15:07:00,2.55,12871.0,United Kingdom
567145,21212,PACK OF 72 RETROSPOT CAKE CASES,24,2011-09-16 15:09:00,0.55,12921.0,United Kingdom
567145,84879,ASSORTED COLOUR BIRD ORNAMENT,24,2011-09-16 15:09:00,1.69,12921.0,United Kingdom
567153,22616,PACK OF 12 LONDON TISSUES ,12,2011-09-16 16:25:00,0.39,14056.0,United Kingdom
567156,84879,ASSORTED COLOUR BIRD ORNAMENT,4,2011-09-16 17:05:00,1.69,14462.0,United Kingdom
567159,84879,ASSORTED COLOUR BIRD ORNAMENT,16,2011-09-18 10:19:00,1.69,15465.0,United Kingdom
567170,22616,PACK OF 12 LONDON TISSUES ,1,2011-09-18 12:40:00,0.39,13566.0,United Kingdom
567172,85123A,WHITE HANGING HEART T-LIGHT HOLDER,64,2011-09-18 13:29:00,2.55,18194.0,United Kingdom
567175,85123A,WHITE HANGING HEART T-LIGHT HOLDER,4,2011-09-18 13:38:00,2.95,13067.0,United Kingdom
567179,84879,ASSORTED COLOUR BIRD ORNAMENT,8,2011-09-18 14:27:00,1.69,15547.0,United Kingdom
567180,22616,PACK OF 12 LONDON TISSUES ,12,2011-09-18 14:56:00,0.39,17802.0,United Kingdom
567180,84879,ASSORTED COLOUR BIRD ORNAMENT,16,2011-09-18 14:56:00,1.69,17802.0,United Kingdom
567182,85123A,WHITE HANGING HEART T-LIGHT HOLDER,12,2011-09-18 15:21:00,2.95,13334.0,United Kingdom
567183,22616,PACK OF 12 LONDON TISSUES ,12,2011-09-18 15:32:00,0.39,14769.0,United Kingdom
567183,84879,ASSORTED COLOUR BIRD ORNAMENT,8,2011-09-18 15:32:00,1.69,14769.0,United Kingdom
567185,85123A,WHITE HANGING HEART T-LIGHT HOLDER,1,2011-09-18 15:55:00,2.95,16370.0,United Kingdom
567185,21212,PACK OF 72 RETROSPOT CAKE CASES,3,2011-09-18 15:55:00,0.55,16370.0,United Kingdom
567186,22616,PACK OF 12 LONDON TISSUES ,12,2011-09-18 16:04:00,0.39,17073.0,United Kingdom
567197,21212,PACK OF 72 RETROSPOT CAKE CASES,24,2011-09-19 10:10:00,0.55,14934.0,Channel Islands
567199,84879,ASSORTED COLOUR BIRD ORNAMENT,24,2011-09-19 10:13:00,1.69,17058.0,United Kingdom
567200,21212,PACK OF 72 RETROSPOT CAKE CASES,24,2011-09-19 10:15:00,0.55,16460.0,United Kingdom
567204,84879,ASSORTED COLOUR BIRD ORNAMENT,16,2011-09-19 10:43:00,1.69,15365.0,United Kingdom
567206,85123A,WHITE HANGING HEART T-LIGHT HOLDER,12,2011-09-19 10:51:00,2.95,13562.0,United Kingdom
567211,21212,PACK OF 72 RETROSPOT CAKE CASES,2,2011-09-19 11:02:00,0.55,14159.0,United Kingdom
567211,85123A,WHITE HANGING HEART T-LIGHT HOLDER,2,2011-09-19 11:02:00,2.95,14159.0,United Kingdom
567213,85123A,WHITE HANGING HEART T-LIGHT HOLDER,2,2011-09-19 11:04:00,2.95,14684.0,United Kingdom
567290,21212,PACK OF 72 RETROSPOT CAKE CASES,240,2011-09-19 11:54:00,0.42,14646.0,Netherlands
567303,85123A,WHITE HANGING HEART T-LIGHT HOLDER,12,2011-09-19 13:20:00,2.95,17613.0,United Kingdom
567304,85123A,WHITE HANGING HEART T-LIGHT HOLDER,2,2011-09-19 13:27:00,2.95,14704.0,United Kingdom
567306,21212,PACK OF 72 RETROSPOT CAKE CASES,24,2011-09-19 13:32:00,0.55,12752.0,Norway
567313,85123A,WHITE HANGING HEART T-LIGHT HOLDER,6,2011-09-19 13:48:00,2.95,15675.0,United Kingdom
567326,84879,ASSORTED COLOUR BIRD ORNAMENT,8,2011-09-19 14:38:00,1.69,14290.0,United Kingdom
567328,84879,ASSORTED COLOUR BIRD ORNAMENT,8,2011-09-19 14:43:00,1.69,14356.0,United Kingdom
567340,21212,PACK OF 72 RETROSPOT CAKE CASES,24,2011-09-19 15:02:00,0.55,12540.0,Spain
567340,84879,ASSORTED COLOUR BIRD ORNAMENT,48,2011-09-19 15:02:00,1.69,12540.0,Spain
567343,21212,PACK OF 72 RETROSPOT CAKE CASES,24,2011-09-19 15:21:00,0.55,17628.0,United Kingdom
567356,85123A,WHITE HANGING HEART T-LIGHT HOLDER,6,2011-09-19 16:21:00,2.95,16527.0,United Kingdom
567370,21212,PACK OF 72 RETROSPOT CAKE CASES,24,2011-09-20 09:13:00,0.55,14236.0,United Kingdom
567375,84879,ASSORTED COLOUR BIRD ORNAMENT,32,2011-09-20 09:45:00,1.69,14766.0,United Kingdom
567378,21212,PACK OF 72 RETROSPOT CAKE CASES,24,2011-09-20 10:01:00,0.55,14911.0,EIRE
567378,85123A,WHITE HANGING HEART T-LIGHT HOLDER,6,2011-09-20 10:01:00,2.95,14911.0,EIRE
567384,85123A,WHITE HANGING HEART T-LIGHT HOLDER,128,2011-09-20 10:23:00,3.2,17450.0,United Kingdom
567387,85123A,WHITE HANGING HEART T-LIGHT HOLDER,224,2011-09-20 10:38:00,3.2,17450.0,United Kingdom
567424,21212,PACK OF 72 RETROSPOT CAKE CASES,24,2011-09-20 11:16:00,0.55,16369.0,United Kingdom
567429,85123A,WHITE HANGING HEART T-LIGHT HOLDER,6,2011-09-20 11:39:00,2.95,17686.0,United Kingdom
567460,84879,ASSORTED COLOUR BIRD ORNAMENT,8,2011-09-20 12:30:00,1.69,15888.0,United Kingdom
567461,21212,PACK OF 72 RETROSPOT CAKE CASES,17,2011-09-20 12:31:00,2.08,,United Kingdom
567462,21212,PACK OF 72 RETROSPOT CAKE CASES,2,2011-09-20 12:35:00,0.55,14446.0,United Kingdom
567462,85123A,WHITE HANGING HEART T-LIGHT HOLDER,3,2011-09-20 12:35:00,2.95,14446.0,United Kingdom
567470,85123A,WHITE HANGING HEART T-LIGHT HOLDER,15,2011-09-20 12:39:00,2.95,16624.0,United Kingdom
567475,21212,PACK OF 72 RETROSPOT CAKE CASES,1,2011-09-20 13:11:00,0.55,16360.0,United Kingdom
567475,85123A,WHITE HANGING HEART T-LIGHT HOLDER,1,2011-09-20 13:11:00,2.95,16360.0,United Kingdom
567475,85123A,WHITE HANGING HEART T-LIGHT HOLDER,3,2011-09-20 13:11:00,2.95,16360.0,United Kingdom
567475,21212,PACK OF 72 RETROSPOT CAKE CASES,2,2011-09-20 13:11:00,0.55,16360.0,United Kingdom
567477,84879,ASSORTED COLOUR BIRD ORNAMENT,16,2011-09-20 13:20:00,1.69,16327.0,United Kingdom
567516,84879,ASSORTED COLOUR BIRD ORNAMENT,8,2011-09-20 15:31:00,1.69,13138.0,United Kingdom
567517,85123A,WHITE HANGING HEART T-LIGHT HOLDER,12,2011-09-20 15:49:00,2.95,14211.0,United Kingdom
567530,21212,PACK OF 72 RETROSPOT CAKE CASES,24,2011-09-21 09:33:00,0.55,12390.0,Belgium
567578,21212,PACK OF 72 RETROSPOT CAKE CASES,24,2011-09-21 10:47:00,0.55,12701.0,Germany
567579,84879,ASSORTED COLOUR BIRD ORNAMENT,16,2011-09-21 10:48:00,1.69,18228.0,United Kingdom
567610,21212,PACK OF 72 RETROSPOT CAKE CASES,120,2011-09-21 11:30:00,0.42,17511.0,United Kingdom
567612,21212,PACK OF 72 RETROSPOT CAKE CASES,24,2011-09-21 11:48:00,0.55,17164.0,United Kingdom
567613,84879,ASSORTED COLOUR BIRD ORNAMENT,8,2011-09-21 11:49:00,1.69,13908.0,United Kingdom
567637,21212,PACK OF 72 RETROSPOT CAKE CASES,24,2011-09-21 13:57:00,0.55,17865.0,United Kingdom
567639,84879,ASSORTED COLOUR BIRD ORNAMENT,32,2011-09-21 14:07:00,1.69,15290.0,United Kingdom
567656,21212,PACK OF 72 RETROSPOT CAKE CASES,5,2011-09-21 14:40:00,1.25,14096.0,United Kingdom
567661,22616,PACK OF 12 LONDON TISSUES ,12,2011-09-21 15:06:00,0.39,13959.0,United Kingdom
567665,21212,PACK OF 72 RETROSPOT CAKE CASES,1,2011-09-21 15:22:00,1.25,,United Kingdom
567667,21212,PACK OF 72 RETROSPOT CAKE CASES,1,2011-09-21 15:24:00,1.25,,United Kingdom
567667,22616,PACK OF 12 LONDON TISSUES ,5,2011-09-21 15:24:00,0.83,,United Kingdom
567667,85123A,WHITE HANGING HEART T-LIGHT HOLDER,2,2011-09-21 15:24:00,5.79,,United Kingdom
567668,21212,PACK OF 72 RETROSPOT CAKE CASES,1,2011-09-21 15:29:00,1.25,,United Kingdom
567670,21212,PACK OF 72 RETROSPOT CAKE CASES,4,2011-09-21 15:32:00,1.25,,United Kingdom
567671,85123A,WHITE HANGING HEART T-LIGHT HOLDER,2,2011-09-21 15:34:00,5.79,,United Kingdom
567672,85123A,WHITE HANGING HEART T-LIGHT HOLDER,6,2011-09-21 15:39:00,2.95,16085.0,United Kingdom
567673,21212,PACK OF 72 RETROSPOT CAKE CASES,2,2011-09-21 15:43:00,1.25,,United Kingdom
567673,85123A,WHITE HANGING HEART T-LIGHT HOLDER,1,2011-09-21 15:43:00,5.79,,United Kingdom
567700,84879,ASSORTED COLOUR BIRD ORNAMENT,16,2011-09-22 09:33:00,1.69,16379.0,United Kingdom
567721,21212,PACK OF 72 RETROSPOT CAKE CASES,120,2011-09-22 10:38:00,0.42,12409.0,Switzerland
567721,85123A,WHITE HANGING HEART T-LIGHT HOLDER,32,2011-09-22 10:38:00,2.55,12409.0,Switzerland
567742,84879,ASSORTED COLOUR BIRD ORNAMENT,32,2011-09-22 10:47:00,1.69,14261.0,United Kingdom
567756,21212,PACK OF 72 RETROSPOT CAKE CASES,48,2011-09-22 10:52:00,0.55,12678.0,France
567793,21212,PACK OF 72 RETROSPOT CAKE CASES,24,2011-09-22 11:40:00,0.55,12657.0,France
567798,84879,ASSORTED COLOUR BIRD ORNAMENT,36,2011-09-22 12:00:00,1.69,13089.0,United Kingdom
567802,84879,ASSORTED COLOUR BIRD ORNAMENT,16,2011-09-22 12:06:00,1.69,14299.0,United Kingdom
567804,22616,PACK OF 12 LONDON TISSUES ,12,2011-09-22 12:13:00,0.39,17920.0,United Kingdom
567805,85123A,WHITE HANGING HEART T-LIGHT HOLDER,6,2011-09-22 12:15:00,2.95,12854.0,United Kingdom
567818,85123A,WHITE HANGING HEART T-LIGHT HOLDER,3,2011-09-22 12:41:00,2.95,14395.0,United Kingdom
567823,22616,PACK OF 12 LONDON TISSUES ,24,2011-09-22 12:55:00,0.39,12910.0,United Kingdom
567850,21212,PACK OF 72 RETROSPOT CAKE CASES,24,2011-09-22 13:18:00,0.55,15067.0,United Kingdom
567866,21212,PACK OF 72 RETROSPOT CAKE CASES,4,2011-09-22 14:13:00,0.55,16669.0,United Kingdom
567878,21212,PACK OF 72 RETROSPOT CAKE CASES,1,2011-09-22 14:42:00,0.55,16910.0,United Kingdom
567880,84879,ASSORTED COLOUR BIRD ORNAMENT,16,2011-09-22 14:56:00,1.69,15398.0,United Kingdom
567882,22616,PACK OF 12 LONDON TISSUES ,72,2011-09-22 15:03:00,0.39,12906.0,United Kingdom
567883,84879,ASSORTED COLOUR BIRD ORNAMENT,8,2011-09-22 15:03:00,1.69,12906.0,United Kingdom
567886,84879,ASSORTED COLOUR BIRD ORNAMENT,16,2011-09-22 15:18:00,1.69,12930.0,United Kingdom
567890,84879,ASSORTED COLOUR BIRD ORNAMENT,8,2011-09-22 15:40:00,1.69,14125.0,United Kingdom
567892,85123A,WHITE HANGING HEART T-LIGHT HOLDER,12,2011-09-22 15:51:00,2.95,15394.0,United Kingdom
567899,84879,ASSORTED COLOUR BIRD ORNAMENT,8,2011-09-22 16:26:00,1.69,14911.0,EIRE
567901,85123A,WHITE HANGING HEART T-LIGHT HOLDER,3,2011-09-22 16:28:00,5.79,,United Kingdom
567901,21212,PACK OF 72 RETROSPOT CAKE CASES,3,2011-09-22 16:28:00,1.25,,United Kingdom
567901,22616,PACK OF 12 LONDON TISSUES ,3,2011-09-22 16:28:00,0.83,,United Kingdom
567907,84879,ASSORTED COLOUR BIRD ORNAMENT,24,2011-09-22 16:48:00,1.69,18172.0,United Kingdom
567912,85123A,WHITE HANGING HEART T-LIGHT HOLDER,2,2011-09-22 17:07:00,2.95,15555.0,United Kingdom
567929,21212,PACK OF 72 RETROSPOT CAKE CASES,24,2011-09-22 17:31:00,0.55,12425.0,Portugal
567936,84879,ASSORTED COLOUR BIRD ORNAMENT,160,2011-09-22 18:10:00,1.45,15194.0,United Kingdom
567942,84879,ASSORTED COLOUR BIRD ORNAMENT,8,2011-09-22 19:03:00,1.69,15804.0,United Kingdom
567958,21212,PACK OF 72 RETROSPOT CAKE CASES,24,2011-09-23 09:00:00,0.55,12619.0,Germany
567960,85123A,WHITE HANGING HEART T-LIGHT HOLDER,64,2011-09-23 09:14:00,2.55,13777.0,United Kingdom
567966,85123A,WHITE HANGING HEART T-LIGHT HOLDER,6,2011-09-23 09:26:00,2.95,16782.0,United Kingdom
567967,22616,PACK OF 12 LONDON TISSUES ,12,2011-09-23 09:39:00,0.39,15858.0,United Kingdom
567971,22616,PACK OF 12 LONDON TISSUES ,96,2011-09-23 10:04:00,0.39,16681.0,United Kingdom
567972,84879,ASSORTED COLOUR BIRD ORNAMENT,16,2011-09-23 10:14:00,1.69,13949.0,United Kingdom
567981,21212,PACK OF 72 RETROSPOT CAKE CASES,8,2011-09-23 11:22:00,2.08,,United Kingdom
568001,85123A,WHITE HANGING HEART T-LIGHT HOLDER,12,2011-09-23 11:35:00,2.95,12540.0,Spain
568040,22616,PACK OF 12 LONDON TISSUES ,24,2011-09-23 12:09:00,0.39,12681.0,France
568046,85123A,WHITE HANGING HEART T-LIGHT HOLDER,1,2011-09-23 12:16:00,2.95,18118.0,United Kingdom
568049,85123A,WHITE HANGING HEART T-LIGHT HOLDER,4,2011-09-23 12:38:00,2.95,17841.0,United Kingdom
568054,85123A,WHITE HANGING HEART T-LIGHT HOLDER,5,2011-09-23 12:50:00,2.95,16978.0,United Kingdom
568057,22616,PACK OF 12 LONDON TISSUES ,1,2011-09-23 12:56:00,0.79,,United Kingdom
568060,85123A,WHITE HANGING HEART T-LIGHT HOLDER,2,2011-09-23 13:11:00,2.95,14546.0,United Kingdom
568061,85123A,WHITE HANGING HEART T-LIGHT HOLDER,2,2011-09-23 13:12:00,2.95,16910.0,United Kingdom
568062,21212,PACK OF 72 RETROSPOT CAKE CASES,24,2011-09-23 13:18:00,0.55,14014.0,United Kingdom
568065,85123A,WHITE HANGING HEART T-LIGHT HOLDER,6,2011-09-23 13:44:00,2.95,16240.0,United Kingdom
568066,85123A,WHITE HANGING HEART T-LIGHT HOLDER,1,2011-09-23 13:48:00,2.95,14529.0,United Kingdom
568066,85123A,WHITE HANGING HEART T-LIGHT HOLDER,2,2011-09-23 13:48:00,2.95,14529.0,United Kingdom
568069,84879,ASSORTED COLOUR BIRD ORNAMENT,8,2011-09-23 14:05:00,1.69,13336.0,United Kingdom
568094,85123A,WHITE HANGING HEART T-LIGHT HOLDER,12,2011-09-23 14:43:00,2.95,15807.0,United Kingdom
568101,21212,PACK OF 72 RETROSPOT CAKE CASES,24,2011-09-23 15:21:00,0.55,15978.0,United Kingdom
568104,85123A,WHITE HANGING HEART T-LIGHT HOLDER,9,2011-09-23 15:50:00,2.95,16485.0,United Kingdom
568135,21212,PACK OF 72 RETROSPOT CAKE CASES,3,2011-09-23 17:04:00,1.25,,United Kingdom
568135,84879,ASSORTED COLOUR BIRD ORNAMENT,8,2011-09-23 17:04:00,3.12,,United Kingdom
568135,85123A,WHITE HANGING HEART T-LIGHT HOLDER,1,2011-09-23 17:04:00,5.79,,United Kingdom
568139,22616,PACK OF 12 LONDON TISSUES ,24,2011-09-25 10:46:00,0.39,13083.0,United Kingdom
568147,85123A,WHITE HANGING HEART T-LIGHT HOLDER,10,2011-09-25 11:34:00,2.95,15044.0,United Kingdom
568160,84879,ASSORTED COLOUR BIRD ORNAMENT,8,2011-09-25 12:25:00,1.69,17498.0,United Kingdom
568165,85123A,WHITE HANGING HEART T-LIGHT HOLDER,6,2011-09-25 12:42:00,2.95,17131.0,United Kingdom
568168,85123A,WHITE HANGING HEART T-LIGHT HOLDER,3,2011-09-25 12:46:00,2.95,15799.0,United Kingdom
568173,84879,ASSORTED COLOUR BIRD ORNAMENT,24,2011-09-25 13:16:00,1.69,16187.0,United Kingdom
568180,85123A,WHITE HANGING HEART T-LIGHT HOLDER,2,2011-09-25 13:42:00,2.95,15429.0,United Kingdom
568187,85123A,WHITE HANGING HEART T-LIGHT HOLDER,32,2011-09-25 14:32:00,2.55,13408.0,United Kingdom
568188,21212,PACK OF 72 RETROSPOT CAKE CASES,1,2011-09-25 14:33:00,0.55,16049.0,United Kingdom
568188,84879,ASSORTED COLOUR BIRD ORNAMENT,5,2011-09-25 14:33:00,1.69,16049.0,United Kingdom
568188,84879,ASSORTED COLOUR BIRD ORNAMENT,2,2011-09-25 14:33:00,1.69,16049.0,United Kingdom
568188,84879,ASSORTED COLOUR BIRD ORNAMENT,6,2011-09-25 14:33:00,1.69,16049.0,United Kingdom
568188,84879,ASSORTED COLOUR BIRD ORNAMENT,4,2011-09-25 14:33:00,1.69,16049.0,United Kingdom
568189,84879,ASSORTED COLOUR BIRD ORNAMENT,24,2011-09-25 14:36:00,1.69,14757.0,United Kingdom
568191,21212,PACK OF 72 RETROSPOT CAKE CASES,10,2011-09-25 14:37:00,0.55,16655.0,United Kingdom
568193,22616,PACK OF 12 LONDON TISSUES ,6,2011-09-25 14:37:00,0.39,17107.0,United Kingdom
568198,85123A,WHITE HANGING HEART T-LIGHT HOLDER,4,2011-09-25 14:52:00,2.95,16771.0,United Kingdom
568207,84879,ASSORTED COLOUR BIRD ORNAMENT,16,2011-09-25 15:34:00,1.69,15150.0,United Kingdom
568208,84879,ASSORTED COLOUR BIRD ORNAMENT,8,2011-09-25 15:35:00,1.69,12783.0,Portugal
568210,85123A,WHITE HANGING HEART T-LIGHT HOLDER,12,2011-09-25 15:56:00,2.95,17159.0,United Kingdom
568241,85123A,WHITE HANGING HEART T-LIGHT HOLDER,32,2011-09-26 12:10:00,2.55,15218.0,United Kingdom
568243,84879,ASSORTED COLOUR BIRD ORNAMENT,8,2011-09-26 12:12:00,1.69,14217.0,United Kingdom
568245,85123A,WHITE HANGING HEART T-LIGHT HOLDER,6,2011-09-26 12:23:00,2.95,13867.0,United Kingdom
568301,85123A,WHITE HANGING HEART T-LIGHT HOLDER,2,2011-09-26 12:45:00,2.95,16383.0,United Kingdom
568301,85123A,WHITE HANGING HEART T-LIGHT HOLDER,4,2011-09-26 12:45:00,2.95,16383.0,United Kingdom
568301,85123A,WHITE HANGING HEART T-LIGHT HOLDER,4,2011-09-26 12:45:00,2.95,16383.0,United Kingdom
568311,84879,ASSORTED COLOUR BIRD ORNAMENT,5,2011-09-26 12:53:00,1.69,17287.0,United Kingdom
568316,21212,PACK OF 72 RETROSPOT CAKE CASES,1,2011-09-26 13:21:00,0.55,16407.0,United Kingdom
568316,84879,ASSORTED COLOUR BIRD ORNAMENT,8,2011-09-26 13:21:00,1.69,16407.0,United Kingdom
568325,84879,ASSORTED COLOUR BIRD ORNAMENT,40,2011-09-26 13:57:00,1.69,14667.0,United Kingdom
568328,21212,PACK OF 72 RETROSPOT CAKE CASES,24,2011-09-26 14:06:00,0.55,18016.0,United Kingdom
568331,84879,ASSORTED COLOUR BIRD ORNAMENT,8,2011-09-26 14:25:00,1.69,16600.0,United Kingdom
568340,84879,ASSORTED COLOUR BIRD ORNAMENT,16,2011-09-26 14:54:00,1.69,13866.0,United Kingdom
568346,21212,PACK OF 72 RETROSPOT CAKE CASES,3,2011-09-26 15:28:00,1.25,14096.0,United Kingdom
568376,84879,ASSORTED COLOUR BIRD ORNAMENT,160,2011-09-26 17:20:00,1.45,14031.0,United Kingdom
568394,21212,PACK OF 72 RETROSPOT CAKE CASES,24,2011-09-27 10:20:00,0.55,13314.0,United Kingdom
568397,84879,ASSORTED COLOUR BIRD ORNAMENT,8,2011-09-27 10:24:00,1.69,15745.0,United Kingdom
568408,21212,PACK OF 72 RETROSPOT CAKE CASES,17,2011-09-27 10:40:00,2.08,,United Kingdom
568413,84879,ASSORTED COLOUR BIRD ORNAMENT,8,2011-09-27 11:01:00,1.69,14818.0,United Kingdom
568428,85123A,WHITE HANGING HEART T-LIGHT HOLDER,3,2011-09-27 11:27:00,2.95,14419.0,United Kingdom
568494,84879,ASSORTED COLOUR BIRD ORNAMENT,8,2011-09-27 12:08:00,1.69,16266.0,United Kingdom
568495,84879,ASSORTED COLOUR BIRD ORNAMENT,16,2011-09-27 12:08:00,1.69,14755.0,United Kingdom
568512,22616,PACK OF 12 LONDON TISSUES ,120,2011-09-27 12:28:00,0.39,14101.0,United Kingdom
568515,21212,PACK OF 72 RETROSPOT CAKE CASES,24,2011-09-27 12:44:00,0.55,14466.0,United Kingdom
568517,85123A,WHITE HANGING HEART T-LIGHT HOLDER,1,2011-09-27 12:52:00,2.95,14456.0,United Kingdom
568531,84879,ASSORTED COLOUR BIRD ORNAMENT,8,2011-09-27 13:49:00,1.69,16713.0,United Kingdom
568547,22616,PACK OF 12 LONDON TISSUES ,24,2011-09-27 14:37:00,0.39,15568.0,United Kingdom
568551,84879,ASSORTED COLOUR BIRD ORNAMENT,16,2011-09-27 14:58:00,1.69,14883.0,United Kingdom
568553,85123A,WHITE HANGING HEART T-LIGHT HOLDER,12,2011-09-27 15:17:00,2.95,15674.0,United Kingdom
568554,21212,PACK OF 72 RETROSPOT CAKE CASES,24,2011-09-27 15:31:00,0.55,12455.0,Spain
568566,84879,ASSORTED COLOUR BIRD ORNAMENT,10,2011-09-27 17:47:00,1.69,17609.0,United Kingdom
568566,85123A,WHITE HANGING HEART T-LIGHT HOLDER,1,2011-09-27 17:47:00,2.95,17609.0,United Kingdom
568593,84879,ASSORTED COLOUR BIRD ORNAMENT,8,2011-09-28 10:54:00,1.69,13988.0,United Kingdom
568614,85123A,WHITE HANGING HEART T-LIGHT HOLDER,6,2011-09-28 11:26:00,2.95,13515.0,United Kingdom
568647,84879,ASSORTED COLOUR BIRD ORNAMENT,8,2011-09-28 11:48:00,1.69,16157.0,United Kingdom
568653,85123A,WHITE HANGING HEART T-LIGHT HOLDER,64,2011-09-28 12:16:00,2.55,13798.0,United Kingdom
568658,84879,ASSORTED COLOUR BIRD ORNAMENT,24,2011-09-28 12:25:00,1.69,18242.0,United Kingdom
568659,21212,PACK OF 72 RETROSPOT CAKE CASES,24,2011-09-28 12:28:00,0.55,13516.0,United Kingdom
568662,85123A,WHITE HANGING HEART T-LIGHT HOLDER,1,2011-09-28 12:36:00,2.95,16764.0,United Kingdom
568663,85123A,WHITE HANGING HEART T-LIGHT HOLDER,12,2011-09-28 12:46:00,2.95,14440.0,United Kingdom
568680,84879,ASSORTED COLOUR BIRD ORNAMENT,8,2011-09-28 14:10:00,1.69,18265.0,United Kingdom
568686,21212,PACK OF 72 RETROSPOT CAKE CASES,6,2011-09-28 14:26:00,0.55,16115.0,United Kingdom
568696,85123A,WHITE HANGING HEART T-LIGHT HOLDER,6,2011-09-28 14:56:00,2.95,13842.0,United Kingdom
568696,84879,ASSORTED COLOUR BIRD ORNAMENT,8,2011-09-28 14:56:00,1.69,13842.0,United Kingdom
568701,84879,ASSORTED COLOUR BIRD ORNAMENT,8,2011-09-28 15:07:00,1.69,13924.0,United Kingdom
568703,21212,PACK OF 72 RETROSPOT CAKE CASES,3,2011-09-28 15:21:00,0.55,12748.0,United Kingdom
568704,84879,ASSORTED COLOUR BIRD ORNAMENT,160,2011-09-28 15:24:00,1.45,13321.0,United Kingdom
568710,85123A,WHITE HANGING HEART T-LIGHT HOLDER,32,2011-09-28 15:42:00,2.55,14649.0,United Kingdom
568719,22616,PACK OF 12 LONDON TISSUES ,1,2011-09-28 16:19:00,0.83,,United Kingdom
568721,21212,PACK OF 72 RETROSPOT CAKE CASES,1,2011-09-28 16:24:00,1.25,,United Kingdom
568721,85123A,WHITE HANGING HEART T-LIGHT HOLDER,1,2011-09-28 16:24:00,5.79,,United Kingdom
568726,85123A,WHITE HANGING HEART T-LIGHT HOLDER,3,2011-09-28 16:35:00,2.95,16775.0,United Kingdom
568788,85123A,WHITE HANGING HEART T-LIGHT HOLDER,2,2011-09-29 09:23:00,2.95,17894.0,United Kingdom
568794,84879,ASSORTED COLOUR BIRD ORNAMENT,16,2011-09-29 10:10:00,1.69,17447.0,United Kingdom
568801,85123A,WHITE HANGING HEART T-LIGHT HOLDER,6,2011-09-29 10:46:00,2.95,14475.0,United Kingdom
568802,84879,ASSORTED COLOUR BIRD ORNAMENT,24,2011-09-29 10:49:00,1.69,14834.0,United Kingdom
568831,85123A,WHITE HANGING HEART T-LIGHT HOLDER,2,2011-09-29 11:35:00,2.95,16059.0,United Kingdom
568878,85123A,WHITE HANGING HEART T-LIGHT HOLDER,4,2011-09-29 12:34:00,2.95,14524.0,United Kingdom
568894,84879,ASSORTED COLOUR BIRD ORNAMENT,16,2011-09-29 13:04:00,1.69,17528.0,United Kingdom
568900,84879,ASSORTED COLOUR BIRD ORNAMENT,16,2011-09-29 13:21:00,1.69,13647.0,United Kingdom
568901,85123A,WHITE HANGING HEART T-LIGHT HOLDER,32,2011-09-29 13:22:00,2.55,15050.0,United Kingdom
568901,84879,ASSORTED COLOUR BIRD ORNAMENT,32,2011-09-29 13:22:00,1.69,15050.0,United Kingdom
568901,84879,ASSORTED COLOUR BIRD ORNAMENT,16,2011-09-29 13:22:00,1.69,15050.0,United Kingdom
568908,21212,PACK OF 72 RETROSPOT CAKE CASES,24,2011-09-29 13:38:00,0.55,16653.0,United Kingdom
568909,84879,ASSORTED COLOUR BIRD ORNAMENT,8,2011-09-29 13:38:00,1.69,16818.0,United Kingdom
568917,21212,PACK OF 72 RETROSPOT CAKE CASES,24,2011-09-29 14:11:00,0.55,15955.0,United Kingdom
568919,85123A,WHITE HANGING HEART T-LIGHT HOLDER,32,2011-09-29 14:38:00,2.55,12937.0,United Kingdom
568938,21212,PACK OF 72 RETROSPOT CAKE CASES,3,2011-09-29 14:46:00,0.55,17220.0,United Kingdom
568943,22616,PACK OF 12 LONDON TISSUES ,432,2011-09-29 14:50:00,0.32,17306.0,United Kingdom
568949,84879,ASSORTED COLOUR BIRD ORNAMENT,8,2011-09-29 15:13:00,3.12,,United Kingdom
568949,85123A,WHITE HANGING HEART T-LIGHT HOLDER,2,2011-09-29 15:13:00,5.79,,United Kingdom
568949,21212,PACK OF 72 RETROSPOT CAKE CASES,1,2011-09-29 15:13:00,1.25,,United Kingdom
568952,84879,ASSORTED COLOUR BIRD ORNAMENT,8,2011-09-29 15:29:00,1.69,14305.0,United Kingdom
568955,84879,ASSORTED COLOUR BIRD ORNAMENT,8,2011-09-29 15:40:00,1.69,13759.0,United Kingdom
568987,21212,PACK OF 72 RETROSPOT CAKE CASES,24,2011-09-29 15:58:00,0.55,12709.0,Germany
568990,21212,PACK OF 72 RETROSPOT CAKE CASES,24,2011-09-29 16:42:00,0.55,15933.0,United Kingdom
568990,84879,ASSORTED COLOUR BIRD ORNAMENT,8,2011-09-29 16:42:00,1.69,15933.0,United Kingdom
569000,84879,ASSORTED COLOUR BIRD ORNAMENT,16,2011-09-29 17:36:00,1.69,17015.0,United Kingdom
569000,21212,PACK OF 72 RETROSPOT CAKE CASES,24,2011-09-29 17:36:00,0.55,17015.0,United Kingdom
569005,21212,PACK OF 72 RETROSPOT CAKE CASES,24,2011-09-29 18:30:00,0.55,16268.0,United Kingdom
569005,84879,ASSORTED COLOUR BIRD ORNAMENT,8,2011-09-29 18:30:00,1.69,16268.0,United Kingdom
569014,85123A,WHITE HANGING HEART T-LIGHT HOLDER,12,2011-09-30 09:05:00,2.95,18053.0,United Kingdom
569026,21212,PACK OF 72 RETROSPOT CAKE CASES,24,2011-09-30 10:18:00,0.55,16101.0,United Kingdom
569037,85123A,WHITE HANGING HEART T-LIGHT HOLDER,3,2011-09-30 10:45:00,2.95,13263.0,United Kingdom
569089,85123A,WHITE HANGING HEART T-LIGHT HOLDER,2,2011-09-30 12:03:00,2.95,13764.0,United Kingdom
569105,85123A,WHITE HANGING HEART T-LIGHT HOLDER,2,2011-09-30 12:35:00,2.95,16729.0,United Kingdom
569105,84879,ASSORTED COLOUR BIRD ORNAMENT,16,2011-09-30 12:35:00,1.69,16729.0,United Kingdom
569110,85123A,WHITE HANGING HEART T-LIGHT HOLDER,32,2011-09-30 12:44:00,2.55,17675.0,United Kingdom
569129,85123A,WHITE HANGING HEART T-LIGHT HOLDER,4,2011-09-30 13:40:00,2.95,15034.0,United Kingdom
569134,85123A,WHITE HANGING HEART T-LIGHT HOLDER,6,2011-09-30 14:07:00,2.95,15411.0,United Kingdom
569139,85123A,WHITE HANGING HEART T-LIGHT HOLDER,6,2011-09-30 14:55:00,2.95,16404.0,United Kingdom
569140,21212,PACK OF 72 RETROSPOT CAKE CASES,24,2011-09-30 14:59:00,0.55,14503.0,United Kingdom
569147,84879,ASSORTED COLOUR BIRD ORNAMENT,32,2011-09-30 15:33:00,1.69,12842.0,United Kingdom
569147,85123A,WHITE HANGING HEART T-LIGHT HOLDER,32,2011-09-30 15:33:00,2.55,12842.0,United Kingdom
569148,85123A,WHITE HANGING HEART T-LIGHT HOLDER,12,2011-09-30 15:52:00,2.95,16613.0,United Kingdom
569202,21212,PACK OF 72 RETROSPOT CAKE CASES,1,2011-09-30 17:22:00,1.25,,United Kingdom
569206,85123A,WHITE HANGING HEART T-LIGHT HOLDER,2,2011-10-02 10:58:00,2.95,15038.0,United Kingdom
569211,85123A,WHITE HANGING HEART T-LIGHT HOLDER,4,2011-10-02 12:04:00,2.95,15774.0,United Kingdom
569212,85123A,WHITE HANGING HEART T-LIGHT HOLDER,2,2011-10-02 12:05:00,2.95,15164.0,United Kingdom
569212,84879,ASSORTED COLOUR BIRD ORNAMENT,8,2011-10-02 12:05:00,1.69,15164.0,United Kingdom
569212,84879,ASSORTED COLOUR BIRD ORNAMENT,8,2011-10-02 12:05:00,1.69,15164.0,United Kingdom
569216,85123A,WHITE HANGING HEART T-LIGHT HOLDER,1,2011-10-02 12:41:00,2.95,15555.0,United Kingdom
569220,21212,PACK OF 72 RETROSPOT CAKE CASES,4,2011-10-02 13:26:00,0.55,16007.0,United Kingdom
569220,21212,PACK OF 72 RETROSPOT CAKE CASES,2,2011-10-02 13:26:00,0.55,16007.0,United Kingdom
569228,84879,ASSORTED COLOUR BIRD ORNAMENT,8,2011-10-02 14:47:00,1.69,15547.0,United Kingdom
569229,21212,PACK OF 72 RETROSPOT CAKE CASES,1,2011-10-02 14:56:00,0.55,14502.0,United Kingdom
569229,85123A,WHITE HANGING HEART T-LIGHT HOLDER,1,2011-10-02 14:56:00,2.95,14502.0,United Kingdom
569230,85123A,WHITE HANGING HEART T-LIGHT HOLDER,3,2011-10-02 15:07:00,2.95,16533.0,United Kingdom
569234,21212,PACK OF 72 RETROSPOT CAKE CASES,1,2011-10-02 15:33:00,0.55,17841.0,United Kingdom
569236,85123A,WHITE HANGING HEART T-LIGHT HOLDER,8,2011-10-02 15:49:00,2.95,14432.0,United Kingdom
569238,21212,PACK OF 72 RETROSPOT CAKE CASES,3,2011-10-02 15:52:00,0.55,17954.0,United Kingdom
569246,85123A,WHITE HANGING HEART T-LIGHT HOLDER,1,2011-10-03 09:57:00,5.79,14096.0,United Kingdom
569250,84879,ASSORTED COLOUR BIRD ORNAMENT,32,2011-10-03 10:18:00,1.69,16747.0,United Kingdom
569253,84879,ASSORTED COLOUR BIRD ORNAMENT,16,2011-10-03 10:55:00,1.69,13635.0,United Kingdom
569253,85123A,WHITE HANGING HEART T-LIGHT HOLDER,12,2011-10-03 10:55:00,2.95,13635.0,United Kingdom
569254,85123A,WHITE HANGING HEART T-LIGHT HOLDER,3,2011-10-03 11:00:00,2.95,18116.0,United Kingdom
569254,22616,PACK OF 12 LONDON TISSUES ,114,2011-10-03 11:00:00,0.39,18116.0,United Kingdom
569329,85123A,WHITE HANGING HEART T-LIGHT HOLDER,6,2011-10-03 13:03:00,2.95,17652.0,United Kingdom
569367,84879,ASSORTED COLOUR BIRD ORNAMENT,8,2011-10-03 15:28:00,1.69,13994.0,United Kingdom
569371,84879,ASSORTED COLOUR BIRD ORNAMENT,16,2011-10-03 15:52:00,1.69,14651.0,United Kingdom
569372,21212,PACK OF 72 RETROSPOT CAKE CASES,1,2011-10-03 16:04:00,1.25,,United Kingdom
569374,22616,PACK OF 12 LONDON TISSUES ,1,2011-10-03 16:14:00,0.83,,United Kingdom
569374,85123A,WHITE HANGING HEART T-LIGHT HOLDER,1,2011-10-03 16:14:00,5.79,,United Kingdom
569374,21212,PACK OF 72 RETROSPOT CAKE CASES,1,2011-10-03 16:14:00,1.25,,United Kingdom
569383,21212,PACK OF 72 RETROSPOT CAKE CASES,24,2011-10-03 16:46:00,0.55,15159.0,United Kingdom
569397,85123A,WHITE HANGING HEART T-LIGHT HOLDER,12,2011-10-04 08:26:00,2.95,12747.0,United Kingdom
569397,84879,ASSORTED COLOUR BIRD ORNAMENT,16,2011-10-04 08:26:00,1.69,12747.0,United Kingdom
569403,21212,PACK OF 72 RETROSPOT CAKE CASES,24,2011-10-04 09:02:00,0.55,13319.0,United Kingdom
569403,84879,ASSORTED COLOUR BIRD ORNAMENT,16,2011-10-04 09:02:00,1.69,13319.0,United Kingdom
569414,21212,PACK OF 72 RETROSPOT CAKE CASES,26,2011-10-04 10:11:00,2.08,,United Kingdom
569414,21212,PACK OF 72 RETROSPOT CAKE CASES,1,2011-10-04 10:11:00,5.0,,United Kingdom
569461,21212,PACK OF 72 RETROSPOT CAKE CASES,24,2011-10-04 11:36:00,0.55,16556.0,United Kingdom
569469,21212,PACK OF 72 RETROSPOT CAKE CASES,4,2011-10-04 12:22:00,0.55,16360.0,United Kingdom
569469,21212,PACK OF 72 RETROSPOT CAKE CASES,2,2011-10-04 12:22:00,0.55,16360.0,United Kingdom
569469,85123A,WHITE HANGING HEART T-LIGHT HOLDER,2,2011-10-04 12:22:00,2.95,16360.0,United Kingdom
569471,84879,ASSORTED COLOUR BIRD ORNAMENT,8,2011-10-04 12:38:00,1.69,15046.0,United Kingdom
569472,84879,ASSORTED COLOUR BIRD ORNAMENT,12,2011-10-04 12:38:00,1.69,14515.0,United Kingdom
569491,22616,PACK OF 12 LONDON TISSUES ,12,2011-10-04 13:25:00,0.39,14056.0,United Kingdom
569493,84879,ASSORTED COLOUR BIRD ORNAMENT,8,2011-10-04 13:35:00,1.69,13317.0,United Kingdom
569523,84879,ASSORTED COLOUR BIRD ORNAMENT,8,2011-10-04 14:41:00,1.69,16033.0,United Kingdom
569527,85123A,WHITE HANGING HEART T-LIGHT HOLDER,1,2011-10-04 14:53:00,2.95,12512.0,Israel
569527,85123A,WHITE HANGING HEART T-LIGHT HOLDER,1,2011-10-04 14:53:00,2.95,12512.0,Israel
569533,84879,ASSORTED COLOUR BIRD ORNAMENT,8,2011-10-04 15:21:00,1.69,16374.0,United Kingdom
569533,21212,PACK OF 72 RETROSPOT CAKE CASES,1,2011-10-04 15:21:00,0.55,16374.0,United Kingdom
569535,85123A,WHITE HANGING HEART T-LIGHT HOLDER,3,2011-10-04 15:41:00,2.95,15044.0,United Kingdom
569538,84879,ASSORTED COLOUR BIRD ORNAMENT,8,2011-10-04 15:55:00,1.69,14462.0,United Kingdom
569544,22616,PACK OF 12 LONDON TISSUES ,3,2011-10-04 16:33:00,0.83,,United Kingdom
569544,21212,PACK OF 72 RETROSPOT CAKE CASES,1,2011-10-04 16:33:00,1.25,,United Kingdom
569545,85123A,WHITE HANGING HEART T-LIGHT HOLDER,1,2011-10-04 16:37:00,5.79,,United Kingdom
569560,84879,ASSORTED COLOUR BIRD ORNAMENT,16,2011-10-05 09:42:00,1.69,14511.0,United Kingdom
569562,22616,PACK OF 12 LONDON TISSUES ,24,2011-10-05 09:43:00,0.39,12720.0,Germany
569564,21212,PACK OF 72 RETROSPOT CAKE CASES,24,2011-10-05 09:47:00,0.55,13989.0,United Kingdom
569568,84879,ASSORTED COLOUR BIRD ORNAMENT,8,2011-10-05 09:57:00,1.69,12700.0,France
569581,85123A,WHITE HANGING HEART T-LIGHT HOLDER,12,2011-10-05 11:16:00,2.95,15081.0,United Kingdom
569590,84879,ASSORTED COLOUR BIRD ORNAMENT,16,2011-10-05 11:25:00,1.69,13949.0,United Kingdom
569590,85123A,WHITE HANGING HEART T-LIGHT HOLDER,6,2011-10-05 11:25:00,2.95,13949.0,United Kingdom
569630,84879,ASSORTED COLOUR BIRD ORNAMENT,16,2011-10-05 11:44:00,1.69,13458.0,United Kingdom
569662,85123A,WHITE HANGING HEART T-LIGHT HOLDER,12,2011-10-05 13:19:00,2.95,15244.0,United Kingdom
569667,84879,ASSORTED COLOUR BIRD ORNAMENT,8,2011-10-05 13:42:00,1.69,17521.0,United Kingdom
569668,85123A,WHITE HANGING HEART T-LIGHT HOLDER,6,2011-10-05 13:47:00,2.95,16040.0,United Kingdom
569669,85123A,WHITE HANGING HEART T-LIGHT HOLDER,1,2011-10-05 13:47:00,2.95,14730.0,United Kingdom
569669,85123A,WHITE HANGING HEART T-LIGHT HOLDER,1,2011-10-05 13:47:00,2.95,14730.0,United Kingdom
569673,84879,ASSORTED COLOUR BIRD ORNAMENT,3,2011-10-05 13:58:00,1.69,17222.0,United Kingdom
569673,85123A,WHITE HANGING HEART T-LIGHT HOLDER,1,2011-10-05 13:58:00,2.95,17222.0,United Kingdom
569683,84879,ASSORTED COLOUR BIRD ORNAMENT,16,2011-10-05 14:39:00,1.69,15953.0,United Kingdom
569699,22616,PACK OF 12 LONDON TISSUES ,24,2011-10-05 15:52:00,0.39,12723.0,France
569702,85123A,WHITE HANGING HEART T-LIGHT HOLDER,10,2011-10-05 16:09:00,2.95,14396.0,United Kingdom
569702,84879,ASSORTED COLOUR BIRD ORNAMENT,8,2011-10-05 16:09:00,1.69,14396.0,United Kingdom
569715,22616,PACK OF 12 LONDON TISSUES ,144,2011-10-05 17:29:00,0.39,15856.0,United Kingdom
569716,84879,ASSORTED COLOUR BIRD ORNAMENT,16,2011-10-06 08:17:00,1.69,15804.0,United Kingdom
569726,85123A,WHITE HANGING HEART T-LIGHT HOLDER,12,2011-10-06 09:36:00,2.95,17419.0,United Kingdom
569728,84879,ASSORTED COLOUR BIRD ORNAMENT,32,2011-10-06 09:38:00,1.69,15416.0,United Kingdom
569737,21212,PACK OF 72 RETROSPOT CAKE CASES,24,2011-10-06 10:45:00,0.55,16295.0,United Kingdom
569741,21212,PACK OF 72 RETROSPOT CAKE CASES,24,2011-10-06 10:52:00,0.55,14626.0,United Kingdom
569766,84879,ASSORTED COLOUR BIRD ORNAMENT,48,2011-10-06 11:24:00,1.69,14849.0,United Kingdom
569780,22616,PACK OF 12 LONDON TISSUES ,120,2011-10-06 11:38:00,0.39,13199.0,United Kingdom
569803,84879,ASSORTED COLOUR BIRD ORNAMENT,8,2011-10-06 11:48:00,1.69,13090.0,United Kingdom
569823,84879,ASSORTED COLOUR BIRD ORNAMENT,2,2011-10-06 12:15:00,1.69,16895.0,United Kingdom
569826,84879,ASSORTED COLOUR BIRD ORNAMENT,16,2011-10-06 12:25:00,1.69,18161.0,United Kingdom
569833,84879,ASSORTED COLOUR BIRD ORNAMENT,8,2011-10-06 12:56:00,1.69,15306.0,United Kingdom
569834,84879,ASSORTED COLOUR BIRD ORNAMENT,80,2011-10-06 13:00:00,1.69,14383.0,United Kingdom
569834,21212,PACK OF 72 RETROSPOT CAKE CASES,24,2011-10-06 13:00:00,0.55,14383.0,United Kingdom
569835,22616,PACK OF 12 LONDON TISSUES ,12,2011-10-06 13:05:00,0.39,15518.0,United Kingdom
569843,84879,ASSORTED COLOUR BIRD ORNAMENT,1,2011-10-06 13:29:00,1.69,14449.0,United Kingdom
569859,84879,ASSORTED COLOUR BIRD ORNAMENT,24,2011-10-06 14:36:00,1.69,16814.0,United Kingdom
569862,84879,ASSORTED COLOUR BIRD ORNAMENT,16,2011-10-06 14:43:00,1.69,14518.0,United Kingdom
569864,21212,PACK OF 72 RETROSPOT CAKE CASES,24,2011-10-06 14:45:00,0.55,14533.0,United Kingdom
569866,22616,PACK OF 12 LONDON TISSUES ,12,2011-10-06 14:50:00,0.39,12757.0,Portugal
569867,21212,PACK OF 72 RETROSPOT CAKE CASES,24,2011-10-06 14:54:00,0.55,12569.0,Germany
569896,21212,PACK OF 72 RETROSPOT CAKE CASES,2,2011-10-06 15:58:00,0.55,,United Kingdom
569897,84879,ASSORTED COLOUR BIRD ORNAMENT,10,2011-10-06 16:01:00,1.69,17813.0,United Kingdom
569898,85123A,WHITE HANGING HEART T-LIGHT HOLDER,1,2011-10-06 16:08:00,5.79,,United Kingdom
569900,21212,PACK OF 72 RETROSPOT CAKE CASES,24,2011-10-06 16:17:00,0.55,17651.0,United Kingdom
569923,84879,ASSORTED COLOUR BIRD ORNAMENT,16,2011-10-06 17:43:00,1.69,16184.0,United Kingdom
569962,84879,ASSORTED COLOUR BIRD ORNAMENT,8,2011-10-06 18:45:00,1.69,13993.0,United Kingdom
570001,84879,ASSORTED COLOUR BIRD ORNAMENT,24,2011-10-07 09:10:00,1.69,14427.0,United Kingdom
570007,21212,PACK OF 72 RETROSPOT CAKE CASES,24,2011-10-07 09:26:00,0.55,12519.0,Germany
570011,85123A,WHITE HANGING HEART T-LIGHT HOLDER,12,2011-10-07 09:44:00,2.95,16477.0,United Kingdom
570016,85123A,WHITE HANGING HEART T-LIGHT HOLDER,6,2011-10-07 10:06:00,2.95,14911.0,EIRE
570016,84879,ASSORTED COLOUR BIRD ORNAMENT,8,2011-10-07 10:06:00,1.69,14911.0,EIRE
570022,85123A,WHITE HANGING HEART T-LIGHT HOLDER,1,2011-10-07 10:21:00,2.95,14067.0,United Kingdom
570022,21212,PACK OF 72 RETROSPOT CAKE CASES,24,2011-10-07 10:21:00,0.55,14067.0,United Kingdom
570030,21212,PACK OF 72 RETROSPOT CAKE CASES,24,2011-10-07 10:44:00,0.55,12740.0,France
570049,21212,PACK OF 72 RETROSPOT CAKE CASES,3,2011-10-07 10:55:00,0.55,17228.0,United Kingdom
570087,21212,PACK OF 72 RETROSPOT CAKE CASES,13,2011-10-07 11:26:00,2.08,,United Kingdom
570088,85123A,WHITE HANGING HEART T-LIGHT HOLDER,1,2011-10-07 11:32:00,2.95,16764.0,United Kingdom
570100,85123A,WHITE HANGING HEART T-LIGHT HOLDER,6,2011-10-07 12:12:00,2.95,13695.0,United Kingdom
570101,21212,PACK OF 72 RETROSPOT CAKE CASES,24,2011-10-07 12:14:00,0.55,14560.0,United Kingdom
570108,21212,PACK OF 72 RETROSPOT CAKE CASES,24,2011-10-07 12:25:00,0.55,13004.0,United Kingdom
570111,85123A,WHITE HANGING HEART T-LIGHT HOLDER,4,2011-10-07 12:28:00,2.95,15005.0,United Kingdom
570116,21212,PACK OF 72 RETROSPOT CAKE CASES,1,2011-10-07 12:38:00,0.55,12856.0,United Kingdom
570125,21212,PACK OF 72 RETROSPOT CAKE CASES,24,2011-10-07 13:14:00,0.55,17509.0,United Kingdom
570126,21212,PACK OF 72 RETROSPOT CAKE CASES,1,2011-10-07 13:16:00,0.55,16910.0,United Kingdom
570127,22616,PACK OF 12 LONDON TISSUES ,24,2011-10-07 13:17:00,0.39,16900.0,United Kingdom
570167,21212,PACK OF 72 RETROSPOT CAKE CASES,24,2011-10-07 14:04:00,0.55,15615.0,United Kingdom
570168,22616,PACK OF 12 LONDON TISSUES ,1,2011-10-07 14:05:00,0.39,17596.0,United Kingdom
570184,22616,PACK OF 12 LONDON TISSUES ,24,2011-10-07 14:46:00,0.39,14029.0,United Kingdom
570187,22616,PACK OF 12 LONDON TISSUES ,10,2011-10-07 15:09:00,0.83,,United Kingdom
570187,85123A,WHITE HANGING HEART T-LIGHT HOLDER,2,2011-10-07 15:09:00,5.79,,United Kingdom
570195,84879,ASSORTED COLOUR BIRD ORNAMENT,16,2011-10-07 15:38:00,1.69,14825.0,United Kingdom
570200,85123A,WHITE HANGING HEART T-LIGHT HOLDER,2,2011-10-07 16:03:00,2.95,16918.0,United Kingdom
570211,84879,ASSORTED COLOUR BIRD ORNAMENT,1,2011-10-09 11:15:00,1.69,13558.0,United Kingdom
570224,85123A,WHITE HANGING HEART T-LIGHT HOLDER,6,2011-10-09 13:15:00,2.95,16931.0,United Kingdom
570225,85123A,WHITE HANGING HEART T-LIGHT HOLDER,2,2011-10-09 13:15:00,2.95,16595.0,United Kingdom
570234,84879,ASSORTED COLOUR BIRD ORNAMENT,8,2011-10-09 14:22:00,1.69,17790.0,United Kingdom
570244,85123A,WHITE HANGING HEART T-LIGHT HOLDER,18,2011-10-09 16:05:00,2.95,14514.0,United Kingdom
570244,21212,PACK OF 72 RETROSPOT CAKE CASES,12,2011-10-09 16:05:00,0.55,14514.0,United Kingdom
570256,21212,PACK OF 72 RETROSPOT CAKE CASES,24,2011-10-10 09:53:00,0.55,15152.0,United Kingdom
570271,84879,ASSORTED COLOUR BIRD ORNAMENT,16,2011-10-10 10:29:00,1.69,13756.0,United Kingdom
570272,84879,ASSORTED COLOUR BIRD ORNAMENT,24,2011-10-10 10:45:00,1.69,14297.0,United Kingdom
570273,85123A,WHITE HANGING HEART T-LIGHT HOLDER,12,2011-10-10 10:51:00,2.95,13373.0,United Kingdom
570333,85123A,WHITE HANGING HEART T-LIGHT HOLDER,1,2011-10-10 12:19:00,2.95,18126.0,United Kingdom
570342,85123A,WHITE HANGING HEART T-LIGHT HOLDER,12,2011-10-10 12:26:00,2.95,17706.0,United Kingdom
570388,21212,PACK OF 72 RETROSPOT CAKE CASES,24,2011-10-10 12:37:00,0.55,14911.0,EIRE
570404,21212,PACK OF 72 RETROSPOT CAKE CASES,1,2011-10-10 12:50:00,0.55,16395.0,United Kingdom
570404,21212,PACK OF 72 RETROSPOT CAKE CASES,2,2011-10-10 12:50:00,0.55,16395.0,United Kingdom
570409,21212,PACK OF 72 RETROSPOT CAKE CASES,24,2011-10-10 13:03:00,0.55,12682.0,France
570420,21212,PACK OF 72 RETROSPOT CAKE CASES,1,2011-10-10 13:33:00,0.55,17841.0,United Kingdom
570429,85123A,WHITE HANGING HEART T-LIGHT HOLDER,96,2011-10-10 14:06:00,2.55,13225.0,United Kingdom
570442,85123A,WHITE HANGING HEART T-LIGHT HOLDER,2,2011-10-10 14:37:00,2.95,16549.0,United Kingdom
570444,22616,PACK OF 12 LONDON TISSUES ,12,2011-10-10 14:38:00,0.39,17284.0,United Kingdom
570466,21212,PACK OF 72 RETROSPOT CAKE CASES,2,2011-10-10 16:03:00,0.55,16791.0,United Kingdom
570467,21212,PACK OF 72 RETROSPOT CAKE CASES,24,2011-10-10 16:06:00,0.55,12607.0,USA
570482,22616,PACK OF 12 LONDON TISSUES ,1,2011-10-10 17:00:00,0.39,17459.0,United Kingdom
570488,21212,PACK OF 72 RETROSPOT CAKE CASES,3,2011-10-10 17:12:00,1.25,14096.0,United Kingdom
570488,22616,PACK OF 12 LONDON TISSUES ,2,2011-10-10 17:12:00,0.83,14096.0,United Kingdom
570498,84879,ASSORTED COLOUR BIRD ORNAMENT,16,2011-10-11 09:10:00,1.69,16136.0,United Kingdom
570499,21212,PACK OF 72 RETROSPOT CAKE CASES,24,2011-10-11 09:19:00,0.55,12772.0,Portugal
570514,21212,PACK OF 72 RETROSPOT CAKE CASES,24,2011-10-11 10:36:00,0.55,13089.0,United Kingdom
570514,84879,ASSORTED COLOUR BIRD ORNAMENT,36,2011-10-11 10:36:00,1.69,13089.0,United Kingdom
570590,85123A,WHITE HANGING HEART T-LIGHT HOLDER,24,2011-10-11 11:34:00,2.95,18075.0,United Kingdom
570592,21212,PACK OF 72 RETROSPOT CAKE CASES,9,2011-10-11 11:37:00,2.08,,United Kingdom
570642,84879,ASSORTED COLOUR BIRD ORNAMENT,16,2011-10-11 12:41:00,1.69,15024.0,United Kingdom
570672,21212,PACK OF 72 RETROSPOT CAKE CASES,24,2011-10-11 14:52:00,0.55,12536.0,France
570672,22616,PACK OF 12 LONDON TISSUES ,24,2011-10-11 14:52:00,0.39,12536.0,France
570672,84879,ASSORTED COLOUR BIRD ORNAMENT,8,2011-10-11 14:52:00,1.69,12536.0,France
570674,85123A,WHITE HANGING HEART T-LIGHT HOLDER,6,2011-10-11 14:59:00,2.95,14911.0,EIRE
570677,85123A,WHITE HANGING HEART T-LIGHT HOLDER,12,2011-10-11 15:10:00,2.95,12836.0,United Kingdom
570688,21212,PACK OF 72 RETROSPOT CAKE CASES,1,2011-10-11 16:29:00,1.25,,United Kingdom
570688,85123A,WHITE HANGING HEART T-LIGHT HOLDER,4,2011-10-11 16:29:00,2.95,,United Kingdom
570690,21212,PACK OF 72 RETROSPOT CAKE CASES,1,2011-10-11 16:37:00,1.25,,United Kingdom
570792,21212,PACK OF 72 RETROSPOT CAKE CASES,24,2011-10-12 12:01:00,0.55,12709.0,Germany
570796,85123A,WHITE HANGING HEART T-LIGHT HOLDER,2,2011-10-12 12:19:00,2.95,16241.0,United Kingdom
570818,21212,PACK OF 72 RETROSPOT CAKE CASES,1,2011-10-12 12:47:00,0.55,17841.0,United Kingdom
570818,85123A,WHITE HANGING HEART T-LIGHT HOLDER,2,2011-10-12 12:47:00,2.95,17841.0,United Kingdom
570830,85123A,WHITE HANGING HEART T-LIGHT HOLDER,6,2011-10-12 13:20:00,2.95,14852.0,United Kingdom
570833,84879,ASSORTED COLOUR BIRD ORNAMENT,16,2011-10-12 13:30:00,1.69,14834.0,United Kingdom
570834,84879,ASSORTED COLOUR BIRD ORNAMENT,8,2011-10-12 13:31:00,1.69,13865.0,United Kingdom
570837,21212,PACK OF 72 RETROSPOT CAKE CASES,24,2011-10-12 13:55:00,0.55,,United Kingdom
570843,84879,ASSORTED COLOUR BIRD ORNAMENT,16,2011-10-12 14:22:00,1.69,17293.0,United Kingdom
570855,84879,ASSORTED COLOUR BIRD ORNAMENT,8,2011-10-12 14:56:00,1.69,17314.0,United Kingdom
570856,85123A,WHITE HANGING HEART T-LIGHT HOLDER,6,2011-10-12 15:01:00,2.95,13464.0,United Kingdom
570859,84879,ASSORTED COLOUR BIRD ORNAMENT,8,2011-10-12 15:22:00,1.69,18277.0,United Kingdom
570871,85123A,WHITE HANGING HEART T-LIGHT HOLDER,3,2011-10-12 16:36:00,5.79,,United Kingdom
570875,21212,PACK OF 72 RETROSPOT CAKE CASES,24,2011-10-12 17:00:00,0.55,12667.0,Finland
570875,85123A,WHITE HANGING HEART T-LIGHT HOLDER,6,2011-10-12 17:00:00,2.95,12667.0,Finland
570886,85123A,WHITE HANGING HEART T-LIGHT HOLDER,192,2011-10-13 10:23:00,2.55,13777.0,United Kingdom
570887,85123A,WHITE HANGING HEART T-LIGHT HOLDER,6,2011-10-13 10:25:00,2.95,17169.0,United Kingdom
570964,21212,PACK OF 72 RETROSPOT CAKE CASES,48,2011-10-13 11:50:00,0.55,12766.0,Portugal
571008,85123A,WHITE HANGING HEART T-LIGHT HOLDER,12,2011-10-13 12:07:00,2.95,17063.0,United Kingdom
571028,85123A,WHITE HANGING HEART T-LIGHT HOLDER,2,2011-10-13 12:21:00,2.95,16770.0,United Kingdom
571030,21212,PACK OF 72 RETROSPOT CAKE CASES,72,2011-10-13 12:26:00,0.55,12876.0,Belgium
571031,85123A,WHITE HANGING HEART T-LIGHT HOLDER,3,2011-10-13 12:30:00,2.95,15005.0,United Kingdom
571032,85123A,WHITE HANGING HEART T-LIGHT HOLDER,1,2011-10-13 12:38:00,2.95,13827.0,United Kingdom
571036,84879,ASSORTED COLOUR BIRD ORNAMENT,32,2011-10-13 12:52:00,1.69,17567.0,United Kingdom
571039,84879,ASSORTED COLOUR BIRD ORNAMENT,8,2011-10-13 12:59:00,1.69,16121.0,United Kingdom
571039,84879,ASSORTED COLOUR BIRD ORNAMENT,16,2011-10-13 12:59:00,1.69,16121.0,United Kingdom
571039,85123A,WHITE HANGING HEART T-LIGHT HOLDER,2,2011-10-13 12:59:00,2.95,16121.0,United Kingdom
571046,22616,PACK OF 12 LONDON TISSUES ,1,2011-10-13 13:35:00,0.39,18096.0,United Kingdom
571053,21212,PACK OF 72 RETROSPOT CAKE CASES,24,2011-10-13 13:53:00,0.55,12631.0,Finland
571054,84879,ASSORTED COLOUR BIRD ORNAMENT,3,2011-10-13 13:58:00,1.69,14234.0,United Kingdom
571054,84879,ASSORTED COLOUR BIRD ORNAMENT,1,2011-10-13 13:58:00,1.69,14234.0,United Kingdom
571062,85123A,WHITE HANGING HEART T-LIGHT HOLDER,5,2011-10-13 14:37:00,2.95,16773.0,United Kingdom
571069,84879,ASSORTED COLOUR BIRD ORNAMENT,8,2011-10-13 15:15:00,1.69,13668.0,United Kingdom
571081,85123A,WHITE HANGING HEART T-LIGHT HOLDER,3,2011-10-13 15:23:00,2.95,16775.0,United Kingdom
571082,21212,PACK OF 72 RETROSPOT CAKE CASES,1,2011-10-13 15:25:00,1.25,,United Kingdom
571082,22616,PACK OF 12 LONDON TISSUES ,1,2011-10-13 15:25:00,0.83,,United Kingdom
571098,85123A,WHITE HANGING HEART T-LIGHT HOLDER,4,2011-10-13 15:38:00,2.95,17841.0,United Kingdom
571098,85123A,WHITE HANGING HEART T-LIGHT HOLDER,2,2011-10-13 15:38:00,2.95,17841.0,United Kingdom
571101,84879,ASSORTED COLOUR BIRD ORNAMENT,48,2011-10-13 15:49:00,1.69,16570.0,United Kingdom
571104,21212,PACK OF 72 RETROSPOT CAKE CASES,24,2011-10-13 15:58:00,0.55,18130.0,United Kingdom
571108,85123A,WHITE HANGING HEART T-LIGHT HOLDER,11,2011-10-13 16:24:00,2.95,14555.0,United Kingdom
571119,21212,PACK OF 72 RETROSPOT CAKE CASES,19,2011-10-14 09:04:00,2.08,,United Kingdom
571120,85123A,WHITE HANGING HEART T-LIGHT HOLDER,64,2011-10-14 09:06:00,2.55,16950.0,United Kingdom
571183,22616,PACK OF 12 LONDON TISSUES ,12,2011-10-14 11:08:00,0.39,14796.0,United Kingdom
571183,21212,PACK OF 72 RETROSPOT CAKE CASES,2,2011-10-14 11:08:00,0.55,14796.0,United Kingdom
571187,21212,PACK OF 72 RETROSPOT CAKE CASES,24,2011-10-14 11:39:00,0.55,12380.0,Belgium
571202,85123A,WHITE HANGING HEART T-LIGHT HOLDER,72,2011-10-14 12:29:00,2.95,14937.0,Channel Islands
571205,84879,ASSORTED COLOUR BIRD ORNAMENT,16,2011-10-14 12:41:00,1.69,15620.0,United Kingdom
571214,84879,ASSORTED COLOUR BIRD ORNAMENT,8,2011-10-14 12:56:00,1.69,14390.0,United Kingdom
571216,85123A,WHITE HANGING HEART T-LIGHT HOLDER,3,2011-10-14 13:06:00,2.95,16081.0,United Kingdom
571219,84879,ASSORTED COLOUR BIRD ORNAMENT,16,2011-10-14 13:35:00,1.69,15601.0,United Kingdom
571228,85123A,WHITE HANGING HEART T-LIGHT HOLDER,12,2011-10-14 14:00:00,2.95,15132.0,United Kingdom
571229,85123A,WHITE HANGING HEART T-LIGHT HOLDER,1,2011-10-14 14:04:00,2.95,15453.0,United Kingdom
571231,85123A,WHITE HANGING HEART T-LIGHT HOLDER,32,2011-10-14 14:22:00,2.55,15856.0,United Kingdom
571243,84879,ASSORTED COLOUR BIRD ORNAMENT,8,2011-10-14 15:26:00,1.69,14595.0,United Kingdom
571247,84879,ASSORTED COLOUR BIRD ORNAMENT,24,2011-10-14 16:04:00,1.69,15826.0,United Kingdom
571257,85123A,WHITE HANGING HEART T-LIGHT HOLDER,3,2011-10-14 17:17:00,5.79,,United Kingdom
571265,84879,ASSORTED COLOUR BIRD ORNAMENT,4,2011-10-16 11:31:00,1.69,16674.0,United Kingdom
571266,22616,PACK OF 12 LONDON TISSUES ,12,2011-10-16 11:41:00,0.39,17769.0,United Kingdom
571266,84879,ASSORTED COLOUR BIRD ORNAMENT,16,2011-10-16 11:41:00,1.69,17769.0,United Kingdom
571274,85123A,WHITE HANGING HEART T-LIGHT HOLDER,12,2011-10-16 12:25:00,2.95,16934.0,United Kingdom
571279,85123A,WHITE HANGING HEART T-LIGHT HOLDER,9,2011-10-16 12:54:00,2.95,16466.0,United Kingdom
571283,85123A,WHITE HANGING HEART T-LIGHT HOLDER,3,2011-10-16 13:51:00,2.95,16533.0,United Kingdom
571286,85123A,WHITE HANGING HEART T-LIGHT HOLDER,6,2011-10-16 14:35:00,2.95,14547.0,United Kingdom
571288,84879,ASSORTED COLOUR BIRD ORNAMENT,24,2011-10-16 15:13:00,1.69,16052.0,United Kingdom
571289,85123A,WHITE HANGING HEART T-LIGHT HOLDER,25,2011-10-16 15:27:00,2.95,15113.0,United Kingdom
571289,21212,PACK OF 72 RETROSPOT CAKE CASES,24,2011-10-16 15:27:00,0.55,15113.0,United Kingdom
571290,84879,ASSORTED COLOUR BIRD ORNAMENT,16,2011-10-16 15:32:00,1.69,17183.0,United Kingdom
571301,84879,ASSORTED COLOUR BIRD ORNAMENT,160,2011-10-17 08:59:00,1.45,15218.0,United Kingdom
571314,85123A,WHITE HANGING HEART T-LIGHT HOLDER,32,2011-10-17 10:43:00,2.55,14156.0,EIRE
571317,21212,PACK OF 72 RETROSPOT CAKE CASES,3,2011-10-17 10:48:00,0.55,17377.0,United Kingdom
571317,21212,PACK OF 72 RETROSPOT CAKE CASES,3,2011-10-17 10:48:00,0.55,17377.0,United Kingdom
571318,21212,PACK OF 72 RETROSPOT CAKE CASES,240,2011-10-17 10:50:00,0.42,17404.0,Sweden
571328,84879,ASSORTED COLOUR BIRD ORNAMENT,16,2011-10-17 11:27:00,1.69,12473.0,Germany
571360,84879,ASSORTED COLOUR BIRD ORNAMENT,160,2011-10-17 11:51:00,1.45,16563.0,United Kingdom
571404,85123A,WHITE HANGING HEART T-LIGHT HOLDER,6,2011-10-17 12:04:00,2.95,17520.0,United Kingdom
571409,84879,ASSORTED COLOUR BIRD ORNAMENT,16,2011-10-17 12:25:00,1.69,14911.0,EIRE
571418,85123A,WHITE HANGING HEART T-LIGHT HOLDER,5,2011-10-17 12:35:00,2.95,16412.0,United Kingdom
571425,85123A,WHITE HANGING HEART T-LIGHT HOLDER,6,2011-10-17 12:41:00,2.95,14911.0,EIRE
571429,84879,ASSORTED COLOUR BIRD ORNAMENT,8,2011-10-17 12:50:00,1.69,15335.0,United Kingdom
571433,21212,PACK OF 72 RETROSPOT CAKE CASES,24,2011-10-17 13:19:00,0.55,13015.0,United Kingdom
571438,84879,ASSORTED COLOUR BIRD ORNAMENT,8,2011-10-17 13:25:00,1.69,15066.0,United Kingdom
571441,21212,PACK OF 72 RETROSPOT CAKE CASES,4,2011-10-17 13:31:00,1.25,14096.0,United Kingdom
571441,22616,PACK OF 12 LONDON TISSUES ,5,2011-10-17 13:31:00,0.83,14096.0,United Kingdom
571441,85123A,WHITE HANGING HEART T-LIGHT HOLDER,1,2011-10-17 13:31:00,5.79,14096.0,United Kingdom
571456,22616,PACK OF 12 LONDON TISSUES ,12,2011-10-17 13:57:00,0.39,16729.0,United Kingdom
571456,84879,ASSORTED COLOUR BIRD ORNAMENT,24,2011-10-17 13:57:00,1.69,16729.0,United Kingdom
571461,85123A,WHITE HANGING HEART T-LIGHT HOLDER,1,2011-10-17 14:12:00,2.95,16932.0,United Kingdom
571461,85123A,WHITE HANGING HEART T-LIGHT HOLDER,2,2011-10-17 14:12:00,2.95,16932.0,United Kingdom
571461,85123A,WHITE HANGING HEART T-LIGHT HOLDER,3,2011-10-17 14:12:00,2.95,16932.0,United Kingdom
571476,21212,PACK OF 72 RETROSPOT CAKE CASES,4,2011-10-17 14:51:00,0.55,13546.0,United Kingdom
571502,85123A,WHITE HANGING HEART T-LIGHT HOLDER,6,2011-10-17 15:18:00,2.95,14422.0,United Kingdom
571508,22616,PACK OF 12 LONDON TISSUES ,1,2011-10-17 15:27:00,0.83,,United Kingdom
571508,85123A,WHITE HANGING HEART T-LIGHT HOLDER,1,2011-10-17 15:27:00,5.79,,United Kingdom
571511,85123A,WHITE HANGING HEART T-LIGHT HOLDER,6,2011-10-17 16:04:00,2.95,15598.0,United Kingdom
571554,21212,PACK OF 72 RETROSPOT CAKE CASES,7,2011-10-18 09:13:00,2.08,,United Kingdom
571555,85123A,WHITE HANGING HEART T-LIGHT HOLDER,6,2011-10-18 09:15:00,2.95,16458.0,United Kingdom
571559,21212,PACK OF 72 RETROSPOT CAKE CASES,24,2011-10-18 09:32:00,0.55,14911.0,EIRE
571563,85123A,WHITE HANGING HEART T-LIGHT HOLDER,6,2011-10-18 10:07:00,2.95,16249.0,United Kingdom
571654,85123A,WHITE HANGING HEART T-LIGHT HOLDER,1,2011-10-18 12:17:00,2.95,18118.0,United Kingdom
571658,21212,PACK OF 72 RETROSPOT CAKE CASES,24,2011-10-18 12:48:00,0.55,12621.0,Germany
571665,84879,ASSORTED COLOUR BIRD ORNAMENT,32,2011-10-18 12:59:00,1.69,12540.0,Spain
571668,84879,ASSORTED COLOUR BIRD ORNAMENT,16,2011-10-18 13:10:00,1.69,16515.0,United Kingdom
571670,21212,PACK OF 72 RETROSPOT CAKE CASES,24,2011-10-18 13:12:00,0.55,12611.0,Italy
571697,85123A,WHITE HANGING HEART T-LIGHT HOLDER,6,2011-10-18 14:49:00,2.95,12759.0,Netherlands
571712,22616,PACK OF 12 LONDON TISSUES ,24,2011-10-18 16:46:00,0.39,14056.0,United Kingdom
571713,21212,PACK OF 72 RETROSPOT CAKE CASES,1,2011-10-18 16:58:00,1.25,,United Kingdom
571713,85123A,WHITE HANGING HEART T-LIGHT HOLDER,2,2011-10-18 16:58:00,5.79,,United Kingdom
571733,84879,ASSORTED COLOUR BIRD ORNAMENT,24,2011-10-19 09:59:00,1.69,16187.0,United Kingdom
571735,84879,ASSORTED COLOUR BIRD ORNAMENT,40,2011-10-19 10:03:00,1.69,14229.0,United Kingdom
571741,84879,ASSORTED COLOUR BIRD ORNAMENT,8,2011-10-19 10:36:00,1.69,15610.0,United Kingdom
571828,85123A,WHITE HANGING HEART T-LIGHT HOLDER,6,2011-10-19 11:52:00,2.95,16440.0,United Kingdom
571828,22616,PACK OF 12 LONDON TISSUES ,12,2011-10-19 11:52:00,0.39,16440.0,United Kingdom
571841,85123A,WHITE HANGING HEART T-LIGHT HOLDER,2,2011-10-19 12:21:00,2.95,17625.0,United Kingdom
571883,84879,ASSORTED COLOUR BIRD ORNAMENT,2,2011-10-19 13:58:00,1.69,14704.0,United Kingdom
571905,85123A,WHITE HANGING HEART T-LIGHT HOLDER,30,2011-10-19 14:51:00,2.95,12370.0,Cyprus
571905,84879,ASSORTED COLOUR BIRD ORNAMENT,24,2011-10-19 14:51:00,1.69,12370.0,Cyprus
571908,84879,ASSORTED COLOUR BIRD ORNAMENT,56,2011-10-19 14:56:00,1.69,15803.0,United Kingdom
571909,84879,ASSORTED COLOUR BIRD ORNAMENT,4,2011-10-19 15:08:00,1.69,15006.0,United Kingdom
571931,85123A,WHITE HANGING HEART T-LIGHT HOLDER,1,2011-10-19 16:59:00,5.79,,United Kingdom
571936,21212,PACK OF 72 RETROSPOT CAKE CASES,24,2011-10-20 09:04:00,0.55,15814.0,United Kingdom
571943,84879,ASSORTED COLOUR BIRD ORNAMENT,16,2011-10-20 10:10:00,1.69,14638.0,United Kingdom
572021,84879,ASSORTED COLOUR BIRD ORNAMENT,24,2011-10-20 10:57:00,1.69,15664.0,United Kingdom
572023,84879,ASSORTED COLOUR BIRD ORNAMENT,8,2011-10-20 11:03:00,1.69,17764.0,United Kingdom
572023,84879,ASSORTED COLOUR BIRD ORNAMENT,8,2011-10-20 11:03:00,1.69,17764.0,United Kingdom
572050,84879,ASSORTED COLOUR BIRD ORNAMENT,3,2011-10-20 12:23:00,1.69,17346.0,United Kingdom
572058,22616,PACK OF 12 LONDON TISSUES ,12,2011-10-20 12:43:00,0.39,18252.0,United Kingdom
572058,84879,ASSORTED COLOUR BIRD ORNAMENT,8,2011-10-20 12:43:00,1.69,18252.0,United Kingdom
572065,84879,ASSORTED COLOUR BIRD ORNAMENT,1,2011-10-20 13:06:00,1.69,12556.0,Spain
572065,85123A,WHITE HANGING HEART T-LIGHT HOLDER,8,2011-10-20 13:06:00,2.95,12556.0,Spain
572066,21212,PACK OF 72 RETROSPOT CAKE CASES,24,2011-10-20 13:07:00,0.55,15159.0,United Kingdom
572066,84879,ASSORTED COLOUR BIRD ORNAMENT,16,2011-10-20 13:07:00,1.69,15159.0,United Kingdom
572079,84879,ASSORTED COLOUR BIRD ORNAMENT,16,2011-10-20 14:11:00,1.69,14484.0,United Kingdom
572082,21212,PACK OF 72 RETROSPOT CAKE CASES,24,2011-10-20 14:18:00,0.55,17672.0,United Kingdom
572091,85123A,WHITE HANGING HEART T-LIGHT HOLDER,18,2011-10-20 14:40:00,2.95,15129.0,United Kingdom
572107,84879,ASSORTED COLOUR BIRD ORNAMENT,8,2011-10-20 17:13:00,1.69,15836.0,United Kingdom
572108,84879,ASSORTED COLOUR BIRD ORNAMENT,48,2011-10-20 18:08:00,1.69,15814.0,United Kingdom
572126,84879,ASSORTED COLOUR BIRD ORNAMENT,8,2011-10-21 09:04:00,1.69,16313.0,United Kingdom
572127,21212,PACK OF 72 RETROSPOT CAKE CASES,48,2011-10-21 09:20:00,0.55,14911.0,EIRE
572185,21212,PACK OF 72 RETROSPOT CAKE CASES,1,2011-10-21 10:52:00,2.08,,United Kingdom
572192,85123A,WHITE HANGING HEART T-LIGHT HOLDER,3,2011-10-21 11:30:00,2.95,18118.0,United Kingdom
572216,85123A,WHITE HANGING HEART T-LIGHT HOLDER,2,2011-10-21 12:56:00,2.95,16015.0,United Kingdom
572219,85123A,WHITE HANGING HEART T-LIGHT HOLDER,2,2011-10-21 13:17:00,2.95,17463.0,United Kingdom
572222,22616,PACK OF 12 LONDON TISSUES ,600,2011-10-21 13:27:00,0.32,17940.0,United Kingdom
572237,84879,ASSORTED COLOUR BIRD ORNAMENT,8,2011-10-21 14:49:00,1.69,15152.0,United Kingdom
572240,85123A,WHITE HANGING HEART T-LIGHT HOLDER,6,2011-10-21 15:18:00,2.95,13709.0,United Kingdom
572280,21212,PACK OF 72 RETROSPOT CAKE CASES,2,2011-10-23 11:05:00,0.55,16007.0,United Kingdom
572281,85123A,WHITE HANGING HEART T-LIGHT HOLDER,6,2011-10-23 11:10:00,2.95,17211.0,United Kingdom
572283,84879,ASSORTED COLOUR BIRD ORNAMENT,4,2011-10-23 11:42:00,1.69,15000.0,United Kingdom
572287,84879,ASSORTED COLOUR BIRD ORNAMENT,8,2011-10-23 12:26:00,1.69,15584.0,United Kingdom
572289,85123A,WHITE HANGING HEART T-LIGHT HOLDER,2,2011-10-23 12:37:00,2.95,13782.0,United Kingdom
572291,85123A,WHITE HANGING HEART T-LIGHT HOLDER,6,2011-10-23 12:46:00,2.95,16931.0,United Kingdom
572294,21212,PACK OF 72 RETROSPOT CAKE CASES,24,2011-10-23 13:10:00,0.55,13471.0,United Kingdom
572297,85123A,WHITE HANGING HEART T-LIGHT HOLDER,32,2011-10-23 14:30:00,2.55,15953.0,United Kingdom
572303,85123A,WHITE HANGING HEART T-LIGHT HOLDER,3,2011-10-23 14:56:00,2.95,18109.0,United Kingdom
572304,85123A,WHITE HANGING HEART T-LIGHT HOLDER,4,2011-10-23 15:07:00,2.95,17131.0,United Kingdom
572306,85123A,WHITE HANGING HEART T-LIGHT HOLDER,2,2011-10-23 15:11:00,2.95,17841.0,United Kingdom
572309,85123A,WHITE HANGING HEART T-LIGHT HOLDER,8,2011-10-23 15:29:00,2.95,14432.0,United Kingdom
572309,84879,ASSORTED COLOUR BIRD ORNAMENT,7,2011-10-23 15:29:00,1.69,14432.0,United Kingdom
572311,84879,ASSORTED COLOUR BIRD ORNAMENT,32,2011-10-23 15:45:00,1.69,14035.0,United Kingdom
572315,84879,ASSORTED COLOUR BIRD ORNAMENT,8,2011-10-23 16:00:00,1.69,14504.0,United Kingdom
572318,21212,PACK OF 72 RETROSPOT CAKE CASES,1,2011-10-23 16:19:00,0.55,15436.0,United Kingdom
572318,21212,PACK OF 72 RETROSPOT CAKE CASES,1,2011-10-23 16:19:00,0.55,15436.0,United Kingdom
572320,84879,ASSORTED COLOUR BIRD ORNAMENT,8,2011-10-24 08:48:00,1.69,16325.0,United Kingdom
572399,85123A,WHITE HANGING HEART T-LIGHT HOLDER,6,2011-10-24 11:56:00,2.95,15628.0,United Kingdom
572451,84879,ASSORTED COLOUR BIRD ORNAMENT,24,2011-10-24 12:36:00,1.69,12921.0,United Kingdom
572459,85123A,WHITE HANGING HEART T-LIGHT HOLDER,60,2011-10-24 12:53:00,2.55,14911.0,EIRE
572461,85123A,WHITE HANGING HEART T-LIGHT HOLDER,1,2011-10-24 12:56:00,2.95,17344.0,United Kingdom
572484,21212,PACK OF 72 RETROSPOT CAKE CASES,4,2011-10-24 13:50:00,0.55,17220.0,United Kingdom
572490,21212,PACK OF 72 RETROSPOT CAKE CASES,4,2011-10-24 13:59:00,0.55,14467.0,United Kingdom
572513,22616,PACK OF 12 LONDON TISSUES ,12,2011-10-24 14:36:00,0.39,16728.0,United Kingdom
572541,21212,PACK OF 72 RETROSPOT CAKE CASES,2,2011-10-24 16:20:00,0.55,17315.0,United Kingdom
572542,22616,PACK OF 12 LONDON TISSUES ,24,2011-10-24 16:20:00,0.39,17272.0,United Kingdom
572544,84879,ASSORTED COLOUR BIRD ORNAMENT,8,2011-10-24 16:34:00,1.69,16023.0,United Kingdom
572549,22616,PACK OF 12 LONDON TISSUES ,1,2011-10-24 17:03:00,0.83,,United Kingdom
572549,84879,ASSORTED COLOUR BIRD ORNAMENT,8,2011-10-24 17:03:00,3.12,,United Kingdom
572552,21212,PACK OF 72 RETROSPOT CAKE CASES,4,2011-10-24 17:07:00,1.25,14096.0,United Kingdom
572552,85123A,WHITE HANGING HEART T-LIGHT HOLDER,2,2011-10-24 17:07:00,5.79,14096.0,United Kingdom
572553,84879,ASSORTED COLOUR BIRD ORNAMENT,80,2011-10-24 17:09:00,3.12,,United Kingdom
572553,85123A,WHITE HANGING HEART T-LIGHT HOLDER,7,2011-10-24 17:09:00,5.79,,United Kingdom
572567,21212,PACK OF 72 RETROSPOT CAKE CASES,24,2011-10-25 10:27:00,0.55,12398.0,Switzerland
572568,84879,ASSORTED COLOUR BIRD ORNAMENT,32,2011-10-25 10:31:00,1.69,14001.0,United Kingdom
572569,21212,PACK OF 72 RETROSPOT CAKE CASES,6,2011-10-25 10:32:00,0.55,17870.0,United Kingdom
572652,84879,ASSORTED COLOUR BIRD ORNAMENT,8,2011-10-25 12:11:00,1.69,15805.0,United Kingdom
572653,21212,PACK OF 72 RETROSPOT CAKE CASES,2,2011-10-25 12:12:00,0.55,15861.0,United Kingdom
572669,85123A,WHITE HANGING HEART T-LIGHT HOLDER,4,2011-10-25 13:10:00,2.95,16549.0,United Kingdom
572669,21212,PACK OF 72 RETROSPOT CAKE CASES,3,2011-10-25 13:10:00,0.55,16549.0,United Kingdom
572703,21212,PACK OF 72 RETROSPOT CAKE CASES,2,2011-10-25 14:35:00,0.55,16110.0,United Kingdom
572720,84879,ASSORTED COLOUR BIRD ORNAMENT,24,2011-10-25 15:04:00,1.69,13978.0,United Kingdom
572721,84879,ASSORTED COLOUR BIRD ORNAMENT,16,2011-10-25 15:07:00,1.69,16201.0,United Kingdom
572732,22616,PACK OF 12 LONDON TISSUES ,36,2011-10-25 15:21:00,0.39,18079.0,United Kingdom
572732,21212,PACK OF 72 RETROSPOT CAKE CASES,24,2011-10-25 15:21:00,0.55,18079.0,United Kingdom
572735,85123A,WHITE HANGING HEART T-LIGHT HOLDER,6,2011-10-25 15:36:00,2.95,15630.0,United Kingdom
572746,85123A,WHITE HANGING HEART T-LIGHT HOLDER,2,2011-10-25 16:30:00,2.95,13263.0,United Kingdom
572755,85123A,WHITE HANGING HEART T-LIGHT HOLDER,3,2011-10-25 17:31:00,2.95,13601.0,United Kingdom
572758,85123A,WHITE HANGING HEART T-LIGHT HOLDER,1,2011-10-25 18:39:00,5.79,,United Kingdom
572767,21212,PACK OF 72 RETROSPOT CAKE CASES,24,2011-10-26 10:11:00,0.55,17865.0,United Kingdom
572772,84879,ASSORTED COLOUR BIRD ORNAMENT,160,2011-10-26 10:29:00,1.45,17511.0,United Kingdom
572811,85123A,WHITE HANGING HEART T-LIGHT HOLDER,6,2011-10-26 11:14:00,2.95,16071.0,United Kingdom
572837,84879,ASSORTED COLOUR BIRD ORNAMENT,8,2011-10-26 12:01:00,1.69,14754.0,United Kingdom
572846,21212,PACK OF 72 RETROSPOT CAKE CASES,12,2011-10-26 12:14:00,0.55,14550.0,United Kingdom
572886,21212,PACK OF 72 RETROSPOT CAKE CASES,24,2011-10-26 13:46:00,0.55,12448.0,Spain
572896,84879,ASSORTED COLOUR BIRD ORNAMENT,32,2011-10-26 14:41:00,1.69,12456.0,Switzerland
572897,22616,PACK OF 12 LONDON TISSUES ,1,2011-10-26 14:42:00,0.79,,United Kingdom
572905,84879,ASSORTED COLOUR BIRD ORNAMENT,8,2011-10-26 15:39:00,1.69,14690.0,United Kingdom
572911,84879,ASSORTED COLOUR BIRD ORNAMENT,1,2011-10-26 16:03:00,1.69,16345.0,United Kingdom
572911,84879,ASSORTED COLOUR BIRD ORNAMENT,8,2011-10-26 16:03:00,1.69,16345.0,United Kingdom
572913,85123A,WHITE HANGING HEART T-LIGHT HOLDER,4,2011-10-26 16:21:00,2.95,15993.0,United Kingdom
572918,85123A,WHITE HANGING HEART T-LIGHT HOLDER,6,2011-10-26 16:43:00,2.95,14379.0,United Kingdom
572918,85123A,WHITE HANGING HEART T-LIGHT HOLDER,1,2011-10-26 16:43:00,2.95,14379.0,United Kingdom
572930,85123A,WHITE HANGING HEART T-LIGHT HOLDER,12,2011-10-27 10:01:00,2.95,17613.0,United Kingdom
573006,84879,ASSORTED COLOUR BIRD ORNAMENT,16,2011-10-27 12:16:00,1.69,16232.0,United Kingdom
573019,21212,PACK OF 72 RETROSPOT CAKE CASES,24,2011-10-27 12:33:00,0.55,15145.0,United Kingdom
573020,84879,ASSORTED COLOUR BIRD ORNAMENT,8,2011-10-27 12:37:00,1.69,14842.0,United Kingdom
573027,85123A,WHITE HANGING HEART T-LIGHT HOLDER,24,2011-10-27 13:26:00,2.95,18225.0,United Kingdom
573076,85123A,WHITE HANGING HEART T-LIGHT HOLDER,6,2011-10-27 14:05:00,2.95,13488.0,United Kingdom
573082,85123A,WHITE HANGING HEART T-LIGHT HOLDER,36,2011-10-27 14:21:00,2.55,17173.0,United Kingdom
573083,22616,PACK OF 12 LONDON TISSUES ,11,2011-10-27 14:22:00,0.39,13735.0,United Kingdom
573094,22616,PACK OF 12 LONDON TISSUES ,4,2011-10-27 14:39:00,0.39,15707.0,United Kingdom
573116,85123A,WHITE HANGING HEART T-LIGHT HOLDER,32,2011-10-27 15:49:00,2.55,14525.0,United Kingdom
573122,21212,PACK OF 72 RETROSPOT CAKE CASES,3,2011-10-27 16:23:00,0.55,14357.0,United Kingdom
573126,21212,PACK OF 72 RETROSPOT CAKE CASES,24,2011-10-27 16:32:00,0.55,15738.0,United Kingdom
573135,84879,ASSORTED COLOUR BIRD ORNAMENT,8,2011-10-27 17:00:00,1.69,12952.0,United Kingdom
573137,85123A,WHITE HANGING HEART T-LIGHT HOLDER,1,2011-10-27 17:15:00,5.79,,United Kingdom
573145,85123A,WHITE HANGING HEART T-LIGHT HOLDER,6,2011-10-27 18:02:00,2.95,18219.0,United Kingdom
573145,84879,ASSORTED COLOUR BIRD ORNAMENT,8,2011-10-27 18:02:00,1.69,18219.0,United Kingdom
573151,22616,PACK OF 12 LONDON TISSUES ,12,2011-10-27 20:09:00,0.39,17602.0,United Kingdom
573151,21212,PACK OF 72 RETROSPOT CAKE CASES,6,2011-10-27 20:09:00,0.55,17602.0,United Kingdom
573152,21212,PACK OF 72 RETROSPOT CAKE CASES,4,2011-10-27 20:16:00,0.55,17530.0,United Kingdom
573153,22616,PACK OF 12 LONDON TISSUES ,120,2011-10-28 07:39:00,0.39,12678.0,France
573155,84879,ASSORTED COLOUR BIRD ORNAMENT,16,2011-10-28 08:34:00,1.69,13632.0,United Kingdom
573171,85123A,WHITE HANGING HEART T-LIGHT HOLDER,6,2011-10-28 10:00:00,2.95,14218.0,United Kingdom
573183,22616,PACK OF 12 LONDON TISSUES ,48,2011-10-28 11:33:00,0.39,15028.0,United Kingdom
573248,21212,PACK OF 72 RETROSPOT CAKE CASES,2,2011-10-28 12:09:00,0.55,14498.0,United Kingdom
573263,21212,PACK OF 72 RETROSPOT CAKE CASES,240,2011-10-28 12:34:00,0.42,13694.0,United Kingdom
573265,84879,ASSORTED COLOUR BIRD ORNAMENT,8,2011-10-28 12:39:00,1.69,16150.0,United Kingdom
573270,85123A,WHITE HANGING HEART T-LIGHT HOLDER,6,2011-10-28 13:00:00,2.95,17418.0,United Kingdom
573272,22616,PACK OF 12 LONDON TISSUES ,24,2011-10-28 13:02:00,0.39,13102.0,United Kingdom
573279,85123A,WHITE HANGING HEART T-LIGHT HOLDER,64,2011-10-28 13:22:00,2.55,16107.0,United Kingdom
573286,85123A,WHITE HANGING HEART T-LIGHT HOLDER,2,2011-10-28 14:38:00,2.95,,Switzerland
573286,85123A,WHITE HANGING HEART T-LIGHT HOLDER,4,2011-10-28 14:38:00,2.95,,Switzerland
573286,84879,ASSORTED COLOUR BIRD ORNAMENT,1,2011-10-28 14:38:00,1.69,,Switzerland
573287,84879,ASSORTED COLOUR BIRD ORNAMENT,8,2011-10-28 14:42:00,1.69,14194.0,United Kingdom
573291,84879,ASSORTED COLOUR BIRD ORNAMENT,8,2011-10-28 14:51:00,1.69,16554.0,United Kingdom
573292,84879,ASSORTED COLOUR BIRD ORNAMENT,8,2011-10-28 15:10:00,1.69,14416.0,United Kingdom
573300,21212,PACK OF 72 RETROSPOT CAKE CASES,2,2011-10-28 16:10:00,0.55,16049.0,United Kingdom
573300,85123A,WHITE HANGING HEART T-LIGHT HOLDER,1,2011-10-28 16:10:00,2.95,16049.0,United Kingdom
573305,85123A,WHITE HANGING HEART T-LIGHT HOLDER,5,2011-10-28 16:13:00,2.95,17837.0,United Kingdom
573311,85123A,WHITE HANGING HEART T-LIGHT HOLDER,2,2011-10-28 16:45:00,2.95,14071.0,United Kingdom
573323,85123A,WHITE HANGING HEART T-LIGHT HOLDER,14,2011-10-30 10:54:00,2.95,15708.0,United Kingdom
573324,84879,ASSORTED COLOUR BIRD ORNAMENT,8,2011-10-30 10:56:00,1.69,16235.0,United Kingdom
573326,21212,PACK OF 72 RETROSPOT CAKE CASES,24,2011-10-30 11:08:00,0.55,15298.0,United Kingdom
573330,85123A,WHITE HANGING HEART T-LIGHT HOLDER,4,2011-10-30 11:22:00,2.95,16923.0,United Kingdom
573338,85123A,WHITE HANGING HEART T-LIGHT HOLDER,4,2011-10-30 11:47:00,2.95,14546.0,United Kingdom
573340,21212,PACK OF 72 RETROSPOT CAKE CASES,4,2011-10-30 11:55:00,0.55,14159.0,United Kingdom
573340,85123A,WHITE HANGING HEART T-LIGHT HOLDER,2,2011-10-30 11:55:00,2.95,14159.0,United Kingdom
573341,84879,ASSORTED COLOUR BIRD ORNAMENT,8,2011-10-30 11:55:00,1.69,16949.0,United Kingdom
573347,84879,ASSORTED COLOUR BIRD ORNAMENT,4,2011-10-30 12:26:00,1.69,13137.0,United Kingdom
573347,21212,PACK OF 72 RETROSPOT CAKE CASES,1,2011-10-30 12:26:00,0.55,13137.0,United Kingdom
573347,21212,PACK OF 72 RETROSPOT CAKE CASES,3,2011-10-30 12:26:00,0.55,13137.0,United Kingdom
573349,84879,ASSORTED COLOUR BIRD ORNAMENT,4,2011-10-30 12:28:00,1.69,17609.0,United Kingdom
573351,85123A,WHITE HANGING HEART T-LIGHT HOLDER,12,2011-10-30 12:34:00,2.95,13524.0,United Kingdom
573364,84879,ASSORTED COLOUR BIRD ORNAMENT,6,2011-10-30 13:09:00,1.69,14710.0,United Kingdom
573365,85123A,WHITE HANGING HEART T-LIGHT HOLDER,12,2011-10-30 13:13:00,2.95,12584.0,Italy
573367,21212,PACK OF 72 RETROSPOT CAKE CASES,24,2011-10-30 13:17:00,0.55,16145.0,United Kingdom
573369,84879,ASSORTED COLOUR BIRD ORNAMENT,4,2011-10-30 13:19:00,1.69,16049.0,United Kingdom
573373,21212,PACK OF 72 RETROSPOT CAKE CASES,1,2011-10-30 13:37:00,0.55,14684.0,United Kingdom
573373,85123A,WHITE HANGING HEART T-LIGHT HOLDER,3,2011-10-30 13:37:00,2.95,14684.0,United Kingdom
573374,85123A,WHITE HANGING HEART T-LIGHT HOLDER,12,2011-10-30 13:39:00,2.95,14755.0,United Kingdom
573374,84879,ASSORTED COLOUR BIRD ORNAMENT,24,2011-10-30 13:39:00,1.69,14755.0,United Kingdom
573378,84879,ASSORTED COLOUR BIRD ORNAMENT,8,2011-10-30 13:53:00,1.69,14217.0,United Kingdom
573379,84879,ASSORTED COLOUR BIRD ORNAMENT,8,2011-10-30 14:03:00,1.69,15680.0,United Kingdom
573382,84879,ASSORTED COLOUR BIRD ORNAMENT,8,2011-10-30 14:15:00,1.69,17655.0,United Kingdom
573383,84879,ASSORTED COLOUR BIRD ORNAMENT,24,2011-10-30 14:18:00,1.69,17447.0,United Kingdom
573385,85123A,WHITE HANGING HEART T-LIGHT HOLDER,32,2011-10-30 14:21:00,2.55,13421.0,United Kingdom
573394,84879,ASSORTED COLOUR BIRD ORNAMENT,48,2011-10-30 15:10:00,1.69,13089.0,United Kingdom
573395,84879,ASSORTED COLOUR BIRD ORNAMENT,8,2011-10-30 15:11:00,1.69,15385.0,United Kingdom
573395,85123A,WHITE HANGING HEART T-LIGHT HOLDER,12,2011-10-30 15:11:00,2.95,15385.0,United Kingdom
573396,85123A,WHITE HANGING HEART T-LIGHT HOLDER,2,2011-10-30 15:13:00,2.95,14723.0,United Kingdom
573396,85123A,WHITE HANGING HEART T-LIGHT HOLDER,1,2011-10-30 15:13:00,2.95,14723.0,United Kingdom
573399,84879,ASSORTED COLOUR BIRD ORNAMENT,80,2011-10-30 15:35:00,1.69,13949.0,United Kingdom
573402,21212,PACK OF 72 RETROSPOT CAKE CASES,24,2011-10-30 15:44:00,0.55,12494.0,France
573405,85123A,WHITE HANGING HEART T-LIGHT HOLDER,3,2011-10-30 15:55:00,2.95,13822.0,United Kingdom
573408,84879,ASSORTED COLOUR BIRD ORNAMENT,16,2011-10-30 15:59:00,1.69,16190.0,United Kingdom
573408,85123A,WHITE HANGING HEART T-LIGHT HOLDER,12,2011-10-30 15:59:00,2.95,16190.0,United Kingdom
573413,84879,ASSORTED COLOUR BIRD ORNAMENT,6,2011-10-30 16:12:00,1.69,15444.0,United Kingdom
573415,85123A,WHITE HANGING HEART T-LIGHT HOLDER,3,2011-10-30 16:17:00,2.95,13607.0,United Kingdom
573419,84879,ASSORTED COLOUR BIRD ORNAMENT,16,2011-10-31 09:38:00,1.69,13103.0,United Kingdom
573428,21212,PACK OF 72 RETROSPOT CAKE CASES,24,2011-10-31 10:19:00,0.55,12571.0,France
573483,84879,ASSORTED COLOUR BIRD ORNAMENT,32,2011-10-31 11:32:00,1.69,15793.0,United Kingdom
573483,85123A,WHITE HANGING HEART T-LIGHT HOLDER,32,2011-10-31 11:32:00,2.55,15793.0,United Kingdom
573492,84879,ASSORTED COLOUR BIRD ORNAMENT,8,2011-10-31 11:57:00,1.69,13544.0,United Kingdom
573496,85123A,WHITE HANGING HEART T-LIGHT HOLDER,4,2011-10-31 11:59:00,2.95,17841.0,United Kingdom
573504,21212,PACK OF 72 RETROSPOT CAKE CASES,24,2011-10-31 12:05:00,0.55,13983.0,United Kingdom
573508,84879,ASSORTED COLOUR BIRD ORNAMENT,8,2011-10-31 12:11:00,1.69,12552.0,Italy
573543,85123A,WHITE HANGING HEART T-LIGHT HOLDER,2,2011-10-31 13:05:00,2.95,17777.0,United Kingdom
573543,85123A,WHITE HANGING HEART T-LIGHT HOLDER,2,2011-10-31 13:05:00,2.95,17777.0,United Kingdom
573548,85123A,WHITE HANGING HEART T-LIGHT HOLDER,6,2011-10-31 13:22:00,2.95,13680.0,United Kingdom
573556,84879,ASSORTED COLOUR BIRD ORNAMENT,48,2011-10-31 13:51:00,1.69,17675.0,United Kingdom
573576,85123A,WHITE HANGING HEART T-LIGHT HOLDER,2,2011-10-31 14:09:00,5.79,14096.0,United Kingdom
573576,21212,PACK OF 72 RETROSPOT CAKE CASES,4,2011-10-31 14:09:00,1.25,14096.0,United Kingdom
573576,22616,PACK OF 12 LONDON TISSUES ,1,2011-10-31 14:09:00,0.83,14096.0,United Kingdom
573584,85123A,WHITE HANGING HEART T-LIGHT HOLDER,32,2011-10-31 14:36:00,2.55,16705.0,United Kingdom
573585,21212,PACK OF 72 RETROSPOT CAKE CASES,12,2011-10-31 14:41:00,1.25,,United Kingdom
573585,22616,PACK OF 12 LONDON TISSUES ,3,2011-10-31 14:41:00,0.83,,United Kingdom
573585,85123A,WHITE HANGING HEART T-LIGHT HOLDER,5,2011-10-31 14:41:00,5.79,,United Kingdom
573633,84879,ASSORTED COLOUR BIRD ORNAMENT,8,2011-10-31 15:48:00,3.12,,United Kingdom
573665,85123A,WHITE HANGING HEART T-LIGHT HOLDER,32,2011-10-31 16:24:00,2.55,13982.0,United Kingdom
573695,85123A,WHITE HANGING HEART T-LIGHT HOLDER,32,2011-10-31 17:13:00,2.55,15023.0,United Kingdom
573748,84879,ASSORTED COLOUR BIRD ORNAMENT,24,2011-11-01 09:24:00,1.69,14911.0,EIRE
573775,84879,ASSORTED COLOUR BIRD ORNAMENT,160,2011-11-01 10:30:00,1.45,13881.0,United Kingdom
573808,85123A,WHITE HANGING HEART T-LIGHT HOLDER,6,2011-11-01 11:29:00,2.95,14419.0,United Kingdom
573829,85123A,WHITE HANGING HEART T-LIGHT HOLDER,6,2011-11-01 11:35:00,2.95,16830.0,United Kingdom
573841,85123A,WHITE HANGING HEART T-LIGHT HOLDER,2,2011-11-01 11:39:00,2.95,14995.0,United Kingdom
573873,21212,PACK OF 72 RETROSPOT CAKE CASES,1,2011-11-01 12:39:00,0.55,17346.0,United Kingdom
573873,84879,ASSORTED COLOUR BIRD ORNAMENT,22,2011-11-01 12:39:00,1.69,17346.0,United Kingdom
573874,21212,PACK OF 72 RETROSPOT CAKE CASES,24,2011-11-01 12:45:00,0.55,13868.0,United Kingdom
573876,84879,ASSORTED COLOUR BIRD ORNAMENT,8,2011-11-01 12:48:00,1.69,16360.0,United Kingdom
573876,21212,PACK OF 72 RETROSPOT CAKE CASES,3,2011-11-01 12:48:00,0.55,16360.0,United Kingdom
573877,85123A,WHITE HANGING HEART T-LIGHT HOLDER,12,2011-11-01 13:04:00,2.95,14432.0,United Kingdom
573879,85123A,WHITE HANGING HEART T-LIGHT HOLDER,2,2011-11-01 13:21:00,2.95,15039.0,United Kingdom
573886,22616,PACK OF 12 LONDON TISSUES ,24,2011-11-01 13:37:00,0.39,14401.0,United Kingdom
573889,85123A,WHITE HANGING HEART T-LIGHT HOLDER,2,2011-11-01 13:44:00,2.95,13571.0,United Kingdom
573897,84879,ASSORTED COLOUR BIRD ORNAMENT,24,2011-11-01 14:29:00,1.69,16729.0,United Kingdom
573897,22616,PACK OF 12 LONDON TISSUES ,24,2011-11-01 14:29:00,0.39,16729.0,United Kingdom
573899,84879,ASSORTED COLOUR BIRD ORNAMENT,16,2011-11-01 14:41:00,1.69,15847.0,United Kingdom
573903,84879,ASSORTED COLOUR BIRD ORNAMENT,24,2011-11-01 14:51:00,1.69,14667.0,United Kingdom
573904,85123A,WHITE HANGING HEART T-LIGHT HOLDER,5,2011-11-01 14:54:00,2.95,14505.0,United Kingdom
573905,85123A,WHITE HANGING HEART T-LIGHT HOLDER,2,2011-11-01 15:06:00,2.95,16971.0,United Kingdom
573913,84879,ASSORTED COLOUR BIRD ORNAMENT,8,2011-11-01 15:49:00,1.69,17653.0,United Kingdom
573914,84879,ASSORTED COLOUR BIRD ORNAMENT,8,2011-11-01 15:53:00,1.69,14383.0,United Kingdom
573918,85123A,WHITE HANGING HEART T-LIGHT HOLDER,2,2011-11-01 17:20:00,2.95,17576.0,United Kingdom
573945,84879,ASSORTED COLOUR BIRD ORNAMENT,16,2011-11-02 10:44:00,1.69,17663.0,United Kingdom
573955,85123A,WHITE HANGING HEART T-LIGHT HOLDER,6,2011-11-02 10:51:00,2.95,14216.0,United Kingdom
573992,21212,PACK OF 72 RETROSPOT CAKE CASES,24,2011-11-02 11:20:00,0.55,15275.0,United Kingdom
573992,84879,ASSORTED COLOUR BIRD ORNAMENT,8,2011-11-02 11:20:00,1.69,15275.0,United Kingdom
573993,84879,ASSORTED COLOUR BIRD ORNAMENT,8,2011-11-02 11:23:00,1.69,16790.0,United Kingdom
573996,84879,ASSORTED COLOUR BIRD ORNAMENT,32,2011-11-02 11:37:00,1.69,16747.0,United Kingdom
574009,85123A,WHITE HANGING HEART T-LIGHT HOLDER,3,2011-11-02 11:49:00,2.95,15750.0,United Kingdom
574020,21212,PACK OF 72 RETROSPOT CAKE CASES,24,2011-11-02 12:15:00,0.55,14673.0,United Kingdom
574023,84879,ASSORTED COLOUR BIRD ORNAMENT,24,2011-11-02 12:20:00,1.69,14390.0,United Kingdom
574025,21212,PACK OF 72 RETROSPOT CAKE CASES,1,2011-11-02 12:26:00,0.55,12748.0,United Kingdom
574029,21212,PACK OF 72 RETROSPOT CAKE CASES,24,2011-11-02 12:34:00,0.55,12955.0,United Kingdom
574038,84879,ASSORTED COLOUR BIRD ORNAMENT,8,2011-11-02 12:56:00,1.69,18164.0,United Kingdom
574043,85123A,WHITE HANGING HEART T-LIGHT HOLDER,5,2011-11-02 13:13:00,2.95,16367.0,United Kingdom
574046,21212,PACK OF 72 RETROSPOT CAKE CASES,1,2011-11-02 13:19:00,0.55,15743.0,United Kingdom
574048,84879,ASSORTED COLOUR BIRD ORNAMENT,8,2011-11-02 13:37:00,1.69,13769.0,United Kingdom
574050,21212,PACK OF 72 RETROSPOT CAKE CASES,24,2011-11-02 13:41:00,0.55,13904.0,United Kingdom
574051,21212,PACK OF 72 RETROSPOT CAKE CASES,1,2011-11-02 13:46:00,0.55,14102.0,United Kingdom
574055,85123A,WHITE HANGING HEART T-LIGHT HOLDER,32,2011-11-02 14:08:00,2.55,16525.0,United Kingdom
574056,21212,PACK OF 72 RETROSPOT CAKE CASES,120,2011-11-02 14:09:00,0.42,14646.0,Netherlands
574062,85123A,WHITE HANGING HEART T-LIGHT HOLDER,32,2011-11-02 14:30:00,2.55,17675.0,United Kingdom
574063,22616,PACK OF 12 LONDON TISSUES ,12,2011-11-02 14:31:00,0.39,13271.0,United Kingdom
574074,85123A,WHITE HANGING HEART T-LIGHT HOLDER,2,2011-11-02 15:33:00,5.79,,United Kingdom
574076,22616,PACK OF 12 LONDON TISSUES ,1,2011-11-02 15:38:00,0.83,,United Kingdom
574077,22616,PACK OF 12 LONDON TISSUES ,24,2011-11-02 15:56:00,0.39,17999.0,United Kingdom
574084,84879,ASSORTED COLOUR BIRD ORNAMENT,24,2011-11-02 17:09:00,1.69,14528.0,United Kingdom
574086,22616,PACK OF 12 LONDON TISSUES ,48,2011-11-03 08:39:00,0.39,15651.0,United Kingdom
574088,22616,PACK OF 12 LONDON TISSUES ,24,2011-11-03 08:56:00,0.39,18044.0,United Kingdom
574092,21212,PACK OF 72 RETROSPOT CAKE CASES,480,2011-11-03 09:28:00,0.42,16684.0,United Kingdom
574092,22616,PACK OF 12 LONDON TISSUES ,432,2011-11-03 09:28:00,0.32,16684.0,United Kingdom
574093,21212,PACK OF 72 RETROSPOT CAKE CASES,24,2011-11-03 09:43:00,0.55,12437.0,France
574100,22616,PACK OF 12 LONDON TISSUES ,24,2011-11-03 10:13:00,0.39,14098.0,United Kingdom
574104,84879,ASSORTED COLOUR BIRD ORNAMENT,16,2011-11-03 10:45:00,1.69,12615.0,France
574169,84879,ASSORTED COLOUR BIRD ORNAMENT,80,2011-11-03 11:40:00,1.69,17491.0,United Kingdom
574228,22616,PACK OF 12 LONDON TISSUES ,24,2011-11-03 12:18:00,0.39,16678.0,United Kingdom
574237,84879,ASSORTED COLOUR BIRD ORNAMENT,24,2011-11-03 12:37:00,1.69,15551.0,United Kingdom
574239,84879,ASSORTED COLOUR BIRD ORNAMENT,32,2011-11-03 12:43:00,1.69,14849.0,United Kingdom
574247,85123A,WHITE HANGING HEART T-LIGHT HOLDER,6,2011-11-03 12:56:00,2.95,13168.0,United Kingdom
574269,84879,ASSORTED COLOUR BIRD ORNAMENT,16,2011-11-03 14:27:00,1.69,15570.0,United Kingdom
574285,85123A,WHITE HANGING HEART T-LIGHT HOLDER,224,2011-11-03 15:01:00,3.2,17450.0,United Kingdom
574287,84879,ASSORTED COLOUR BIRD ORNAMENT,2,2011-11-03 15:09:00,1.69,14723.0,United Kingdom
574293,85123A,WHITE HANGING HEART T-LIGHT HOLDER,992,2011-11-03 15:32:00,3.2,17450.0,United Kingdom
574297,85123A,WHITE HANGING HEART T-LIGHT HOLDER,6,2011-11-03 15:54:00,2.95,16602.0,United Kingdom
574298,22616,PACK OF 12 LONDON TISSUES ,1,2011-11-03 15:56:00,0.83,,United Kingdom
574298,85123A,WHITE HANGING HEART T-LIGHT HOLDER,2,2011-11-03 15:56:00,5.79,,United Kingdom
574298,21212,PACK OF 72 RETROSPOT CAKE CASES,1,2011-11-03 15:56:00,1.25,,United Kingdom
574301,84879,ASSORTED COLOUR BIRD ORNAMENT,8,2011-11-03 16:15:00,1.69,12544.0,Spain
574302,84879,ASSORTED COLOUR BIRD ORNAMENT,8,2011-11-03 16:28:00,1.69,13914.0,United Kingdom
574304,85123A,WHITE HANGING HEART T-LIGHT HOLDER,3,2011-11-03 16:30:00,2.95,14428.0,United Kingdom
574304,84879,ASSORTED COLOUR BIRD ORNAMENT,8,2011-11-03 16:30:00,1.69,14428.0,United Kingdom
574311,21212,PACK OF 72 RETROSPOT CAKE CASES,24,2011-11-03 16:56:00,0.55,15640.0,United Kingdom
574311,85123A,WHITE HANGING HEART T-LIGHT HOLDER,32,2011-11-03 16:56:00,2.55,15640.0,United Kingdom
574313,84879,ASSORTED COLOUR BIRD ORNAMENT,8,2011-11-03 17:45:00,1.69,13267.0,United Kingdom
574315,84879,ASSORTED COLOUR BIRD ORNAMENT,8,2011-11-03 17:53:00,1.69,17076.0,United Kingdom
574328,85123A,WHITE HANGING HEART T-LIGHT HOLDER,32,2011-11-04 09:05:00,2.55,13081.0,United Kingdom
574328,22616,PACK OF 12 LONDON TISSUES ,48,2011-11-04 09:05:00,0.39,13081.0,United Kingdom
574328,21212,PACK OF 72 RETROSPOT CAKE CASES,24,2011-11-04 09:05:00,0.55,13081.0,United Kingdom
574338,84879,ASSORTED COLOUR BIRD ORNAMENT,24,2011-11-04 10:05:00,1.69,14150.0,United Kingdom
574338,21212,PACK OF 72 RETROSPOT CAKE CASES,24,2011-11-04 10:05:00,0.55,14150.0,United Kingdom
574342,85123A,WHITE HANGING HEART T-LIGHT HOLDER,6,2011-11-04 10:10:00,2.95,13447.0,United Kingdom
574345,84879,ASSORTED COLOUR BIRD ORNAMENT,24,2011-11-04 10:18:00,1.69,15845.0,United Kingdom
574356,21212,PACK OF 72 RETROSPOT CAKE CASES,5,2011-11-04 10:48:00,2.08,,United Kingdom
574393,85123A,WHITE HANGING HEART T-LIGHT HOLDER,6,2011-11-04 11:06:00,2.95,13313.0,United Kingdom
574444,85123A,WHITE HANGING HEART T-LIGHT HOLDER,6,2011-11-04 11:41:00,2.95,18122.0,United Kingdom
574466,84879,ASSORTED COLOUR BIRD ORNAMENT,24,2011-11-04 11:53:00,1.69,18172.0,United Kingdom
574477,85123A,WHITE HANGING HEART T-LIGHT HOLDER,3,2011-11-04 12:21:00,2.95,15453.0,United Kingdom
574481,21212,PACK OF 72 RETROSPOT CAKE CASES,1,2011-11-04 12:45:00,0.55,18022.0,United Kingdom
574509,85123A,WHITE HANGING HEART T-LIGHT HOLDER,3,2011-11-04 13:25:00,2.95,16012.0,United Kingdom
574528,85123A,WHITE HANGING HEART T-LIGHT HOLDER,6,2011-11-04 14:03:00,2.95,16782.0,United Kingdom
574532,85123A,WHITE HANGING HEART T-LIGHT HOLDER,12,2011-11-04 14:19:00,2.95,15676.0,United Kingdom
574536,21212,PACK OF 72 RETROSPOT CAKE CASES,1,2011-11-04 14:35:00,0.55,15707.0,United Kingdom
574536,21212,PACK OF 72 RETROSPOT CAKE CASES,1,2011-11-04 14:35:00,0.55,15707.0,United Kingdom
574547,85123A,WHITE HANGING HEART T-LIGHT HOLDER,1,2011-11-04 15:08:00,2.95,17841.0,United Kingdom
574550,85123A,WHITE HANGING HEART T-LIGHT HOLDER,4,2011-11-04 15:18:00,2.95,12484.0,Spain
574557,85123A,WHITE HANGING HEART T-LIGHT HOLDER,6,2011-11-04 15:35:00,2.95,17652.0,United Kingdom
574575,84879,ASSORTED COLOUR BIRD ORNAMENT,8,2011-11-04 17:03:00,1.69,14971.0,United Kingdom
574587,85123A,WHITE HANGING HEART T-LIGHT HOLDER,12,2011-11-06 10:29:00,2.95,14936.0,Channel Islands
574587,21212,PACK OF 72 RETROSPOT CAKE CASES,24,2011-11-06 10:29:00,0.55,14936.0,Channel Islands
574619,84879,ASSORTED COLOUR BIRD ORNAMENT,8,2011-11-06 11:18:00,1.69,15952.0,United Kingdom
574624,84879,ASSORTED COLOUR BIRD ORNAMENT,24,2011-11-06 11:20:00,1.69,17769.0,United Kingdom
574653,21212,PACK OF 72 RETROSPOT CAKE CASES,48,2011-11-06 11:30:00,0.55,12619.0,Germany
574655,85123A,WHITE HANGING HEART T-LIGHT HOLDER,12,2011-11-06 11:35:00,2.95,16466.0,United Kingdom
574660,85123A,WHITE HANGING HEART T-LIGHT HOLDER,3,2011-11-06 11:55:00,2.95,15407.0,United Kingdom
574663,84879,ASSORTED COLOUR BIRD ORNAMENT,8,2011-11-06 12:04:00,1.69,13527.0,United Kingdom
574673,85123A,WHITE HANGING HEART T-LIGHT HOLDER,3,2011-11-06 12:26:00,2.95,15555.0,United Kingdom
574675,85123A,WHITE HANGING HEART T-LIGHT HOLDER,7,2011-11-06 12:31:00,2.95,17289.0,United Kingdom
574677,21212,PACK OF 72 RETROSPOT CAKE CASES,1,2011-11-06 12:32:00,0.55,16445.0,United Kingdom
574680,21212,PACK OF 72 RETROSPOT CAKE CASES,24,2011-11-06 12:40:00,0.55,15078.0,United Kingdom
574684,21212,PACK OF 72 RETROSPOT CAKE CASES,25,2011-11-06 12:56:00,0.55,17581.0,United Kingdom
574690,21212,PACK OF 72 RETROSPOT CAKE CASES,24,2011-11-06 13:11:00,0.55,12638.0,Sweden
574699,84879,ASSORTED COLOUR BIRD ORNAMENT,8,2011-11-06 13:53:00,1.69,13040.0,United Kingdom
574701,84879,ASSORTED COLOUR BIRD ORNAMENT,6,2011-11-06 13:54:00,1.69,15426.0,United Kingdom
574702,84879,ASSORTED COLOUR BIRD ORNAMENT,16,2011-11-06 13:54:00,1.69,15839.0,United Kingdom
574704,85123A,WHITE HANGING HEART T-LIGHT HOLDER,10,2011-11-06 14:02:00,2.95,15696.0,United Kingdom
574719,84879,ASSORTED COLOUR BIRD ORNAMENT,16,2011-11-06 14:38:00,1.69,14511.0,United Kingdom
574721,22616,PACK OF 12 LONDON TISSUES ,12,2011-11-06 14:43:00,0.39,17920.0,United Kingdom
574722,85123A,WHITE HANGING HEART T-LIGHT HOLDER,1,2011-11-06 14:45:00,2.95,14502.0,United Kingdom
574722,84879,ASSORTED COLOUR BIRD ORNAMENT,6,2011-11-06 14:45:00,1.69,14502.0,United Kingdom
574728,84879,ASSORTED COLOUR BIRD ORNAMENT,16,2011-11-06 15:02:00,1.69,13719.0,United Kingdom
574732,84879,ASSORTED COLOUR BIRD ORNAMENT,12,2011-11-06 15:11:00,1.69,13523.0,United Kingdom
574734,84879,ASSORTED COLOUR BIRD ORNAMENT,8,2011-11-06 15:20:00,1.69,15025.0,United Kingdom
574736,85123A,WHITE HANGING HEART T-LIGHT HOLDER,32,2011-11-06 15:43:00,2.55,17131.0,United Kingdom
574738,85123A,WHITE HANGING HEART T-LIGHT HOLDER,6,2011-11-06 16:01:00,2.95,12748.0,United Kingdom
574741,84879,ASSORTED COLOUR BIRD ORNAMENT,8,2011-11-06 16:13:00,1.69,15993.0,United Kingdom
574744,85123A,WHITE HANGING HEART T-LIGHT HOLDER,6,2011-11-07 07:38:00,2.95,16612.0,United Kingdom
574747,21212,PACK OF 72 RETROSPOT CAKE CASES,24,2011-11-07 08:34:00,0.55,15618.0,United Kingdom
574750,21212,PACK OF 72 RETROSPOT CAKE CASES,24,2011-11-07 09:12:00,0.55,17164.0,United Kingdom
574754,85123A,WHITE HANGING HEART T-LIGHT HOLDER,6,2011-11-07 09:24:00,2.95,17430.0,United Kingdom
574826,21212,PACK OF 72 RETROSPOT CAKE CASES,1,2011-11-07 10:58:00,0.55,15870.0,United Kingdom
574863,21212,PACK OF 72 RETROSPOT CAKE CASES,4,2011-11-07 12:29:00,0.55,15719.0,United Kingdom
574863,85123A,WHITE HANGING HEART T-LIGHT HOLDER,5,2011-11-07 12:29:00,2.95,15719.0,United Kingdom
574864,85123A,WHITE HANGING HEART T-LIGHT HOLDER,2,2011-11-07 12:29:00,2.95,14387.0,United Kingdom
574893,85123A,WHITE HANGING HEART T-LIGHT HOLDER,4,2011-11-07 14:40:00,2.95,18036.0,United Kingdom
574898,85123A,WHITE HANGING HEART T-LIGHT HOLDER,8,2011-11-07 15:07:00,2.95,16242.0,United Kingdom
574901,84879,ASSORTED COLOUR BIRD ORNAMENT,16,2011-11-07 15:15:00,1.69,17158.0,United Kingdom
574903,21212,PACK OF 72 RETROSPOT CAKE CASES,24,2011-11-07 15:27:00,0.55,17302.0,United Kingdom
574911,84879,ASSORTED COLOUR BIRD ORNAMENT,8,2011-11-07 15:49:00,1.69,14073.0,United Kingdom
574938,85123A,WHITE HANGING HEART T-LIGHT HOLDER,64,2011-11-07 17:15:00,2.55,14911.0,EIRE
574941,22616,PACK OF 12 LONDON TISSUES ,138,2011-11-07 17:42:00,1.0,,United Kingdom
574958,21212,PACK OF 72 RETROSPOT CAKE CASES,24,2011-11-08 10:00:00,0.55,14050.0,United Kingdom
574967,21212,PACK OF 72 RETROSPOT CAKE CASES,12,2011-11-08 10:51:00,2.08,,United Kingdom
575003,84879,ASSORTED COLOUR BIRD ORNAMENT,24,2011-11-08 11:09:00,1.69,15950.0,United Kingdom
575040,21212,PACK OF 72 RETROSPOT CAKE CASES,24,2011-11-08 11:58:00,0.55,13381.0,United Kingdom
575041,85123A,WHITE HANGING HEART T-LIGHT HOLDER,4,2011-11-08 12:01:00,2.95,17289.0,United Kingdom
575046,85123A,WHITE HANGING HEART T-LIGHT HOLDER,32,2011-11-08 12:09:00,2.55,15039.0,United Kingdom
575073,21212,PACK OF 72 RETROSPOT CAKE CASES,4,2011-11-08 13:10:00,0.55,13975.0,United Kingdom
575076,85123A,WHITE HANGING HEART T-LIGHT HOLDER,12,2011-11-08 13:20:00,2.95,16639.0,United Kingdom
575086,85123A,WHITE HANGING HEART T-LIGHT HOLDER,12,2011-11-08 13:52:00,2.95,16618.0,United Kingdom
575087,85123A,WHITE HANGING HEART T-LIGHT HOLDER,5,2011-11-08 13:57:00,2.95,16549.0,United Kingdom
575087,85123A,WHITE HANGING HEART T-LIGHT HOLDER,1,2011-11-08 13:57:00,2.95,16549.0,United Kingdom
575087,22616,PACK OF 12 LONDON TISSUES ,2,2011-11-08 13:57:00,0.39,16549.0,United Kingdom
575088,85123A,WHITE HANGING HEART T-LIGHT HOLDER,6,2011-11-08 14:00:00,2.95,13272.0,United Kingdom
575139,85123A,WHITE HANGING HEART T-LIGHT HOLDER,6,2011-11-08 15:26:00,2.95,16863.0,United Kingdom
575143,85123A,WHITE HANGING HEART T-LIGHT HOLDER,6,2011-11-08 15:37:00,2.95,13643.0,United Kingdom
575148,85123A,WHITE HANGING HEART T-LIGHT HOLDER,6,2011-11-08 15:48:00,2.95,13867.0,United Kingdom
575164,85123A,WHITE HANGING HEART T-LIGHT HOLDER,6,2011-11-08 16:55:00,2.95,18216.0,United Kingdom
575165,84879,ASSORTED COLOUR BIRD ORNAMENT,16,2011-11-08 17:05:00,1.69,14342.0,United Kingdom
575176,21212,PACK OF 72 RETROSPOT CAKE CASES,2,2011-11-08 18:29:00,1.25,,United Kingdom
575177,22616,PACK OF 12 LONDON TISSUES ,1,2011-11-08 18:41:00,0.83,,United Kingdom
575177,84879,ASSORTED COLOUR BIRD ORNAMENT,16,2011-11-08 18:41:00,3.12,,United Kingdom
575177,85123A,WHITE HANGING HEART T-LIGHT HOLDER,1,2011-11-08 18:41:00,5.79,,United Kingdom
575183,84879,ASSORTED COLOUR BIRD ORNAMENT,8,2011-11-09 08:36:00,1.69,13046.0,United Kingdom
575213,85123A,WHITE HANGING HEART T-LIGHT HOLDER,32,2011-11-09 10:47:00,2.55,16210.0,United Kingdom
575215,85123A,WHITE HANGING HEART T-LIGHT HOLDER,3,2011-11-09 11:04:00,2.95,18109.0,United Kingdom
575219,85123A,WHITE HANGING HEART T-LIGHT HOLDER,64,2011-11-09 11:17:00,2.55,17511.0,United Kingdom
575221,84879,ASSORTED COLOUR BIRD ORNAMENT,16,2011-11-09 11:25:00,1.69,12949.0,United Kingdom
575297,85123A,WHITE HANGING HEART T-LIGHT HOLDER,6,2011-11-09 12:26:00,2.95,15134.0,United Kingdom
575298,85123A,WHITE HANGING HEART T-LIGHT HOLDER,2,2011-11-09 12:29:00,2.95,17841.0,United Kingdom
575324,85123A,WHITE HANGING HEART T-LIGHT HOLDER,6,2011-11-09 13:45:00,2.95,14240.0,United Kingdom
575330,84879,ASSORTED COLOUR BIRD ORNAMENT,24,2011-11-09 13:50:00,1.69,15152.0,United Kingdom
575334,84879,ASSORTED COLOUR BIRD ORNAMENT,16,2011-11-09 13:54:00,1.69,14493.0,United Kingdom
575335,84879,ASSORTED COLOUR BIRD ORNAMENT,1200,2011-11-09 13:56:00,1.45,12931.0,United Kingdom
575383,84879,ASSORTED COLOUR BIRD ORNAMENT,8,2011-11-09 15:17:00,1.69,15986.0,United Kingdom
575477,21212,PACK OF 72 RETROSPOT CAKE CASES,4,2011-11-09 16:14:00,1.25,,United Kingdom
575483,84879,ASSORTED COLOUR BIRD ORNAMENT,32,2011-11-09 16:43:00,1.69,16996.0,United Kingdom
575487,84879,ASSORTED COLOUR BIRD ORNAMENT,8,2011-11-09 17:11:00,1.69,15450.0,United Kingdom
575502,22616,PACK OF 12 LONDON TISSUES ,48,2011-11-10 10:10:00,0.39,16700.0,United Kingdom
575504,21212,PACK OF 72 RETROSPOT CAKE CASES,24,2011-11-10 10:29:00,0.55,14895.0,United Kingdom
575576,21212,PACK OF 72 RETROSPOT CAKE CASES,24,2011-11-10 11:45:00,0.55,16025.0,United Kingdom
575583,85123A,WHITE HANGING HEART T-LIGHT HOLDER,1,2011-11-10 11:55:00,2.95,14456.0,United Kingdom
575583,85123A,WHITE HANGING HEART T-LIGHT HOLDER,2,2011-11-10 11:55:00,2.95,14456.0,United Kingdom
575595,85123A,WHITE HANGING HEART T-LIGHT HOLDER,6,2011-11-10 12:13:00,2.95,15452.0,United Kingdom
575601,21212,PACK OF 72 RETROSPOT CAKE CASES,1,2011-11-10 12:16:00,0.55,,United Kingdom
575602,84879,ASSORTED COLOUR BIRD ORNAMENT,8,2011-11-10 12:27:00,1.69,17059.0,United Kingdom
575602,85123A,WHITE HANGING HEART T-LIGHT HOLDER,1,2011-11-10 12:27:00,2.95,17059.0,United Kingdom
575603,85123A,WHITE HANGING HEART T-LIGHT HOLDER,4,2011-11-10 12:29:00,2.95,18125.0,United Kingdom
575607,21212,PACK OF 72 RETROSPOT CAKE CASES,3,2011-11-10 12:37:00,1.25,14096.0,United Kingdom
575607,22616,PACK OF 12 LONDON TISSUES ,1,2011-11-10 12:37:00,0.83,14096.0,United Kingdom
575607,85123A,WHITE HANGING HEART T-LIGHT HOLDER,2,2011-11-10 12:37:00,5.79,14096.0,United Kingdom
575609,85123A,WHITE HANGING HEART T-LIGHT HOLDER,8,2011-11-10 12:40:00,2.95,17243.0,United Kingdom
575609,84879,ASSORTED COLOUR BIRD ORNAMENT,40,2011-11-10 12:40:00,1.69,17243.0,United Kingdom
575620,84879,ASSORTED COLOUR BIRD ORNAMENT,8,2011-11-10 13:01:00,1.69,17573.0,United Kingdom
575622,22616,PACK OF 12 LONDON TISSUES ,12,2011-11-10 13:13:00,0.39,16743.0,United Kingdom
575631,85123A,WHITE HANGING HEART T-LIGHT HOLDER,4,2011-11-10 13:41:00,2.95,15184.0,United Kingdom
575640,22616,PACK OF 12 LONDON TISSUES ,3,2011-11-10 14:01:00,0.39,13148.0,United Kingdom
575647,85123A,WHITE HANGING HEART T-LIGHT HOLDER,4,2011-11-10 14:16:00,2.95,16440.0,United Kingdom
575656,84879,ASSORTED COLOUR BIRD ORNAMENT,40,2011-11-10 14:29:00,1.69,13319.0,United Kingdom
575660,84879,ASSORTED COLOUR BIRD ORNAMENT,16,2011-11-10 14:38:00,1.69,15297.0,United Kingdom
575680,84879,ASSORTED COLOUR BIRD ORNAMENT,16,2011-11-10 15:23:00,1.69,13148.0,United Kingdom
575680,85123A,WHITE HANGING HEART T-LIGHT HOLDER,6,2011-11-10 15:23:00,2.95,13148.0,United Kingdom
575681,21212,PACK OF 72 RETROSPOT CAKE CASES,2,2011-11-10 15:32:00,0.55,16903.0,United Kingdom
575698,84879,ASSORTED COLOUR BIRD ORNAMENT,8,2011-11-10 16:51:00,1.69,16094.0,United Kingdom
575698,21212,PACK OF 72 RETROSPOT CAKE CASES,24,2011-11-10 16:51:00,0.55,16094.0,United Kingdom
575701,84879,ASSORTED COLOUR BIRD ORNAMENT,32,2011-11-10 16:59:00,1.69,13396.0,United Kingdom
575705,84879,ASSORTED COLOUR BIRD ORNAMENT,16,2011-11-10 17:06:00,1.69,15159.0,United Kingdom
575706,84879,ASSORTED COLOUR BIRD ORNAMENT,8,2011-11-10 17:13:00,1.69,14713.0,United Kingdom
575725,85123A,WHITE HANGING HEART T-LIGHT HOLDER,32,2011-11-10 18:46:00,2.55,13098.0,United Kingdom
575726,84879,ASSORTED COLOUR BIRD ORNAMENT,8,2011-11-10 19:12:00,1.69,16791.0,United Kingdom
575726,85123A,WHITE HANGING HEART T-LIGHT HOLDER,1,2011-11-10 19:12:00,2.95,16791.0,United Kingdom
575735,85123A,WHITE HANGING HEART T-LIGHT HOLDER,6,2011-11-11 08:46:00,2.95,14156.0,EIRE
575739,21212,PACK OF 72 RETROSPOT CAKE CASES,2,2011-11-11 09:05:00,1.25,,United Kingdom
575739,22616,PACK OF 12 LONDON TISSUES ,1,2011-11-11 09:05:00,0.83,,United Kingdom
575739,85123A,WHITE HANGING HEART T-LIGHT HOLDER,1,2011-11-11 09:05:00,5.79,,United Kingdom
575744,84879,ASSORTED COLOUR BIRD ORNAMENT,32,2011-11-11 10:03:00,1.69,14035.0,United Kingdom
575744,85123A,WHITE HANGING HEART T-LIGHT HOLDER,12,2011-11-11 10:03:00,2.95,14035.0,United Kingdom
575748,21212,PACK OF 72 RETROSPOT CAKE CASES,25,2011-11-11 10:21:00,2.08,,United Kingdom
575756,85123A,WHITE HANGING HEART T-LIGHT HOLDER,2,2011-11-11 10:48:00,2.95,18118.0,United Kingdom
575760,84879,ASSORTED COLOUR BIRD ORNAMENT,8,2011-11-11 10:50:00,1.69,15965.0,United Kingdom
575760,84879,ASSORTED COLOUR BIRD ORNAMENT,8,2011-11-11 10:50:00,1.69,15965.0,United Kingdom
575760,85123A,WHITE HANGING HEART T-LIGHT HOLDER,20,2011-11-11 10:50:00,2.95,15965.0,United Kingdom
575766,85123A,WHITE HANGING HEART T-LIGHT HOLDER,1,2011-11-11 11:06:00,2.95,12856.0,United Kingdom
575766,85123A,WHITE HANGING HEART T-LIGHT HOLDER,7,2011-11-11 11:06:00,2.95,12856.0,United Kingdom
575840,21212,PACK OF 72 RETROSPOT CAKE CASES,4,2011-11-11 11:56:00,0.55,13137.0,United Kingdom
575842,84879,ASSORTED COLOUR BIRD ORNAMENT,8,2011-11-11 12:01:00,1.69,15024.0,United Kingdom
575850,85123A,WHITE HANGING HEART T-LIGHT HOLDER,32,2011-11-11 12:11:00,2.55,17512.0,United Kingdom
575854,84879,ASSORTED COLOUR BIRD ORNAMENT,8,2011-11-11 12:20:00,1.69,14125.0,United Kingdom
575856,84879,ASSORTED COLOUR BIRD ORNAMENT,3,2011-11-11 12:28:00,1.69,16386.0,United Kingdom
575856,84879,ASSORTED COLOUR BIRD ORNAMENT,1,2011-11-11 12:28:00,1.69,16386.0,United Kingdom
575867,85123A,WHITE HANGING HEART T-LIGHT HOLDER,3,2011-11-11 12:44:00,2.95,15034.0,United Kingdom
575875,21212,PACK OF 72 RETROSPOT CAKE CASES,2,2011-11-11 13:06:00,1.25,,United Kingdom
575886,21212,PACK OF 72 RETROSPOT CAKE CASES,12,2011-11-11 13:57:00,0.55,12517.0,Germany
575891,85123A,WHITE HANGING HEART T-LIGHT HOLDER,6,2011-11-11 14:12:00,2.95,15692.0,United Kingdom
575895,21212,PACK OF 72 RETROSPOT CAKE CASES,1,2011-11-11 14:50:00,0.55,17052.0,United Kingdom
575898,84879,ASSORTED COLOUR BIRD ORNAMENT,16,2011-11-11 15:08:00,1.69,16368.0,United Kingdom
575917,85123A,WHITE HANGING HEART T-LIGHT HOLDER,32,2011-11-11 16:57:00,2.55,13895.0,United Kingdom
575917,84879,ASSORTED COLOUR BIRD ORNAMENT,8,2011-11-11 16:57:00,1.69,13895.0,United Kingdom
575918,85123A,WHITE HANGING HEART T-LIGHT HOLDER,6,2011-11-11 16:58:00,2.95,17191.0,United Kingdom
575929,84879,ASSORTED COLOUR BIRD ORNAMENT,8,2011-11-11 17:23:00,1.69,13310.0,United Kingdom
575929,85123A,WHITE HANGING HEART T-LIGHT HOLDER,6,2011-11-11 17:23:00,2.95,13310.0,United Kingdom
575930,21212,PACK OF 72 RETROSPOT CAKE CASES,4,2011-11-11 17:58:00,1.25,,United Kingdom
575932,85123A,WHITE HANGING HEART T-LIGHT HOLDER,5,2011-11-13 10:35:00,2.95,16923.0,United Kingdom
575938,85123A,WHITE HANGING HEART T-LIGHT HOLDER,5,2011-11-13 11:30:00,2.95,17790.0,United Kingdom
575941,85123A,WHITE HANGING HEART T-LIGHT HOLDER,1,2011-11-13 11:39:00,2.95,16438.0,United Kingdom
575942,21212,PACK OF 72 RETROSPOT CAKE CASES,24,2011-11-13 11:44:00,0.55,15599.0,United Kingdom
575943,22616,PACK OF 12 LONDON TISSUES ,12,2011-11-13 11:44:00,0.39,17920.0,United Kingdom
575951,21212,PACK OF 72 RETROSPOT CAKE CASES,24,2011-11-13 11:54:00,0.55,13450.0,United Kingdom
575955,85123A,WHITE HANGING HEART T-LIGHT HOLDER,3,2011-11-13 12:05:00,2.95,14044.0,United Kingdom
575959,85123A,WHITE HANGING HEART T-LIGHT HOLDER,4,2011-11-13 12:27:00,2.95,14547.0,United Kingdom
575972,85123A,WHITE HANGING HEART T-LIGHT HOLDER,3,2011-11-13 13:01:00,2.95,14499.0,United Kingdom
575973,84879,ASSORTED COLOUR BIRD ORNAMENT,8,2011-11-13 13:03:00,1.69,,EIRE
575976,85123A,WHITE HANGING HEART T-LIGHT HOLDER,5,2011-11-13 13:26:00,2.95,15271.0,United Kingdom
575977,22616,PACK OF 12 LONDON TISSUES ,12,2011-11-13 13:27:00,0.39,17287.0,United Kingdom
575977,84879,ASSORTED COLOUR BIRD ORNAMENT,4,2011-11-13 13:27:00,1.69,17287.0,United Kingdom
575982,85123A,WHITE HANGING HEART T-LIGHT HOLDER,32,2011-11-13 13:42:00,2.55,13798.0,United Kingdom
576051,21212,PACK OF 72 RETROSPOT CAKE CASES,24,2011-11-13 14:45:00,0.55,14911.0,EIRE
576053,85123A,WHITE HANGING HEART T-LIGHT HOLDER,2,2011-11-13 14:53:00,2.95,16726.0,United Kingdom
576053,22616,PACK OF 12 LONDON TISSUES ,12,2011-11-13 14:53:00,0.39,16726.0,United Kingdom
576056,84879,ASSORTED COLOUR BIRD ORNAMENT,16,2011-11-13 15:04:00,1.69,17720.0,United Kingdom
576057,21212,PACK OF 72 RETROSPOT CAKE CASES,6,2011-11-13 15:05:00,0.55,15861.0,United Kingdom
576060,85123A,WHITE HANGING HEART T-LIGHT HOLDER,5,2011-11-13 15:25:00,2.95,13681.0,United Kingdom
576062,21212,PACK OF 72 RETROSPOT CAKE CASES,3,2011-11-13 15:30:00,0.55,12867.0,United Kingdom
576062,84879,ASSORTED COLOUR BIRD ORNAMENT,16,2011-11-13 15:30:00,1.69,12867.0,United Kingdom
576075,21212,PACK OF 72 RETROSPOT CAKE CASES,6,2011-11-13 16:16:00,0.55,15861.0,United Kingdom
576076,22616,PACK OF 12 LONDON TISSUES ,12,2011-11-13 16:18:00,0.39,14382.0,United Kingdom
576078,84879,ASSORTED COLOUR BIRD ORNAMENT,12,2011-11-13 16:22:00,1.69,14432.0,United Kingdom
576090,85123A,WHITE HANGING HEART T-LIGHT HOLDER,320,2011-11-14 08:56:00,3.2,17450.0,United Kingdom
576099,21212,PACK OF 72 RETROSPOT CAKE CASES,24,2011-11-14 10:28:00,0.55,13021.0,United Kingdom
576112,84879,ASSORTED COLOUR BIRD ORNAMENT,16,2011-11-14 10:34:00,1.69,14902.0,United Kingdom
576141,85123A,WHITE HANGING HEART T-LIGHT HOLDER,6,2011-11-14 10:47:00,2.95,14911.0,EIRE
576176,84879,ASSORTED COLOUR BIRD ORNAMENT,8,2011-11-14 11:04:00,1.69,16936.0,United Kingdom
576182,85123A,WHITE HANGING HEART T-LIGHT HOLDER,6,2011-11-14 11:21:00,2.95,12938.0,United Kingdom
576182,84879,ASSORTED COLOUR BIRD ORNAMENT,8,2011-11-14 11:21:00,1.69,12938.0,United Kingdom
576202,84879,ASSORTED COLOUR BIRD ORNAMENT,160,2011-11-14 12:22:00,1.45,13767.0,United Kingdom
576213,21212,PACK OF 72 RETROSPOT CAKE CASES,1,2011-11-14 12:47:00,0.55,18117.0,United Kingdom
576217,84879,ASSORTED COLOUR BIRD ORNAMENT,3,2011-11-14 12:56:00,1.69,17081.0,United Kingdom
576228,22616,PACK OF 12 LONDON TISSUES ,12,2011-11-14 13:12:00,0.39,15033.0,United Kingdom
576249,21212,PACK OF 72 RETROSPOT CAKE CASES,1,2011-11-14 13:47:00,0.55,17811.0,United Kingdom
576254,21212,PACK OF 72 RETROSPOT CAKE CASES,120,2011-11-14 14:02:00,0.42,16422.0,United Kingdom
576255,84879,ASSORTED COLOUR BIRD ORNAMENT,8,2011-11-14 14:09:00,1.69,15993.0,United Kingdom
576256,84879,ASSORTED COLOUR BIRD ORNAMENT,8,2011-11-14 14:09:00,1.69,15953.0,United Kingdom
576256,85123A,WHITE HANGING HEART T-LIGHT HOLDER,32,2011-11-14 14:09:00,2.55,15953.0,United Kingdom
576274,85123A,WHITE HANGING HEART T-LIGHT HOLDER,1,2011-11-14 14:24:00,2.95,17793.0,United Kingdom
576274,85123A,WHITE HANGING HEART T-LIGHT HOLDER,2,2011-11-14 14:24:00,2.95,17793.0,United Kingdom
576301,84879,ASSORTED COLOUR BIRD ORNAMENT,12,2011-11-14 14:40:00,1.69,14667.0,United Kingdom
576317,84879,ASSORTED COLOUR BIRD ORNAMENT,8,2011-11-14 14:57:00,1.69,15781.0,United Kingdom
576326,21212,PACK OF 72 RETROSPOT CAKE CASES,2,2011-11-14 15:18:00,0.55,16504.0,United Kingdom
576326,22616,PACK OF 12 LONDON TISSUES ,1,2011-11-14 15:18:00,0.39,16504.0,United Kingdom
576329,85123A,WHITE HANGING HEART T-LIGHT HOLDER,5,2011-11-14 15:22:00,5.79,,United Kingdom
576329,21212,PACK OF 72 RETROSPOT CAKE CASES,5,2011-11-14 15:22:00,1.25,,United Kingdom
576329,22616,PACK OF 12 LONDON TISSUES ,2,2011-11-14 15:22:00,0.83,,United Kingdom
576339,21212,PACK OF 72 RETROSPOT CAKE CASES,11,2011-11-14 15:27:00,1.25,14096.0,United Kingdom
576339,85123A,WHITE HANGING HEART T-LIGHT HOLDER,1,2011-11-14 15:27:00,5.79,14096.0,United Kingdom
576346,85123A,WHITE HANGING HEART T-LIGHT HOLDER,6,2011-11-14 15:37:00,2.95,13835.0,United Kingdom
576353,84879,ASSORTED COLOUR BIRD ORNAMENT,32,2011-11-14 16:17:00,1.69,15050.0,United Kingdom
576362,84879,ASSORTED COLOUR BIRD ORNAMENT,24,2011-11-14 17:11:00,1.69,14755.0,United Kingdom
576364,85123A,WHITE HANGING HEART T-LIGHT HOLDER,1,2011-11-14 17:40:00,2.95,15009.0,United Kingdom
576364,84879,ASSORTED COLOUR BIRD ORNAMENT,16,2011-11-14 17:40:00,1.69,15009.0,United Kingdom
576365,22616,PACK OF 12 LONDON TISSUES ,199,2011-11-14 17:55:00,1.0,,United Kingdom
576370,21212,PACK OF 72 RETROSPOT CAKE CASES,24,2011-11-15 08:00:00,0.55,15981.0,United Kingdom
576371,85123A,WHITE HANGING HEART T-LIGHT HOLDER,12,2011-11-15 08:07:00,2.95,14911.0,EIRE
576374,85123A,WHITE HANGING HEART T-LIGHT HOLDER,300,2011-11-15 08:50:00,2.55,13777.0,United Kingdom
576381,21212,PACK OF 72 RETROSPOT CAKE CASES,24,2011-11-15 09:26:00,0.55,12839.0,United Kingdom
576391,21212,PACK OF 72 RETROSPOT CAKE CASES,11,2011-11-15 10:13:00,2.08,,United Kingdom
576400,85123A,WHITE HANGING HEART T-LIGHT HOLDER,18,2011-11-15 10:51:00,2.95,13632.0,United Kingdom
576400,84879,ASSORTED COLOUR BIRD ORNAMENT,16,2011-11-15 10:51:00,1.69,13632.0,United Kingdom
576406,22616,PACK OF 12 LONDON TISSUES ,24,2011-11-15 11:17:00,0.39,13692.0,United Kingdom
576447,84879,ASSORTED COLOUR BIRD ORNAMENT,16,2011-11-15 11:30:00,1.69,13949.0,United Kingdom
576514,85123A,WHITE HANGING HEART T-LIGHT HOLDER,6,2011-11-15 12:13:00,2.95,13950.0,United Kingdom
576520,85123A,WHITE HANGING HEART T-LIGHT HOLDER,6,2011-11-15 12:33:00,2.95,14467.0,United Kingdom
576543,84879,ASSORTED COLOUR BIRD ORNAMENT,24,2011-11-15 12:50:00,1.69,13236.0,United Kingdom
576559,84879,ASSORTED COLOUR BIRD ORNAMENT,8,2011-11-15 13:19:00,1.69,14711.0,United Kingdom
576559,85123A,WHITE HANGING HEART T-LIGHT HOLDER,2,2011-11-15 13:19:00,2.95,14711.0,United Kingdom
576581,84879,ASSORTED COLOUR BIRD ORNAMENT,16,2011-11-15 14:15:00,1.69,15955.0,United Kingdom
576589,85123A,WHITE HANGING HEART T-LIGHT HOLDER,6,2011-11-15 14:29:00,2.95,17659.0,United Kingdom
576593,84879,ASSORTED COLOUR BIRD ORNAMENT,2,2011-11-15 14:48:00,1.69,15720.0,United Kingdom
576593,85123A,WHITE HANGING HEART T-LIGHT HOLDER,3,2011-11-15 14:48:00,2.95,15720.0,United Kingdom
576595,85123A,WHITE HANGING HEART T-LIGHT HOLDER,96,2011-11-15 14:56:00,2.55,14911.0,EIRE
576600,85123A,WHITE HANGING HEART T-LIGHT HOLDER,4,2011-11-15 15:08:00,2.95,18181.0,United Kingdom
576608,22616,PACK OF 12 LONDON TISSUES ,864,2011-11-15 15:49:00,0.32,17381.0,United Kingdom
576613,84879,ASSORTED COLOUR BIRD ORNAMENT,16,2011-11-15 16:34:00,1.69,13854.0,United Kingdom
576615,84879,ASSORTED COLOUR BIRD ORNAMENT,9,2011-11-15 16:42:00,1.69,17231.0,United Kingdom
576617,85123A,WHITE HANGING HEART T-LIGHT HOLDER,4,2011-11-15 16:57:00,5.79,,United Kingdom
576617,21212,PACK OF 72 RETROSPOT CAKE CASES,3,2011-11-15 16:57:00,1.25,,United Kingdom
576628,85123A,WHITE HANGING HEART T-LIGHT HOLDER,6,2011-11-16 08:28:00,2.95,13449.0,United Kingdom
576629,21212,PACK OF 72 RETROSPOT CAKE CASES,24,2011-11-16 08:37:00,0.55,12621.0,Germany
576639,85123A,WHITE HANGING HEART T-LIGHT HOLDER,6,2011-11-16 09:43:00,2.95,13894.0,United Kingdom
576645,84879,ASSORTED COLOUR BIRD ORNAMENT,8,2011-11-16 10:14:00,1.69,16245.0,United Kingdom
576648,22616,PACK OF 12 LONDON TISSUES ,48,2011-11-16 10:32:00,0.39,14057.0,United Kingdom
576655,85123A,WHITE HANGING HEART T-LIGHT HOLDER,6,2011-11-16 10:55:00,2.95,15687.0,United Kingdom
576657,21212,PACK OF 72 RETROSPOT CAKE CASES,24,2011-11-16 11:03:00,0.55,12720.0,Germany
576658,84879,ASSORTED COLOUR BIRD ORNAMENT,6,2011-11-16 11:05:00,1.69,14534.0,United Kingdom
576665,85123A,WHITE HANGING HEART T-LIGHT HOLDER,4,2011-11-16 11:46:00,2.95,17841.0,United Kingdom
576672,84879,ASSORTED COLOUR BIRD ORNAMENT,160,2011-11-16 11:59:00,1.45,12731.0,France
576672,21212,PACK OF 72 RETROSPOT CAKE CASES,24,2011-11-16 11:59:00,0.55,12731.0,France
576676,85123A,WHITE HANGING HEART T-LIGHT HOLDER,6,2011-11-16 12:03:00,2.95,16855.0,United Kingdom
576684,85123A,WHITE HANGING HEART T-LIGHT HOLDER,12,2011-11-16 12:08:00,2.95,14092.0,United Kingdom
576687,84879,ASSORTED COLOUR BIRD ORNAMENT,3,2011-11-16 12:13:00,1.69,13558.0,United Kingdom
576690,22616,PACK OF 12 LONDON TISSUES ,4,2011-11-16 12:19:00,0.39,15900.0,United Kingdom
576695,21212,PACK OF 72 RETROSPOT CAKE CASES,1,2011-11-16 12:25:00,0.55,16469.0,United Kingdom
576695,85123A,WHITE HANGING HEART T-LIGHT HOLDER,1,2011-11-16 12:25:00,2.95,16469.0,United Kingdom
576696,21212,PACK OF 72 RETROSPOT CAKE CASES,6,2011-11-16 12:26:00,0.55,16669.0,United Kingdom
576758,84879,ASSORTED COLOUR BIRD ORNAMENT,16,2011-11-16 12:51:00,1.69,16814.0,United Kingdom
576768,85123A,WHITE HANGING HEART T-LIGHT HOLDER,32,2011-11-16 13:13:00,2.55,13408.0,United Kingdom
576778,85123A,WHITE HANGING HEART T-LIGHT HOLDER,5,2011-11-16 13:24:00,2.95,16085.0,United Kingdom
576779,21212,PACK OF 72 RETROSPOT CAKE CASES,4,2011-11-16 13:25:00,0.55,14554.0,United Kingdom
576779,84879,ASSORTED COLOUR BIRD ORNAMENT,8,2011-11-16 13:25:00,1.69,14554.0,United Kingdom
576779,84879,ASSORTED COLOUR BIRD ORNAMENT,8,2011-11-16 13:25:00,1.69,14554.0,United Kingdom
576780,85123A,WHITE HANGING HEART T-LIGHT HOLDER,32,2011-11-16 13:27:00,2.55,13258.0,United Kingdom
576781,84879,ASSORTED COLOUR BIRD ORNAMENT,8,2011-11-16 13:33:00,1.69,13939.0,United Kingdom
576830,84879,ASSORTED COLOUR BIRD ORNAMENT,24,2011-11-16 14:54:00,1.69,14898.0,United Kingdom
576830,84879,ASSORTED COLOUR BIRD ORNAMENT,8,2011-11-16 14:54:00,1.69,14898.0,United Kingdom
576837,85123A,WHITE HANGING HEART T-LIGHT HOLDER,9,2011-11-16 15:16:00,5.79,,United Kingdom
576837,21212,PACK OF 72 RETROSPOT CAKE CASES,2,2011-11-16 15:16:00,1.25,,United Kingdom
576837,22616,PACK OF 12 LONDON TISSUES ,1,2011-11-16 15:16:00,0.83,,United Kingdom
576838,85123A,WHITE HANGING HEART T-LIGHT HOLDER,12,2011-11-16 15:21:00,2.95,18075.0,United Kingdom
576840,21212,PACK OF 72 RETROSPOT CAKE CASES,1,2011-11-16 15:23:00,1.25,,United Kingdom
576840,85123A,WHITE HANGING HEART T-LIGHT HOLDER,2,2011-11-16 15:23:00,5.79,,United Kingdom
576846,84879,ASSORTED COLOUR BIRD ORNAMENT,8,2011-11-16 15:35:00,1.69,13500.0,United Kingdom
576857,22616,PACK OF 12 LONDON TISSUES ,1,2011-11-16 15:52:00,0.39,12748.0,United Kingdom
576857,21212,PACK OF 72 RETROSPOT CAKE CASES,1,2011-11-16 15:52:00,0.55,12748.0,United Kingdom
576857,22616,PACK OF 12 LONDON TISSUES ,1,2011-11-16 15:52:00,0.39,12748.0,United Kingdom
576857,22616,PACK OF 12 LONDON TISSUES ,1,2011-11-16 15:52:00,0.39,12748.0,United Kingdom
576859,85123A,WHITE HANGING HEART T-LIGHT HOLDER,12,2011-11-16 15:56:00,2.95,18167.0,United Kingdom
576860,22616,PACK OF 12 LONDON TISSUES ,24,2011-11-16 15:58:00,0.39,17602.0,United Kingdom
576862,84879,ASSORTED COLOUR BIRD ORNAMENT,24,2011-11-16 16:06:00,1.69,14825.0,United Kingdom
576862,85123A,WHITE HANGING HEART T-LIGHT HOLDER,12,2011-11-16 16:06:00,2.95,14825.0,United Kingdom
576864,21212,PACK OF 72 RETROSPOT CAKE CASES,1,2011-11-16 16:06:00,0.55,12748.0,United Kingdom
576864,21212,PACK OF 72 RETROSPOT CAKE CASES,1,2011-11-16 16:06:00,0.55,12748.0,United Kingdom
576876,84879,ASSORTED COLOUR BIRD ORNAMENT,16,2011-11-16 16:42:00,1.69,16804.0,United Kingdom
576906,85123A,WHITE HANGING HEART T-LIGHT HOLDER,12,2011-11-17 09:33:00,2.95,18225.0,United Kingdom
576910,21212,PACK OF 72 RETROSPOT CAKE CASES,24,2011-11-17 09:51:00,0.55,12477.0,Germany
576916,85123A,WHITE HANGING HEART T-LIGHT HOLDER,12,2011-11-17 10:24:00,2.95,14655.0,United Kingdom
576917,85123A,WHITE HANGING HEART T-LIGHT HOLDER,6,2011-11-17 10:40:00,2.95,17613.0,United Kingdom
576923,22616,PACK OF 12 LONDON TISSUES ,144,2011-11-17 10:52:00,0.39,12753.0,Japan
576927,84879,ASSORTED COLOUR BIRD ORNAMENT,16,2011-11-17 11:02:00,1.69,12567.0,France
576933,22616,PACK OF 12 LONDON TISSUES ,6,2011-11-17 11:29:00,0.39,15529.0,United Kingdom
576948,84879,ASSORTED COLOUR BIRD ORNAMENT,8,2011-11-17 11:45:00,1.69,14515.0,United Kingdom
576984,85123A,WHITE HANGING HEART T-LIGHT HOLDER,3,2011-11-17 11:54:00,2.95,14332.0,United Kingdom
576995,84879,ASSORTED COLOUR BIRD ORNAMENT,8,2011-11-17 11:59:00,1.69,16298.0,United Kingdom
577033,85123A,WHITE HANGING HEART T-LIGHT HOLDER,10,2011-11-17 13:16:00,2.95,17797.0,United Kingdom
577033,84879,ASSORTED COLOUR BIRD ORNAMENT,8,2011-11-17 13:16:00,1.69,17797.0,United Kingdom
577050,84879,ASSORTED COLOUR BIRD ORNAMENT,24,2011-11-17 13:59:00,1.69,14191.0,United Kingdom
577051,84879,ASSORTED COLOUR BIRD ORNAMENT,2,2011-11-17 14:02:00,1.69,14034.0,United Kingdom
577052,85123A,WHITE HANGING HEART T-LIGHT HOLDER,5,2011-11-17 14:08:00,2.95,17397.0,United Kingdom
577053,85123A,WHITE HANGING HEART T-LIGHT HOLDER,6,2011-11-17 14:17:00,2.95,13001.0,United Kingdom
577054,21212,PACK OF 72 RETROSPOT CAKE CASES,24,2011-11-17 14:19:00,0.55,13815.0,Germany
577057,22616,PACK OF 12 LONDON TISSUES ,2,2011-11-17 14:26:00,0.39,12748.0,United Kingdom
577058,85123A,WHITE HANGING HEART T-LIGHT HOLDER,3,2011-11-17 14:29:00,2.95,18122.0,United Kingdom
577058,85123A,WHITE HANGING HEART T-LIGHT HOLDER,2,2011-11-17 14:29:00,2.95,18122.0,United Kingdom
577061,85123A,WHITE HANGING HEART T-LIGHT HOLDER,12,2011-11-17 14:40:00,2.95,14911.0,EIRE
577071,84879,ASSORTED COLOUR BIRD ORNAMENT,20,2011-11-17 14:56:00,1.69,13969.0,United Kingdom
577077,21212,PACK OF 72 RETROSPOT CAKE CASES,6,2011-11-17 15:16:00,0.55,17799.0,United Kingdom
577078,85123A,WHITE HANGING HEART T-LIGHT HOLDER,1,2011-11-17 15:17:00,5.79,,United Kingdom
577078,21212,PACK OF 72 RETROSPOT CAKE CASES,3,2011-11-17 15:17:00,1.25,,United Kingdom
577078,22616,PACK OF 12 LONDON TISSUES ,3,2011-11-17 15:17:00,0.83,,United Kingdom
577085,85123A,WHITE HANGING HEART T-LIGHT HOLDER,12,2011-11-17 15:47:00,2.95,12997.0,United Kingdom
577094,21212,PACK OF 72 RETROSPOT CAKE CASES,3,2011-11-17 16:39:00,0.55,15435.0,United Kingdom
577103,85123A,WHITE HANGING HEART T-LIGHT HOLDER,6,2011-11-17 17:08:00,2.95,15081.0,United Kingdom
577104,85123A,WHITE HANGING HEART T-LIGHT HOLDER,12,2011-11-17 17:13:00,2.95,12747.0,United Kingdom
577108,84879,ASSORTED COLOUR BIRD ORNAMENT,8,2011-11-17 17:34:00,1.69,15983.0,United Kingdom
577121,21212,PACK OF 72 RETROSPOT CAKE CASES,24,2011-11-17 18:29:00,0.55,12681.0,France
577133,84879,ASSORTED COLOUR BIRD ORNAMENT,8,2011-11-18 08:47:00,1.69,13962.0,United Kingdom
577141,21212,PACK OF 72 RETROSPOT CAKE CASES,24,2011-11-18 09:11:00,0.55,13269.0,United Kingdom
577150,21212,PACK OF 72 RETROSPOT CAKE CASES,35,2011-11-18 09:48:00,2.08,,United Kingdom
577152,21212,PACK OF 72 RETROSPOT CAKE CASES,24,2011-11-18 09:53:00,0.55,14277.0,France
577173,84879,ASSORTED COLOUR BIRD ORNAMENT,48,2011-11-18 10:57:00,1.69,14849.0,United Kingdom
577209,85123A,WHITE HANGING HEART T-LIGHT HOLDER,64,2011-11-18 11:49:00,2.55,15621.0,United Kingdom
577228,85123A,WHITE HANGING HEART T-LIGHT HOLDER,10,2011-11-18 12:07:00,2.95,12391.0,Cyprus
577298,84879,ASSORTED COLOUR BIRD ORNAMENT,24,2011-11-18 12:49:00,1.69,14299.0,United Kingdom
577303,84879,ASSORTED COLOUR BIRD ORNAMENT,32,2011-11-18 13:02:00,1.69,14390.0,United Kingdom
577309,85123A,WHITE HANGING HEART T-LIGHT HOLDER,6,2011-11-18 13:14:00,2.95,15933.0,United Kingdom
577309,84879,ASSORTED COLOUR BIRD ORNAMENT,8,2011-11-18 13:14:00,1.69,15933.0,United Kingdom
577313,84879,ASSORTED COLOUR BIRD ORNAMENT,64,2011-11-18 13:21:00,1.69,14342.0,United Kingdom
577318,85123A,WHITE HANGING HEART T-LIGHT HOLDER,32,2011-11-18 13:42:00,2.55,17675.0,United Kingdom
577319,22616,PACK OF 12 LONDON TISSUES ,12,2011-11-18 13:43:00,0.39,17301.0,United Kingdom
577319,84879,ASSORTED COLOUR BIRD ORNAMENT,8,2011-11-18 13:43:00,1.69,17301.0,United Kingdom
577338,21212,PACK OF 72 RETROSPOT CAKE CASES,24,2011-11-18 14:52:00,0.55,17650.0,United Kingdom
577355,85123A,WHITE HANGING HEART T-LIGHT HOLDER,12,2011-11-18 15:53:00,2.95,14911.0,EIRE
577358,85123A,WHITE HANGING HEART T-LIGHT HOLDER,1,2011-11-18 15:59:00,5.79,,United Kingdom
577358,21212,PACK OF 72 RETROSPOT CAKE CASES,2,2011-11-18 15:59:00,1.25,,United Kingdom
577393,84879,ASSORTED COLOUR BIRD ORNAMENT,160,2011-11-18 17:06:00,1.45,14031.0,United Kingdom
577400,84879,ASSORTED COLOUR BIRD ORNAMENT,16,2011-11-18 17:20:00,1.69,16201.0,United Kingdom
577402,84879,ASSORTED COLOUR BIRD ORNAMENT,32,2011-11-20 10:11:00,1.69,15465.0,United Kingdom
577475,21212,PACK OF 72 RETROSPOT CAKE CASES,24,2011-11-20 11:30:00,0.55,15152.0,United Kingdom
577476,84879,ASSORTED COLOUR BIRD ORNAMENT,48,2011-11-20 11:31:00,1.69,12540.0,Spain
577476,21212,PACK OF 72 RETROSPOT CAKE CASES,24,2011-11-20 11:31:00,0.55,12540.0,Spain
577478,84879,ASSORTED COLOUR BIRD ORNAMENT,8,2011-11-20 11:33:00,1.69,15963.0,United Kingdom
577480,85123A,WHITE HANGING HEART T-LIGHT HOLDER,64,2011-11-20 11:37:00,2.55,14525.0,United Kingdom
577482,84879,ASSORTED COLOUR BIRD ORNAMENT,8,2011-11-20 11:43:00,1.69,16762.0,United Kingdom
577482,84879,ASSORTED COLOUR BIRD ORNAMENT,8,2011-11-20 11:43:00,1.69,16762.0,United Kingdom
577483,84879,ASSORTED COLOUR BIRD ORNAMENT,4,2011-11-20 11:50:00,1.69,14502.0,United Kingdom
577485,85123A,WHITE HANGING HEART T-LIGHT HOLDER,4,2011-11-20 11:56:00,2.95,16360.0,United Kingdom
577488,84879,ASSORTED COLOUR BIRD ORNAMENT,8,2011-11-20 12:00:00,1.69,13090.0,United Kingdom
577489,85123A,WHITE HANGING HEART T-LIGHT HOLDER,1,2011-11-20 12:07:00,2.95,,United Kingdom
577490,21212,PACK OF 72 RETROSPOT CAKE CASES,3,2011-11-20 12:11:00,0.55,16464.0,United Kingdom
577493,21212,PACK OF 72 RETROSPOT CAKE CASES,2,2011-11-20 12:13:00,0.55,17323.0,United Kingdom
577504,21212,PACK OF 72 RETROSPOT CAKE CASES,1,2011-11-20 12:36:00,0.55,14159.0,United Kingdom
577504,21212,PACK OF 72 RETROSPOT CAKE CASES,2,2011-11-20 12:36:00,0.55,14159.0,United Kingdom
577504,21212,PACK OF 72 RETROSPOT CAKE CASES,1,2011-11-20 12:36:00,0.55,14159.0,United Kingdom
577504,85123A,WHITE HANGING HEART T-LIGHT HOLDER,6,2011-11-20 12:36:00,2.95,14159.0,United Kingdom
577505,85123A,WHITE HANGING HEART T-LIGHT HOLDER,4,2011-11-20 12:37:00,2.95,13118.0,United Kingdom
577508,85123A,WHITE HANGING HEART T-LIGHT HOLDER,2,2011-11-20 12:45:00,2.95,18127.0,United Kingdom
577508,84879,ASSORTED COLOUR BIRD ORNAMENT,6,2011-11-20 12:45:00,1.69,18127.0,United Kingdom
577523,85123A,WHITE HANGING HEART T-LIGHT HOLDER,6,2011-11-20 13:33:00,2.95,12597.0,Spain
577526,21212,PACK OF 72 RETROSPOT CAKE CASES,24,2011-11-20 13:39:00,0.55,16513.0,United Kingdom
577530,85123A,WHITE HANGING HEART T-LIGHT HOLDER,12,2011-11-20 13:48:00,2.95,14950.0,United Kingdom
577531,22616,PACK OF 12 LONDON TISSUES ,2,2011-11-20 13:58:00,0.79,,United Kingdom
577537,84879,ASSORTED COLOUR BIRD ORNAMENT,24,2011-11-20 14:17:00,1.69,14860.0,United Kingdom
577543,84879,ASSORTED COLOUR BIRD ORNAMENT,8,2011-11-20 14:40:00,1.69,17636.0,United Kingdom
577557,84879,ASSORTED COLOUR BIRD ORNAMENT,3,2011-11-20 15:36:00,1.69,15426.0,United Kingdom
577557,21212,PACK OF 72 RETROSPOT CAKE CASES,1,2011-11-20 15:36:00,0.55,15426.0,United Kingdom
577595,85123A,WHITE HANGING HEART T-LIGHT HOLDER,2,2011-11-20 16:12:00,2.95,16399.0,United Kingdom
577597,85123A,WHITE HANGING HEART T-LIGHT HOLDER,12,2011-11-21 08:19:00,2.95,16366.0,United Kingdom
577613,21212,PACK OF 72 RETROSPOT CAKE CASES,24,2011-11-21 10:02:00,0.55,14911.0,EIRE
577617,84879,ASSORTED COLOUR BIRD ORNAMENT,24,2011-11-21 10:23:00,1.69,14883.0,United Kingdom
577633,84879,ASSORTED COLOUR BIRD ORNAMENT,16,2011-11-21 10:35:00,1.69,14194.0,United Kingdom
577687,21212,PACK OF 72 RETROSPOT CAKE CASES,24,2011-11-21 11:16:00,0.55,12583.0,France
577690,85123A,WHITE HANGING HEART T-LIGHT HOLDER,2,2011-11-21 11:34:00,2.95,12856.0,United Kingdom
577691,85123A,WHITE HANGING HEART T-LIGHT HOLDER,2,2011-11-21 11:34:00,2.95,14587.0,United Kingdom
577695,85123A,WHITE HANGING HEART T-LIGHT HOLDER,12,2011-11-21 11:55:00,2.95,15645.0,United Kingdom
577696,85123A,WHITE HANGING HEART T-LIGHT HOLDER,1,2011-11-21 11:57:00,2.95,16406.0,United Kingdom
577697,84879,ASSORTED COLOUR BIRD ORNAMENT,8,2011-11-21 12:02:00,1.69,15804.0,United Kingdom
577700,84879,ASSORTED COLOUR BIRD ORNAMENT,3,2011-11-21 12:06:00,1.69,14449.0,United Kingdom
577700,84879,ASSORTED COLOUR BIRD ORNAMENT,3,2011-11-21 12:06:00,1.69,14449.0,United Kingdom
577723,84879,ASSORTED COLOUR BIRD ORNAMENT,8,2011-11-21 12:36:00,1.69,16713.0,United Kingdom
577723,21212,PACK OF 72 RETROSPOT CAKE CASES,2,2011-11-21 12:36:00,0.55,16713.0,United Kingdom
577729,21212,PACK OF 72 RETROSPOT CAKE CASES,24,2011-11-21 12:53:00,0.55,15179.0,United Kingdom
577732,84879,ASSORTED COLOUR BIRD ORNAMENT,96,2011-11-21 13:09:00,1.69,15093.0,United Kingdom
577742,85123A,WHITE HANGING HEART T-LIGHT HOLDER,2,2011-11-21 13:41:00,2.95,13755.0,United Kingdom
577742,85123A,WHITE HANGING HEART T-LIGHT HOLDER,1,2011-11-21 13:41:00,2.95,13755.0,United Kingdom
577751,84879,ASSORTED COLOUR BIRD ORNAMENT,8,2011-11-21 14:34:00,1.69,12904.0,United Kingdom
577751,84879,ASSORTED COLOUR BIRD ORNAMENT,8,2011-11-21 14:34:00,1.69,12904.0,United Kingdom
577768,84879,ASSORTED COLOUR BIRD ORNAMENT,16,2011-11-21 15:18:00,3.12,,United Kingdom
577768,85123A,WHITE HANGING HEART T-LIGHT HOLDER,3,2011-11-21 15:18:00,5.79,,United Kingdom
577768,21212,PACK OF 72 RETROSPOT CAKE CASES,2,2011-11-21 15:18:00,1.25,,United Kingdom
577774,22616,PACK OF 12 LONDON TISSUES ,12,2011-11-21 15:57:00,0.39,16712.0,United Kingdom
577778,22616,PACK OF 12 LONDON TISSUES ,1,2011-11-21 16:10:00,0.39,16549.0,United Kingdom
577778,22616,PACK OF 12 LONDON TISSUES ,1,2011-11-21 16:10:00,0.39,16549.0,United Kingdom
577782,85123A,WHITE HANGING HEART T-LIGHT HOLDER,1,2011-11-21 16:17:00,2.95,16549.0,United Kingdom
577784,21212,PACK OF 72 RETROSPOT CAKE CASES,24,2011-11-21 16:24:00,0.55,13862.0,United Kingdom
577813,84879,ASSORTED COLOUR BIRD ORNAMENT,24,2011-11-22 09:06:00,1.69,14297.0,United Kingdom
577824,84879,ASSORTED COLOUR BIRD ORNAMENT,16,2011-11-22 09:42:00,1.69,15845.0,United Kingdom
577827,85123A,WHITE HANGING HEART T-LIGHT HOLDER,12,2011-11-22 09:53:00,2.95,16782.0,United Kingdom
577844,21212,PACK OF 72 RETROSPOT CAKE CASES,34,2011-11-22 10:41:00,2.08,,United Kingdom
577844,21212,PACK OF 72 RETROSPOT CAKE CASES,1,2011-11-22 10:41:00,5.0,,United Kingdom
577850,21212,PACK OF 72 RETROSPOT CAKE CASES,24,2011-11-22 11:04:00,0.55,14911.0,EIRE
577851,84879,ASSORTED COLOUR BIRD ORNAMENT,8,2011-11-22 11:04:00,1.69,13267.0,United Kingdom
577853,85123A,WHITE HANGING HEART T-LIGHT HOLDER,5,2011-11-22 11:13:00,2.95,13681.0,United Kingdom
577859,84879,ASSORTED COLOUR BIRD ORNAMENT,6,2011-11-22 11:24:00,1.69,14534.0,United Kingdom
577861,84879,ASSORTED COLOUR BIRD ORNAMENT,8,2011-11-22 11:28:00,1.69,13924.0,United Kingdom
577973,85123A,WHITE HANGING HEART T-LIGHT HOLDER,32,2011-11-22 12:13:00,2.55,13798.0,United Kingdom
578005,84879,ASSORTED COLOUR BIRD ORNAMENT,32,2011-11-22 12:39:00,1.69,16985.0,United Kingdom
578008,21212,PACK OF 72 RETROSPOT CAKE CASES,1,2011-11-22 12:47:00,0.55,14657.0,United Kingdom
578013,22616,PACK OF 12 LONDON TISSUES ,1,2011-11-22 12:55:00,0.39,17360.0,United Kingdom
578017,85123A,WHITE HANGING HEART T-LIGHT HOLDER,3,2011-11-22 13:07:00,2.95,13569.0,United Kingdom
578031,85123A,WHITE HANGING HEART T-LIGHT HOLDER,6,2011-11-22 13:41:00,2.95,15796.0,United Kingdom
578041,85123A,WHITE HANGING HEART T-LIGHT HOLDER,10,2011-11-22 14:23:00,2.95,17338.0,United Kingdom
578054,85123A,WHITE HANGING HEART T-LIGHT HOLDER,160,2011-11-22 14:59:00,2.55,14911.0,EIRE
578065,21212,PACK OF 72 RETROSPOT CAKE CASES,8,2011-11-22 15:41:00,0.55,,United Kingdom
578065,22616,PACK OF 12 LONDON TISSUES ,1,2011-11-22 15:41:00,0.83,,United Kingdom
578065,85123A,WHITE HANGING HEART T-LIGHT HOLDER,2,2011-11-22 15:41:00,5.79,,United Kingdom
578067,21212,PACK OF 72 RETROSPOT CAKE CASES,2,2011-11-22 15:43:00,1.25,,United Kingdom
578067,22616,PACK OF 12 LONDON TISSUES ,3,2011-11-22 15:43:00,0.83,,United Kingdom
578067,85123A,WHITE HANGING HEART T-LIGHT HOLDER,1,2011-11-22 15:43:00,5.79,,United Kingdom
578068,84879,ASSORTED COLOUR BIRD ORNAMENT,6,2011-11-22 15:45:00,1.69,14505.0,United Kingdom
578068,85123A,WHITE HANGING HEART T-LIGHT HOLDER,2,2011-11-22 15:45:00,2.95,14505.0,United Kingdom
578074,85123A,WHITE HANGING HEART T-LIGHT HOLDER,2,2011-11-22 16:06:00,2.95,17590.0,United Kingdom
578074,84879,ASSORTED COLOUR BIRD ORNAMENT,8,2011-11-22 16:06:00,1.69,17590.0,United Kingdom
578078,85123A,WHITE HANGING HEART T-LIGHT HOLDER,6,2011-11-22 16:24:00,2.95,12586.0,Italy
578085,84879,ASSORTED COLOUR BIRD ORNAMENT,16,2011-11-22 16:39:00,1.69,13319.0,United Kingdom
578086,21212,PACK OF 72 RETROSPOT CAKE CASES,24,2011-11-22 16:43:00,0.55,17519.0,United Kingdom
578087,85123A,WHITE HANGING HEART T-LIGHT HOLDER,10,2011-11-22 16:44:00,2.95,15965.0,United Kingdom
578088,85123A,WHITE HANGING HEART T-LIGHT HOLDER,2,2011-11-22 16:47:00,2.95,16376.0,United Kingdom
578088,21212,PACK OF 72 RETROSPOT CAKE CASES,1,2011-11-22 16:47:00,0.55,16376.0,United Kingdom
578088,21212,PACK OF 72 RETROSPOT CAKE CASES,4,2011-11-22 16:47:00,0.55,16376.0,United Kingdom
578094,84879,ASSORTED COLOUR BIRD ORNAMENT,8,2011-11-22 17:23:00,1.69,16261.0,United Kingdom
578100,21212,PACK OF 72 RETROSPOT CAKE CASES,24,2011-11-23 08:17:00,0.55,15814.0,United Kingdom
578111,21212,PACK OF 72 RETROSPOT CAKE CASES,24,2011-11-23 09:28:00,0.55,14790.0,United Kingdom
578118,84879,ASSORTED COLOUR BIRD ORNAMENT,16,2011-11-23 10:08:00,1.69,12955.0,United Kingdom
578120,84879,ASSORTED COLOUR BIRD ORNAMENT,8,2011-11-23 10:21:00,1.69,14493.0,United Kingdom
578140,85123A,WHITE HANGING HEART T-LIGHT HOLDER,160,2011-11-23 10:58:00,2.55,14646.0,Netherlands
578187,85123A,WHITE HANGING HEART T-LIGHT HOLDER,6,2011-11-23 11:40:00,2.95,14336.0,United Kingdom
578211,85123A,WHITE HANGING HEART T-LIGHT HOLDER,1,2011-11-23 11:47:00,2.95,12748.0,United Kingdom
578225,84879,ASSORTED COLOUR BIRD ORNAMENT,8,2011-11-23 11:51:00,1.69,17700.0,United Kingdom
578253,21212,PACK OF 72 RETROSPOT CAKE CASES,24,2011-11-23 12:51:00,0.55,14744.0,United Kingdom
578255,85123A,WHITE HANGING HEART T-LIGHT HOLDER,1,2011-11-23 12:58:00,2.95,14675.0,United Kingdom
578255,85123A,WHITE HANGING HEART T-LIGHT HOLDER,1,2011-11-23 12:58:00,2.95,14675.0,United Kingdom
578258,85123A,WHITE HANGING HEART T-LIGHT HOLDER,2,2011-11-23 13:01:00,2.95,13263.0,United Kingdom
578260,85123A,WHITE HANGING HEART T-LIGHT HOLDER,6,2011-11-23 13:15:00,2.95,17469.0,United Kingdom
578262,21212,PACK OF 72 RETROSPOT CAKE CASES,1,2011-11-23 13:27:00,0.55,18283.0,United Kingdom
578262,21212,PACK OF 72 RETROSPOT CAKE CASES,2,2011-11-23 13:27:00,0.55,18283.0,United Kingdom
578262,21212,PACK OF 72 RETROSPOT CAKE CASES,1,2011-11-23 13:27:00,0.55,18283.0,United Kingdom
578270,85123A,WHITE HANGING HEART T-LIGHT HOLDER,1,2011-11-23 13:39:00,5.79,14096.0,United Kingdom
578270,21212,PACK OF 72 RETROSPOT CAKE CASES,6,2011-11-23 13:39:00,1.25,14096.0,United Kingdom
578271,84879,ASSORTED COLOUR BIRD ORNAMENT,8,2011-11-23 13:40:00,1.69,13899.0,United Kingdom
578277,22616,PACK OF 12 LONDON TISSUES ,36,2011-11-23 13:51:00,0.39,12723.0,France
578302,85123A,WHITE HANGING HEART T-LIGHT HOLDER,6,2011-11-23 15:23:00,2.95,16057.0,United Kingdom
578304,85123A,WHITE HANGING HEART T-LIGHT HOLDER,64,2011-11-23 15:41:00,2.55,13831.0,United Kingdom
578317,84879,ASSORTED COLOUR BIRD ORNAMENT,16,2011-11-23 16:47:00,1.69,15398.0,United Kingdom
578319,84879,ASSORTED COLOUR BIRD ORNAMENT,24,2011-11-23 16:48:00,1.69,15393.0,United Kingdom
578326,22616,PACK OF 12 LONDON TISSUES ,12,2011-11-23 17:45:00,0.39,16343.0,United Kingdom
578344,85123A,WHITE HANGING HEART T-LIGHT HOLDER,2,2011-11-24 09:21:00,5.79,,United Kingdom
578347,85123A,WHITE HANGING HEART T-LIGHT HOLDER,1,2011-11-24 09:26:00,5.79,,United Kingdom
578351,85123A,WHITE HANGING HEART T-LIGHT HOLDER,32,2011-11-24 09:59:00,2.55,14987.0,United Kingdom
578370,21212,PACK OF 72 RETROSPOT CAKE CASES,1,2011-11-24 11:11:00,0.55,17346.0,United Kingdom
578370,84879,ASSORTED COLOUR BIRD ORNAMENT,8,2011-11-24 11:11:00,1.69,17346.0,United Kingdom
578400,84879,ASSORTED COLOUR BIRD ORNAMENT,5,2011-11-24 11:52:00,1.69,12748.0,United Kingdom
578427,85123A,WHITE HANGING HEART T-LIGHT HOLDER,6,2011-11-24 12:11:00,2.95,15034.0,United Kingdom
578429,85123A,WHITE HANGING HEART T-LIGHT HOLDER,6,2011-11-24 12:12:00,2.95,16271.0,United Kingdom
578433,84879,ASSORTED COLOUR BIRD ORNAMENT,160,2011-11-24 12:21:00,1.45,17671.0,United Kingdom
578472,84879,ASSORTED COLOUR BIRD ORNAMENT,40,2011-11-24 12:40:00,1.69,12476.0,Germany
578472,85123A,WHITE HANGING HEART T-LIGHT HOLDER,12,2011-11-24 12:40:00,2.95,12476.0,Germany
578485,84879,ASSORTED COLOUR BIRD ORNAMENT,24,2011-11-24 12:52:00,1.69,12921.0,United Kingdom
578488,84879,ASSORTED COLOUR BIRD ORNAMENT,8,2011-11-24 12:53:00,1.69,12784.0,Portugal
578508,85123A,WHITE HANGING HEART T-LIGHT HOLDER,4,2011-11-24 13:06:00,2.95,16892.0,United Kingdom
578522,84879,ASSORTED COLOUR BIRD ORNAMENT,2,2011-11-24 14:09:00,1.69,17254.0,United Kingdom
578533,85123A,WHITE HANGING HEART T-LIGHT HOLDER,4,2011-11-24 14:42:00,2.95,17767.0,United Kingdom
578534,85123A,WHITE HANGING HEART T-LIGHT HOLDER,6,2011-11-24 14:51:00,2.95,15725.0,United Kingdom
578541,84879,ASSORTED COLOUR BIRD ORNAMENT,32,2011-11-24 15:01:00,1.69,14277.0,France
578541,85123A,WHITE HANGING HEART T-LIGHT HOLDER,8,2011-11-24 15:01:00,2.95,14277.0,France
578548,84879,ASSORTED COLOUR BIRD ORNAMENT,4,2011-11-24 15:02:00,1.69,17345.0,United Kingdom
578621,84879,ASSORTED COLOUR BIRD ORNAMENT,8,2011-11-24 15:26:00,1.69,13719.0,United Kingdom
578623,85123A,WHITE HANGING HEART T-LIGHT HOLDER,32,2011-11-24 15:32:00,2.55,15953.0,United Kingdom
578623,84879,ASSORTED COLOUR BIRD ORNAMENT,8,2011-11-24 15:32:00,1.69,15953.0,United Kingdom
578653,85123A,WHITE HANGING HEART T-LIGHT HOLDER,12,2011-11-24 16:40:00,2.95,18161.0,United Kingdom
578653,84879,ASSORTED COLOUR BIRD ORNAMENT,16,2011-11-24 16:40:00,1.69,18161.0,United Kingdom
578663,85123A,WHITE HANGING HEART T-LIGHT HOLDER,6,2011-11-24 16:54:00,2.95,15428.0,United Kingdom
578665,84879,ASSORTED COLOUR BIRD ORNAMENT,32,2011-11-24 17:02:00,1.69,16570.0,United Kingdom
578676,84879,ASSORTED COLOUR BIRD ORNAMENT,8,2011-11-24 19:07:00,1.69,16016.0,United Kingdom
578680,85123A,WHITE HANGING HEART T-LIGHT HOLDER,6,2011-11-25 08:23:00,2.95,16458.0,United Kingdom
578682,85123A,WHITE HANGING HEART T-LIGHT HOLDER,24,2011-11-25 08:55:00,2.95,17173.0,United Kingdom
578683,85123A,WHITE HANGING HEART T-LIGHT HOLDER,18,2011-11-25 08:55:00,2.95,15134.0,United Kingdom
578688,85123A,WHITE HANGING HEART T-LIGHT HOLDER,2,2011-11-25 09:27:00,2.95,16719.0,United Kingdom
578688,85123A,WHITE HANGING HEART T-LIGHT HOLDER,1,2011-11-25 09:27:00,2.95,16719.0,United Kingdom
578689,84879,ASSORTED COLOUR BIRD ORNAMENT,24,2011-11-25 09:31:00,1.69,15793.0,United Kingdom
578689,85123A,WHITE HANGING HEART T-LIGHT HOLDER,32,2011-11-25 09:31:00,2.55,15793.0,United Kingdom
578704,85123A,WHITE HANGING HEART T-LIGHT HOLDER,128,2011-11-25 11:12:00,2.55,18172.0,United Kingdom
578719,84879,ASSORTED COLOUR BIRD ORNAMENT,8,2011-11-25 11:25:00,1.69,17348.0,United Kingdom
578746,21212,PACK OF 72 RETROSPOT CAKE CASES,28,2011-11-25 11:36:00,2.08,,United Kingdom
578781,22616,PACK OF 12 LONDON TISSUES ,12,2011-11-25 11:54:00,0.39,15872.0,United Kingdom
578785,84879,ASSORTED COLOUR BIRD ORNAMENT,160,2011-11-25 12:01:00,1.45,13525.0,United Kingdom
578786,22616,PACK OF 12 LONDON TISSUES ,3,2011-11-25 12:02:00,0.39,13184.0,United Kingdom
578791,85123A,WHITE HANGING HEART T-LIGHT HOLDER,2,2011-11-25 12:20:00,2.95,12841.0,United Kingdom
578795,84879,ASSORTED COLOUR BIRD ORNAMENT,32,2011-11-25 12:29:00,1.69,17243.0,United Kingdom
578808,84879,ASSORTED COLOUR BIRD ORNAMENT,40,2011-11-25 13:23:00,1.69,16327.0,United Kingdom
578812,84879,ASSORTED COLOUR BIRD ORNAMENT,8,2011-11-25 13:30:00,1.69,13332.0,United Kingdom
578814,21212,PACK OF 72 RETROSPOT CAKE CASES,1,2011-11-25 13:40:00,0.55,12748.0,United Kingdom
578817,85123A,WHITE HANGING HEART T-LIGHT HOLDER,4,2011-11-25 13:45:00,2.95,16764.0,United Kingdom
578818,22616,PACK OF 12 LONDON TISSUES ,12,2011-11-25 13:47:00,0.39,17920.0,United Kingdom
578824,22616,PACK OF 12 LONDON TISSUES ,1,2011-11-25 14:02:00,0.39,17883.0,United Kingdom
578827,85123A,WHITE HANGING HEART T-LIGHT HOLDER,2,2011-11-25 14:25:00,5.79,,United Kingdom
578834,21212,PACK OF 72 RETROSPOT CAKE CASES,2,2011-11-25 15:32:00,0.55,18109.0,United Kingdom
578844,21212,PACK OF 72 RETROSPOT CAKE CASES,4,2011-11-25 16:14:00,1.25,,United Kingdom
578844,22616,PACK OF 12 LONDON TISSUES ,4,2011-11-25 16:14:00,0.83,,United Kingdom
578844,85123A,WHITE HANGING HEART T-LIGHT HOLDER,3,2011-11-25 16:14:00,5.79,,United Kingdom
578846,21212,PACK OF 72 RETROSPOT CAKE CASES,10,2011-11-25 17:27:00,0.55,17757.0,United Kingdom
578851,84879,ASSORTED COLOUR BIRD ORNAMENT,8,2011-11-27 11:05:00,1.69,16407.0,United Kingdom
578914,85123A,WHITE HANGING HEART T-LIGHT HOLDER,4,2011-11-27 11:54:00,2.95,13782.0,United Kingdom
578940,21212,PACK OF 72 RETROSPOT CAKE CASES,13,2011-11-27 13:18:00,2.08,,United Kingdom
578941,21212,PACK OF 72 RETROSPOT CAKE CASES,2,2011-11-27 13:26:00,0.55,16024.0,United Kingdom
578942,22616,PACK OF 12 LONDON TISSUES ,2,2011-11-27 13:29:00,0.39,17288.0,United Kingdom
578944,85123A,WHITE HANGING HEART T-LIGHT HOLDER,1,2011-11-27 13:41:00,2.95,16005.0,United Kingdom
578949,85123A,WHITE HANGING HEART T-LIGHT HOLDER,1,2011-11-27 14:30:00,2.95,14954.0,United Kingdom
578995,85123A,WHITE HANGING HEART T-LIGHT HOLDER,2,2011-11-27 15:59:00,2.95,15861.0,United Kingdom
579014,22616,PACK OF 12 LONDON TISSUES ,72,2011-11-28 09:53:00,0.39,12906.0,United Kingdom
579067,84879,ASSORTED COLOUR BIRD ORNAMENT,16,2011-11-28 10:31:00,1.69,14470.0,United Kingdom
579087,84879,ASSORTED COLOUR BIRD ORNAMENT,16,2011-11-28 10:35:00,1.69,13914.0,United Kingdom
579089,22616,PACK OF 12 LONDON TISSUES ,12,2011-11-28 10:46:00,0.39,17920.0,United Kingdom
579093,85123A,WHITE HANGING HEART T-LIGHT HOLDER,32,2011-11-28 10:54:00,2.55,13081.0,United Kingdom
579144,21212,PACK OF 72 RETROSPOT CAKE CASES,24,2011-11-28 13:11:00,0.55,13269.0,United Kingdom
579147,85123A,WHITE HANGING HEART T-LIGHT HOLDER,1,2011-11-28 13:20:00,2.95,13263.0,United Kingdom
579152,21212,PACK OF 72 RETROSPOT CAKE CASES,24,2011-11-28 13:26:00,0.55,12479.0,Germany
579161,21212,PACK OF 72 RETROSPOT CAKE CASES,2,2011-11-28 13:56:00,0.55,17379.0,United Kingdom
579170,21212,PACK OF 72 RETROSPOT CAKE CASES,1,2011-11-28 14:26:00,0.55,17811.0,United Kingdom
579176,85123A,WHITE HANGING HEART T-LIGHT HOLDER,32,2011-11-28 14:44:00,2.55,13950.0,United Kingdom
579182,84879,ASSORTED COLOUR BIRD ORNAMENT,8,2011-11-28 15:15:00,1.69,15601.0,United Kingdom
579183,85123A,WHITE HANGING HEART T-LIGHT HOLDER,64,2011-11-28 15:16:00,2.55,15621.0,United Kingdom
579187,21212,PACK OF 72 RETROSPOT CAKE CASES,4,2011-11-28 15:31:00,1.25,,United Kingdom
579187,22616,PACK OF 12 LONDON TISSUES ,3,2011-11-28 15:31:00,0.83,,United Kingdom
579187,84879,ASSORTED COLOUR BIRD ORNAMENT,16,2011-11-28 15:31:00,3.12,,United Kingdom
579187,85123A,WHITE HANGING HEART T-LIGHT HOLDER,1,2011-11-28 15:31:00,5.79,,United Kingdom
579196,22616,PACK OF 12 LONDON TISSUES ,1,2011-11-28 15:54:00,0.83,14096.0,United Kingdom
579196,85123A,WHITE HANGING HEART T-LIGHT HOLDER,3,2011-11-28 15:54:00,5.79,14096.0,United Kingdom
579196,21212,PACK OF 72 RETROSPOT CAKE CASES,5,2011-11-28 15:54:00,1.25,14096.0,United Kingdom
579268,84879,ASSORTED COLOUR BIRD ORNAMENT,8,2011-11-29 09:47:00,1.69,14321.0,United Kingdom
579270,84879,ASSORTED COLOUR BIRD ORNAMENT,8,2011-11-29 09:50:00,1.69,15783.0,United Kingdom
579273,84879,ASSORTED COLOUR BIRD ORNAMENT,16,2011-11-29 10:00:00,1.69,15197.0,United Kingdom
579283,21212,PACK OF 72 RETROSPOT CAKE CASES,24,2011-11-29 10:45:00,0.55,13883.0,United Kingdom
579287,84879,ASSORTED COLOUR BIRD ORNAMENT,16,2011-11-29 10:58:00,1.69,13496.0,United Kingdom
579291,21212,PACK OF 72 RETROSPOT CAKE CASES,21,2011-11-29 11:21:00,2.08,,United Kingdom
579301,85123A,WHITE HANGING HEART T-LIGHT HOLDER,3,2011-11-29 11:32:00,2.95,18118.0,United Kingdom
579307,84879,ASSORTED COLOUR BIRD ORNAMENT,16,2011-11-29 11:34:00,1.69,17655.0,United Kingdom
579350,85123A,WHITE HANGING HEART T-LIGHT HOLDER,32,2011-11-29 11:48:00,2.55,15218.0,United Kingdom
579358,85123A,WHITE HANGING HEART T-LIGHT HOLDER,6,2011-11-29 11:50:00,2.95,16992.0,United Kingdom
579399,21212,PACK OF 72 RETROSPOT CAKE CASES,3,2011-11-29 12:09:00,0.55,13137.0,United Kingdom
579399,84879,ASSORTED COLOUR BIRD ORNAMENT,7,2011-11-29 12:09:00,1.69,13137.0,United Kingdom
579400,22616,PACK OF 12 LONDON TISSUES ,432,2011-11-29 12:10:00,0.32,17306.0,United Kingdom
579404,85123A,WHITE HANGING HEART T-LIGHT HOLDER,12,2011-11-29 12:21:00,2.95,14126.0,United Kingdom
579447,85123A,WHITE HANGING HEART T-LIGHT HOLDER,4,2011-11-29 13:46:00,2.95,14390.0,United Kingdom
579456,85123A,WHITE HANGING HEART T-LIGHT HOLDER,1,2011-11-29 14:20:00,2.95,13428.0,United Kingdom
579458,85123A,WHITE HANGING HEART T-LIGHT HOLDER,1,2011-11-29 14:38:00,2.95,16549.0,United Kingdom
579458,85123A,WHITE HANGING HEART T-LIGHT HOLDER,1,2011-11-29 14:38:00,2.95,16549.0,United Kingdom
579458,22616,PACK OF 12 LONDON TISSUES ,2,2011-11-29 14:38:00,0.39,16549.0,United Kingdom
579461,85123A,WHITE HANGING HEART T-LIGHT HOLDER,32,2011-11-29 14:42:00,2.55,15615.0,United Kingdom
579468,84879,ASSORTED COLOUR BIRD ORNAMENT,8,2011-11-29 14:58:00,1.69,14711.0,United Kingdom
579470,85123A,WHITE HANGING HEART T-LIGHT HOLDER,6,2011-11-29 15:06:00,2.95,16549.0,United Kingdom
579491,84879,ASSORTED COLOUR BIRD ORNAMENT,8,2011-11-29 15:23:00,1.69,14723.0,United Kingdom
579491,85123A,WHITE HANGING HEART T-LIGHT HOLDER,1,2011-11-29 15:23:00,2.95,14723.0,United Kingdom
579499,84879,ASSORTED COLOUR BIRD ORNAMENT,8,2011-11-29 15:59:00,1.69,17682.0,United Kingdom
579499,85123A,WHITE HANGING HEART T-LIGHT HOLDER,12,2011-11-29 15:59:00,2.95,17682.0,United Kingdom
579508,22616,PACK OF 12 LONDON TISSUES ,1,2011-11-29 16:33:00,0.83,,United Kingdom
579508,84879,ASSORTED COLOUR BIRD ORNAMENT,8,2011-11-29 16:33:00,3.12,,United Kingdom
579508,85123A,WHITE HANGING HEART T-LIGHT HOLDER,3,2011-11-29 16:33:00,5.79,,United Kingdom
579508,21212,PACK OF 72 RETROSPOT CAKE CASES,2,2011-11-29 16:33:00,1.25,,United Kingdom
579510,84879,ASSORTED COLOUR BIRD ORNAMENT,24,2011-11-29 16:44:00,1.69,14554.0,United Kingdom
579512,21212,PACK OF 72 RETROSPOT CAKE CASES,2,2011-11-29 16:47:00,1.25,,United Kingdom
579512,22616,PACK OF 12 LONDON TISSUES ,1,2011-11-29 16:47:00,0.83,,United Kingdom
579512,85123A,WHITE HANGING HEART T-LIGHT HOLDER,2,2011-11-29 16:47:00,5.79,,United Kingdom
579517,22616,PACK OF 12 LONDON TISSUES ,3,2011-11-29 18:02:00,0.39,12748.0,United Kingdom
579522,84879,ASSORTED COLOUR BIRD ORNAMENT,8,2011-11-30 08:04:00,1.69,14432.0,United Kingdom
579522,22616,PACK OF 12 LONDON TISSUES ,24,2011-11-30 08:04:00,0.39,14432.0,United Kingdom
579525,85123A,WHITE HANGING HEART T-LIGHT HOLDER,96,2011-11-30 08:23:00,2.55,15113.0,United Kingdom
579526,85123A,WHITE HANGING HEART T-LIGHT HOLDER,32,2011-11-30 08:38:00,2.55,18058.0,United Kingdom
579533,85123A,WHITE HANGING HEART T-LIGHT HOLDER,12,2011-11-30 09:24:00,2.95,12953.0,United Kingdom
579550,85123A,WHITE HANGING HEART T-LIGHT HOLDER,12,2011-11-30 10:48:00,2.95,12630.0,Finland
579552,85123A,WHITE HANGING HEART T-LIGHT HOLDER,64,2011-11-30 10:54:00,2.55,16210.0,United Kingdom
579553,85123A,WHITE HANGING HEART T-LIGHT HOLDER,64,2011-11-30 10:54:00,2.55,14156.0,EIRE
579555,21212,PACK OF 72 RETROSPOT CAKE CASES,1,2011-11-30 11:08:00,0.55,16241.0,United Kingdom
579555,85123A,WHITE HANGING HEART T-LIGHT HOLDER,3,2011-11-30 11:08:00,2.95,16241.0,United Kingdom
579557,21212,PACK OF 72 RETROSPOT CAKE CASES,16,2011-11-30 11:18:00,2.08,,United Kingdom
579558,85123A,WHITE HANGING HEART T-LIGHT HOLDER,12,2011-11-30 11:24:00,2.95,14755.0,United Kingdom
579558,21212,PACK OF 72 RETROSPOT CAKE CASES,48,2011-11-30 11:24:00,0.55,14755.0,United Kingdom
579559,85123A,WHITE HANGING HEART T-LIGHT HOLDER,3,2011-11-30 11:30:00,2.95,16764.0,United Kingdom
579561,21212,PACK OF 72 RETROSPOT CAKE CASES,6,2011-11-30 11:32:00,0.55,16115.0,United Kingdom
579571,22616,PACK OF 12 LONDON TISSUES ,12,2011-11-30 11:48:00,0.39,16657.0,United Kingdom
579600,21212,PACK OF 72 RETROSPOT CAKE CASES,24,2011-11-30 12:00:00,0.55,13647.0,United Kingdom
579605,84879,ASSORTED COLOUR BIRD ORNAMENT,8,2011-11-30 12:01:00,1.69,15024.0,United Kingdom
579634,21212,PACK OF 72 RETROSPOT CAKE CASES,24,2011-11-30 12:18:00,0.55,12598.0,France
579672,21212,PACK OF 72 RETROSPOT CAKE CASES,120,2011-11-30 12:41:00,0.42,14005.0,United Kingdom
579685,84879,ASSORTED COLOUR BIRD ORNAMENT,16,2011-11-30 13:46:00,1.69,15680.0,United Kingdom
579687,85123A,WHITE HANGING HEART T-LIGHT HOLDER,12,2011-11-30 13:50:00,2.95,14448.0,United Kingdom
579690,22616,PACK OF 12 LONDON TISSUES ,2,2011-11-30 14:03:00,0.39,15060.0,United Kingdom
579711,22616,PACK OF 12 LONDON TISSUES ,6,2011-11-30 14:17:00,0.39,15060.0,United Kingdom
579754,84879,ASSORTED COLOUR BIRD ORNAMENT,16,2011-11-30 14:52:00,1.69,17911.0,United Kingdom
579777,21212,PACK OF 72 RETROSPOT CAKE CASES,2,2011-11-30 15:13:00,1.25,,United Kingdom
579777,22616,PACK OF 12 LONDON TISSUES ,7,2011-11-30 15:13:00,0.83,,United Kingdom
579843,84879,ASSORTED COLOUR BIRD ORNAMENT,48,2011-11-30 16:21:00,1.69,12921.0,United Kingdom
579885,84879,ASSORTED COLOUR BIRD ORNAMENT,16,2011-11-30 17:37:00,1.69,15444.0,United Kingdom
579885,85123A,WHITE HANGING HEART T-LIGHT HOLDER,1,2011-11-30 17:37:00,2.95,15444.0,United Kingdom
579900,84879,ASSORTED COLOUR BIRD ORNAMENT,8,2011-12-01 08:34:00,1.69,15951.0,United Kingdom
579910,21212,PACK OF 72 RETROSPOT CAKE CASES,24,2011-12-01 08:52:00,0.55,14911.0,EIRE
579922,84879,ASSORTED COLOUR BIRD ORNAMENT,24,2011-12-01 09:06:00,1.69,13854.0,United Kingdom
579938,84879,ASSORTED COLOUR BIRD ORNAMENT,8,2011-12-01 10:18:00,1.69,14146.0,United Kingdom
579942,85123A,WHITE HANGING HEART T-LIGHT HOLDER,6,2011-12-01 10:33:00,2.95,16145.0,United Kingdom
579943,84879,ASSORTED COLOUR BIRD ORNAMENT,8,2011-12-01 10:38:00,1.69,13040.0,United Kingdom
579946,84879,ASSORTED COLOUR BIRD ORNAMENT,8,2011-12-01 10:44:00,1.69,15993.0,United Kingdom
579949,84879,ASSORTED COLOUR BIRD ORNAMENT,16,2011-12-01 11:00:00,1.69,16700.0,United Kingdom
580025,85123A,WHITE HANGING HEART T-LIGHT HOLDER,3,2011-12-01 11:53:00,2.95,15021.0,United Kingdom
580050,22616,PACK OF 12 LONDON TISSUES ,1,2011-12-01 12:54:00,0.39,14960.0,United Kingdom
580050,22616,PACK OF 12 LONDON TISSUES ,5,2011-12-01 12:54:00,0.39,14960.0,United Kingdom
580050,22616,PACK OF 12 LONDON TISSUES ,4,2011-12-01 12:54:00,0.39,14960.0,United Kingdom
580054,85123A,WHITE HANGING HEART T-LIGHT HOLDER,4,2011-12-01 13:08:00,2.95,18122.0,United Kingdom
580062,85123A,WHITE HANGING HEART T-LIGHT HOLDER,2,2011-12-01 13:28:00,2.95,15862.0,United Kingdom
580097,85123A,WHITE HANGING HEART T-LIGHT HOLDER,6,2011-12-01 14:58:00,2.95,14216.0,United Kingdom
580103,85123A,WHITE HANGING HEART T-LIGHT HOLDER,8,2011-12-01 15:12:00,2.95,16242.0,United Kingdom
580114,84879,ASSORTED COLOUR BIRD ORNAMENT,16,2011-12-01 16:05:00,1.69,14299.0,United Kingdom
580115,21212,PACK OF 72 RETROSPOT CAKE CASES,5,2011-12-01 16:22:00,1.25,,United Kingdom
580115,85123A,WHITE HANGING HEART T-LIGHT HOLDER,1,2011-12-01 16:22:00,5.79,,United Kingdom
580119,22616,PACK OF 12 LONDON TISSUES ,12,2011-12-01 16:37:00,0.39,17920.0,United Kingdom
580128,85123A,WHITE HANGING HEART T-LIGHT HOLDER,4,2011-12-01 17:56:00,2.95,17576.0,United Kingdom
580136,85123A,WHITE HANGING HEART T-LIGHT HOLDER,6,2011-12-01 19:42:00,2.95,17841.0,United Kingdom
580137,85123A,WHITE HANGING HEART T-LIGHT HOLDER,1,2011-12-01 19:54:00,2.95,17566.0,United Kingdom
580146,21212,PACK OF 72 RETROSPOT CAKE CASES,41,2011-12-02 10:07:00,2.08,,United Kingdom
580153,21212,PACK OF 72 RETROSPOT CAKE CASES,24,2011-12-02 10:23:00,0.55,12762.0,Portugal
580162,85123A,WHITE HANGING HEART T-LIGHT HOLDER,3,2011-12-02 10:52:00,2.95,12856.0,United Kingdom
580167,84879,ASSORTED COLOUR BIRD ORNAMENT,40,2011-12-02 11:28:00,1.69,17386.0,United Kingdom
580213,84879,ASSORTED COLOUR BIRD ORNAMENT,8,2011-12-02 12:08:00,1.69,17495.0,United Kingdom
580221,21212,PACK OF 72 RETROSPOT CAKE CASES,24,2011-12-02 12:13:00,0.55,14092.0,United Kingdom
580259,84879,ASSORTED COLOUR BIRD ORNAMENT,32,2011-12-02 12:32:00,1.69,13705.0,United Kingdom
580260,22616,PACK OF 12 LONDON TISSUES ,12,2011-12-02 12:36:00,0.39,14085.0,United Kingdom
580260,85123A,WHITE HANGING HEART T-LIGHT HOLDER,3,2011-12-02 12:36:00,2.95,14085.0,United Kingdom
580264,84879,ASSORTED COLOUR BIRD ORNAMENT,160,2011-12-02 12:46:00,1.45,18144.0,United Kingdom
580279,22616,PACK OF 12 LONDON TISSUES ,24,2011-12-02 13:12:00,0.39,15123.0,United Kingdom
580279,84879,ASSORTED COLOUR BIRD ORNAMENT,48,2011-12-02 13:12:00,1.69,15123.0,United Kingdom
580287,85123A,WHITE HANGING HEART T-LIGHT HOLDER,2,2011-12-02 13:28:00,2.95,14594.0,United Kingdom
580292,85123A,WHITE HANGING HEART T-LIGHT HOLDER,64,2011-12-02 13:37:00,2.55,15856.0,United Kingdom
580304,84879,ASSORTED COLOUR BIRD ORNAMENT,40,2011-12-02 14:25:00,1.69,18055.0,United Kingdom
580316,21212,PACK OF 72 RETROSPOT CAKE CASES,2,2011-12-02 15:25:00,0.55,18109.0,United Kingdom
580317,84879,ASSORTED COLOUR BIRD ORNAMENT,8,2011-12-02 15:29:00,1.69,13458.0,United Kingdom
580317,85123A,WHITE HANGING HEART T-LIGHT HOLDER,6,2011-12-02 15:29:00,2.95,13458.0,United Kingdom
580320,21212,PACK OF 72 RETROSPOT CAKE CASES,24,2011-12-02 15:40:00,0.55,15078.0,United Kingdom
580322,84879,ASSORTED COLOUR BIRD ORNAMENT,160,2011-12-02 15:48:00,1.45,17567.0,United Kingdom
580357,85123A,WHITE HANGING HEART T-LIGHT HOLDER,32,2011-12-02 16:07:00,2.55,15856.0,United Kingdom
580362,85123A,WHITE HANGING HEART T-LIGHT HOLDER,6,2011-12-02 16:30:00,2.95,13884.0,United Kingdom
580366,84879,ASSORTED COLOUR BIRD ORNAMENT,8,2011-12-02 16:38:00,1.69,,United Kingdom
580367,21212,PACK OF 72 RETROSPOT CAKE CASES,1,2011-12-02 16:39:00,1.25,,United Kingdom
580367,85123A,WHITE HANGING HEART T-LIGHT HOLDER,1,2011-12-02 16:39:00,5.79,,United Kingdom
580384,84879,ASSORTED COLOUR BIRD ORNAMENT,40,2011-12-04 10:10:00,1.69,17243.0,United Kingdom
580393,85123A,WHITE HANGING HEART T-LIGHT HOLDER,1,2011-12-04 10:51:00,2.95,16438.0,United Kingdom
580501,85123A,WHITE HANGING HEART T-LIGHT HOLDER,4,2011-12-04 13:00:00,2.95,14546.0,United Kingdom
580504,84879,ASSORTED COLOUR BIRD ORNAMENT,2,2011-12-04 13:32:00,1.69,17936.0,United Kingdom
580505,84879,ASSORTED COLOUR BIRD ORNAMENT,16,2011-12-04 13:32:00,1.69,15867.0,United Kingdom
580511,21212,PACK OF 72 RETROSPOT CAKE CASES,24,2011-12-04 13:54:00,0.55,12560.0,Germany
580513,85123A,WHITE HANGING HEART T-LIGHT HOLDER,1,2011-12-04 13:59:00,2.95,14456.0,United Kingdom
580514,84879,ASSORTED COLOUR BIRD ORNAMENT,8,2011-12-04 14:01:00,1.69,16905.0,United Kingdom
580519,21212,PACK OF 72 RETROSPOT CAKE CASES,23,2011-12-04 14:51:00,2.08,,United Kingdom
580519,21212,PACK OF 72 RETROSPOT CAKE CASES,1,2011-12-04 14:51:00,5.0,,United Kingdom
580523,85123A,WHITE HANGING HEART T-LIGHT HOLDER,2,2011-12-04 15:00:00,2.95,17827.0,United Kingdom
580555,85123A,WHITE HANGING HEART T-LIGHT HOLDER,64,2011-12-05 10:18:00,2.55,14911.0,EIRE
580611,85123A,WHITE HANGING HEART T-LIGHT HOLDER,1,2011-12-05 11:49:00,2.95,12748.0,United Kingdom
580615,22616,PACK OF 12 LONDON TISSUES ,48,2011-12-05 12:05:00,0.39,16873.0,United Kingdom
580632,21212,PACK OF 72 RETROSPOT CAKE CASES,1,2011-12-05 12:16:00,0.55,16360.0,United Kingdom
580632,21212,PACK OF 72 RETROSPOT CAKE CASES,3,2011-12-05 12:16:00,0.55,16360.0,United Kingdom
580632,85123A,WHITE HANGING HEART T-LIGHT HOLDER,7,2011-12-05 12:16:00,2.95,16360.0,United Kingdom
580635,84879,ASSORTED COLOUR BIRD ORNAMENT,4,2011-12-05 12:30:00,1.69,14649.0,United Kingdom
580635,85123A,WHITE HANGING HEART T-LIGHT HOLDER,1,2011-12-05 12:30:00,2.95,14649.0,United Kingdom
580635,85123A,WHITE HANGING HEART T-LIGHT HOLDER,3,2011-12-05 12:30:00,2.95,14649.0,United Kingdom
580638,21212,PACK OF 72 RETROSPOT CAKE CASES,24,2011-12-05 12:44:00,0.55,12381.0,Norway
580640,21212,PACK OF 72 RETROSPOT CAKE CASES,1,2011-12-05 12:51:00,0.55,16910.0,United Kingdom
580643,85123A,WHITE HANGING HEART T-LIGHT HOLDER,6,2011-12-05 12:59:00,2.95,14547.0,United Kingdom
580650,22616,PACK OF 12 LONDON TISSUES ,24,2011-12-05 13:30:00,0.39,14401.0,United Kingdom
580653,85123A,WHITE HANGING HEART T-LIGHT HOLDER,12,2011-12-05 13:34:00,2.95,17706.0,United Kingdom
580654,84879,ASSORTED COLOUR BIRD ORNAMENT,1,2011-12-05 13:37:00,1.69,15854.0,United Kingdom
580662,85123A,WHITE HANGING HEART T-LIGHT HOLDER,160,2011-12-05 13:58:00,2.55,15856.0,United Kingdom
580665,22616,PACK OF 12 LONDON TISSUES ,432,2011-12-05 14:06:00,0.32,16684.0,United Kingdom
580667,22616,PACK OF 12 LONDON TISSUES ,1,2011-12-05 14:19:00,0.39,15031.0,United Kingdom
580669,84879,ASSORTED COLOUR BIRD ORNAMENT,16,2011-12-05 14:25:00,1.69,15159.0,United Kingdom
580673,84879,ASSORTED COLOUR BIRD ORNAMENT,48,2011-12-05 14:30:00,1.69,13089.0,United Kingdom
580677,21212,PACK OF 72 RETROSPOT CAKE CASES,1,2011-12-05 14:40:00,0.55,16200.0,United Kingdom
580677,84879,ASSORTED COLOUR BIRD ORNAMENT,16,2011-12-05 14:40:00,1.69,16200.0,United Kingdom
580687,84879,ASSORTED COLOUR BIRD ORNAMENT,24,2011-12-05 15:38:00,1.69,16379.0,United Kingdom
580692,85123A,WHITE HANGING HEART T-LIGHT HOLDER,4,2011-12-05 15:51:00,2.95,13173.0,United Kingdom
580695,85123A,WHITE HANGING HEART T-LIGHT HOLDER,4,2011-12-05 16:03:00,2.95,13230.0,United Kingdom
580725,85123A,WHITE HANGING HEART T-LIGHT HOLDER,32,2011-12-05 17:13:00,2.55,15932.0,United Kingdom
580727,21212,PACK OF 72 RETROSPOT CAKE CASES,7,2011-12-05 17:17:00,1.25,14096.0,United Kingdom
580727,85123A,WHITE HANGING HEART T-LIGHT HOLDER,1,2011-12-05 17:17:00,5.79,14096.0,United Kingdom
580729,21212,PACK OF 72 RETROSPOT CAKE CASES,3,2011-12-05 17:24:00,1.25,,United Kingdom
580729,22616,PACK OF 12 LONDON TISSUES ,1,2011-12-05 17:24:00,0.83,,United Kingdom
580729,84879,ASSORTED COLOUR BIRD ORNAMENT,8,2011-12-05 17:24:00,3.12,,United Kingdom
580729,85123A,WHITE HANGING HEART T-LIGHT HOLDER,2,2011-12-05 17:24:00,5.79,,United Kingdom
580730,21212,PACK OF 72 RETROSPOT CAKE CASES,2,2011-12-05 17:28:00,1.25,,United Kingdom
580730,22616,PACK OF 12 LONDON TISSUES ,1,2011-12-05 17:28:00,0.83,,United Kingdom
580730,84879,ASSORTED COLOUR BIRD ORNAMENT,16,2011-12-05 17:28:00,3.12,,United Kingdom
580730,85123A,WHITE HANGING HEART T-LIGHT HOLDER,1,2011-12-05 17:28:00,5.79,,United Kingdom
580746,85123A,WHITE HANGING HEART T-LIGHT HOLDER,18,2011-12-06 09:35:00,2.95,12584.0,Italy
580753,21212,PACK OF 72 RETROSPOT CAKE CASES,24,2011-12-06 10:00:00,0.55,12682.0,France
580754,21212,PACK OF 72 RETROSPOT CAKE CASES,33,2011-12-06 10:05:00,2.08,,United Kingdom
580772,84879,ASSORTED COLOUR BIRD ORNAMENT,8,2011-12-06 11:00:00,1.69,15992.0,United Kingdom
580830,84879,ASSORTED COLOUR BIRD ORNAMENT,8,2011-12-06 11:38:00,1.69,14825.0,United Kingdom
580831,21212,PACK OF 72 RETROSPOT CAKE CASES,24,2011-12-06 11:39:00,0.55,14418.0,United Kingdom
580833,85123A,WHITE HANGING HEART T-LIGHT HOLDER,9,2011-12-06 11:41:00,2.95,16764.0,United Kingdom
580872,22616,PACK OF 12 LONDON TISSUES ,2,2011-12-06 12:02:00,0.39,18283.0,United Kingdom
580879,84879,ASSORTED COLOUR BIRD ORNAMENT,8,2011-12-06 12:18:00,1.69,17346.0,United Kingdom
580879,21212,PACK OF 72 RETROSPOT CAKE CASES,1,2011-12-06 12:18:00,0.55,17346.0,United Kingdom
580907,85123A,WHITE HANGING HEART T-LIGHT HOLDER,6,2011-12-06 13:13:00,2.95,13507.0,United Kingdom
580939,85123A,WHITE HANGING HEART T-LIGHT HOLDER,6,2011-12-06 14:14:00,2.95,14907.0,United Kingdom
580939,84879,ASSORTED COLOUR BIRD ORNAMENT,8,2011-12-06 14:14:00,1.69,14907.0,United Kingdom
580960,84879,ASSORTED COLOUR BIRD ORNAMENT,8,2011-12-06 14:35:00,1.69,16016.0,United Kingdom
580978,84879,ASSORTED COLOUR BIRD ORNAMENT,160,2011-12-06 15:36:00,1.45,13078.0,United Kingdom
580981,84879,ASSORTED COLOUR BIRD ORNAMENT,32,2011-12-06 16:02:00,1.69,16201.0,United Kingdom
580983,21212,PACK OF 72 RETROSPOT CAKE CASES,8,2011-12-06 16:26:00,1.25,,United Kingdom
580983,22616,PACK OF 12 LONDON TISSUES ,1,2011-12-06 16:26:00,0.83,,United Kingdom
580988,84879,ASSORTED COLOUR BIRD ORNAMENT,8,2011-12-06 16:41:00,1.69,18154.0,United Kingdom
581002,84879,ASSORTED COLOUR BIRD ORNAMENT,16,2011-12-07 08:21:00,1.69,14708.0,United Kingdom
581006,85123A,WHITE HANGING HEART T-LIGHT HOLDER,24,2011-12-07 08:45:00,2.95,14911.0,EIRE
581006,21212,PACK OF 72 RETROSPOT CAKE CASES,24,2011-12-07 08:45:00,0.55,14911.0,EIRE
581014,85123A,WHITE HANGING HEART T-LIGHT HOLDER,6,2011-12-07 09:34:00,2.95,16458.0,United Kingdom
581015,84879,ASSORTED COLOUR BIRD ORNAMENT,24,2011-12-07 09:35:00,1.69,13949.0,United Kingdom
581020,84879,ASSORTED COLOUR BIRD ORNAMENT,160,2011-12-07 10:12:00,1.45,17511.0,United Kingdom
581020,85123A,WHITE HANGING HEART T-LIGHT HOLDER,64,2011-12-07 10:12:00,2.55,17511.0,United Kingdom
581074,22616,PACK OF 12 LONDON TISSUES ,12,2011-12-07 11:27:00,0.39,15568.0,United Kingdom
581099,84879,ASSORTED COLOUR BIRD ORNAMENT,8,2011-12-07 11:43:00,1.69,18219.0,United Kingdom
581112,22616,PACK OF 12 LONDON TISSUES ,24,2011-12-07 12:17:00,0.39,16678.0,United Kingdom
581125,22616,PACK OF 12 LONDON TISSUES ,1,2011-12-07 12:41:00,0.39,14087.0,United Kingdom
581129,85123A,WHITE HANGING HEART T-LIGHT HOLDER,18,2011-12-07 12:48:00,2.95,15498.0,United Kingdom
581129,84879,ASSORTED COLOUR BIRD ORNAMENT,8,2011-12-07 12:48:00,1.69,15498.0,United Kingdom
581132,85123A,WHITE HANGING HEART T-LIGHT HOLDER,8,2011-12-07 12:55:00,2.95,17590.0,United Kingdom
581132,84879,ASSORTED COLOUR BIRD ORNAMENT,8,2011-12-07 12:55:00,1.69,17590.0,United Kingdom
581139,85123A,WHITE HANGING HEART T-LIGHT HOLDER,32,2011-12-07 13:21:00,2.55,13798.0,United Kingdom
581146,85123A,WHITE HANGING HEART T-LIGHT HOLDER,3,2011-12-07 13:53:00,2.95,17602.0,United Kingdom
581146,22616,PACK OF 12 LONDON TISSUES ,12,2011-12-07 13:53:00,0.39,17602.0,United Kingdom
581146,21212,PACK OF 72 RETROSPOT CAKE CASES,24,2011-12-07 13:53:00,0.55,17602.0,United Kingdom
581149,85123A,WHITE HANGING HEART T-LIGHT HOLDER,32,2011-12-07 14:12:00,2.55,15471.0,United Kingdom
581149,21212,PACK OF 72 RETROSPOT CAKE CASES,1,2011-12-07 14:12:00,0.55,15471.0,United Kingdom
581163,85123A,WHITE HANGING HEART T-LIGHT HOLDER,6,2011-12-07 14:34:00,2.95,12747.0,United Kingdom
581166,21212,PACK OF 72 RETROSPOT CAKE CASES,1,2011-12-07 14:43:00,0.55,15525.0,United Kingdom
581170,84879,ASSORTED COLOUR BIRD ORNAMENT,32,2011-12-07 15:00:00,1.69,13767.0,United Kingdom
581173,22616,PACK OF 12 LONDON TISSUES ,2,2011-12-07 15:07:00,0.39,17870.0,United Kingdom
581174,85123A,WHITE HANGING HEART T-LIGHT HOLDER,6,2011-12-07 15:08:00,2.95,13769.0,United Kingdom
581193,85123A,WHITE HANGING HEART T-LIGHT HOLDER,1,2011-12-07 17:05:00,2.95,17097.0,Spain
581196,21212,PACK OF 72 RETROSPOT CAKE CASES,24,2011-12-07 17:25:00,0.55,12935.0,United Kingdom
581217,21212,PACK OF 72 RETROSPOT CAKE CASES,3,2011-12-08 09:20:00,1.25,,United Kingdom
581217,84879,ASSORTED COLOUR BIRD ORNAMENT,8,2011-12-08 09:20:00,3.12,,United Kingdom
581217,85123A,WHITE HANGING HEART T-LIGHT HOLDER,1,2011-12-08 09:20:00,5.79,,United Kingdom
581219,21212,PACK OF 72 RETROSPOT CAKE CASES,4,2011-12-08 09:28:00,1.25,,United Kingdom
581219,85123A,WHITE HANGING HEART T-LIGHT HOLDER,3,2011-12-08 09:28:00,5.79,,United Kingdom
581246,85123A,WHITE HANGING HEART T-LIGHT HOLDER,1,2011-12-08 10:59:00,2.95,15453.0,United Kingdom
581253,85123A,WHITE HANGING HEART T-LIGHT HOLDER,2,2011-12-08 11:15:00,2.95,16891.0,United Kingdom
581256,21212,PACK OF 72 RETROSPOT CAKE CASES,40,2011-12-08 11:21:00,2.08,,United Kingdom
581256,21212,PACK OF 72 RETROSPOT CAKE CASES,1,2011-12-08 11:21:00,5.0,,United Kingdom
581310,22616,PACK OF 12 LONDON TISSUES ,1,2011-12-08 11:43:00,0.39,16442.0,United Kingdom
581334,85123A,CREAM HANGING HEART T-LIGHT HOLDER,4,2011-12-08 12:07:00,2.95,17841.0,United Kingdom
581356,85123A,WHITE HANGING HEART T-LIGHT HOLDER,6,2011-12-08 12:28:00,2.95,17830.0,United Kingdom
581395,85123A,CREAM HANGING HEART T-LIGHT HOLDER,6,2011-12-08 13:18:00,2.95,16892.0,United Kingdom
581402,85123A,CREAM HANGING HEART T-LIGHT HOLDER,6,2011-12-08 13:45:00,2.95,14653.0,United Kingdom
581404,85123A,CREAM HANGING HEART T-LIGHT HOLDER,4,2011-12-08 13:47:00,2.95,13680.0,United Kingdom
581405,84879,ASSORTED COLOUR BIRD ORNAMENT,3,2011-12-08 13:50:00,1.69,13521.0,United Kingdom
581412,85123A,CREAM HANGING HEART T-LIGHT HOLDER,4,2011-12-08 14:38:00,2.95,14415.0,United Kingdom
581425,21212,PACK OF 72 RETROSPOT CAKE CASES,2,2011-12-08 15:31:00,0.55,14796.0,United Kingdom
581432,85123A,CREAM HANGING HEART T-LIGHT HOLDER,32,2011-12-08 15:51:00,2.55,13798.0,United Kingdom
581439,85123A,CREAM HANGING HEART T-LIGHT HOLDER,1,2011-12-08 16:30:00,5.79,,United Kingdom
581439,21212,PACK OF 72 RETROSPOT CAKE CASES,1,2011-12-08 16:30:00,1.25,,United Kingdom
581439,22616,PACK OF 12 LONDON TISSUES ,2,2011-12-08 16:30:00,0.83,,United Kingdom
581452,85123A,WHITE HANGING HEART T-LIGHT HOLDER,32,2011-12-08 18:03:00,2.55,17675.0,United Kingdom
581472,85123A,WHITE HANGING HEART T-LIGHT HOLDER,6,2011-12-08 19:55:00,2.95,15796.0,United Kingdom
581492,84879,ASSORTED COLOUR BIRD ORNAMENT,16,2011-12-09 10:03:00,3.12,,United Kingdom
581492,21212,PACK OF 72 RETROSPOT CAKE CASES,2,2011-12-09 10:03:00,1.25,,United Kingdom
581492,85123A,CREAM HANGING HEART T-LIGHT HOLDER,3,2011-12-09 10:03:00,5.79,,United Kingdom
581492,22616,PACK OF 12 LONDON TISSUES ,1,2011-12-09 10:03:00,0.83,,United Kingdom
581497,21212,PACK OF 72 RETROSPOT CAKE CASES,7,2011-12-09 10:23:00,2.08,,United Kingdom
581538,85123A,CREAM HANGING HEART T-LIGHT HOLDER,1,2011-12-09 11:34:00,2.95,14446.0,United Kingdom
581585,84879,ASSORTED COLOUR BIRD ORNAMENT,16,2011-12-09 12:31:00,1.69,15804.0,United Kingdom
